LAD23CD,2026_housing_price,2026_housing_price_ci_lower,2026_housing_price_ci_upper,2026_housing_price_feature_importance,2027_housing_price,2027_housing_price_ci_lower,2027_housing_price_ci_upper,2027_housing_price_feature_importance,2028_housing_price,2028_housing_price_ci_lower,2028_housing_price_ci_upper,2028_housing_price_feature_importance,2029_housing_price,2029_housing_price_ci_lower,2029_housing_price_ci_upper,2029_housing_price_feature_importance,2030_housing_price,2030_housing_price_ci_lower,2030_housing_price_ci_upper,2030_housing_price_feature_importance,2025_affordability_ratio,2025_affordability_ratio_ci_lower,2025_affordability_ratio_ci_upper,2025_affordability_ratio_feature_importance,2026_affordability_ratio,2026_affordability_ratio_ci_lower,2026_affordability_ratio_ci_upper,2026_affordability_ratio_feature_importance,2027_affordability_ratio,2027_affordability_ratio_ci_lower,2027_affordability_ratio_ci_upper,2027_affordability_ratio_feature_importance,2028_affordability_ratio,2028_affordability_ratio_ci_lower,2028_affordability_ratio_ci_upper,2028_affordability_ratio_feature_importance,2029_affordability_ratio,2029_affordability_ratio_ci_lower,2029_affordability_ratio_ci_upper,2029_affordability_ratio_feature_importance,LAD23NM,LAD23NMW,ObjectId
E06000001,135588.4,121079.3,150097.4,"{""net_additional_dwellings"": 10402.90625, ""job_density"": -500.67694091796875, ""population"": -391.3203430175781}",136929.6,112921.6,160937.7,"{""net_additional_dwellings"": 14675.5673828125, ""job_density"": 3554.44189453125, ""population"": -2693.694091796875}",144454.5,114714.1,174194.9,"{""net_additional_dwellings"": 28361.9296875, ""job_density"": 20018.080078125, ""population"": -9190.283203125}",150456,113616.7,187295.2,"{""net_additional_dwellings"": 2613.819580078125, ""job_density"": 3421.80078125, ""population"": -1749.4613037109375}",157432.8,127729.4,187136.3,"{""net_additional_dwellings"": 176.69940185546875, ""job_density"": 4690.77978515625, ""population"": -3479.103271484375}",6,5.2,6.7,"{""net_additional_dwellings"": -0.06045852601528168, ""job_density"": -0.906287431716919, ""population"": 0.09034942090511322}",5.8,5,6.7,"{""net_additional_dwellings"": 0.9875991344451904, ""job_density"": 0.2675933539867401, ""population"": -0.11517658084630966}",5.6,4.6,6.7,"{""net_additional_dwellings"": 1.5962932109832764, ""job_density"": 0.799332320690155, ""population"": -0.27464818954467773}",6.1,4.8,7.4,"{""net_additional_dwellings"": -0.1562277376651764, ""job_density"": -0.2069452553987503, ""population"": -0.39944523572921753}",6,4.6,7.4,"{""net_additional_dwellings"": -0.07634072005748749, ""job_density"": -0.019181251525878906, ""population"": -0.21977770328521729}",Hartlepool,,1
E06000002,136599.1,121982,151216.3,"{""net_additional_dwellings"": -557.8833618164062, ""job_density"": 1975.8226318359375, ""population"": 686.2984008789062}",142847.8,117802.1,167893.6,"{""net_additional_dwellings"": 3582.525146484375, ""job_density"": 1433.580078125, ""population"": 1111.04833984375}",149863.7,119009.7,180717.8,"{""net_additional_dwellings"": -3777.402587890625, ""job_density"": 9098.7392578125, ""population"": 1647.828125}",167845.5,126748.4,208942.6,"{""net_additional_dwellings"": -2995.94775390625, ""job_density"": -1889.567626953125, ""population"": -271.36346435546875}",171821,139403,204239.1,"{""net_additional_dwellings"": -3410.772216796875, ""job_density"": 2060.814453125, ""population"": 184.646728515625}",5.5,4.8,6.2,"{""net_additional_dwellings"": -0.5388022661209106, ""job_density"": -0.3518185615539551, ""population"": -0.0966552197933197}",5.6,4.8,6.4,"{""net_additional_dwellings"": -0.4035055339336395, ""job_density"": 0.19147354364395142, ""population"": -0.11691677570343018}",5.6,4.6,6.7,"{""net_additional_dwellings"": -1.187119722366333, ""job_density"": -0.4950418770313263, ""population"": -0.07776197046041489}",5.9,4.6,7.2,"{""net_additional_dwellings"": -1.2323381900787354, ""job_density"": -0.8618370294570923, ""population"": 0.13141700625419617}",5.7,4.4,7.1,"{""net_additional_dwellings"": 0.34465426206588745, ""job_density"": -0.3859798014163971, ""population"": 0.5852912068367004}",Middlesbrough,,2
E06000003,149179.6,133216.2,165143,"{""net_additional_dwellings"": 8364.775390625, ""job_density"": -2241.213623046875, ""population"": 670.437255859375}",159116.9,131218.7,187015.1,"{""net_additional_dwellings"": 9510.287109375, ""job_density"": 5665.4423828125, ""population"": 1868.2740478515625}",159055.8,126309.3,191802.2,"{""net_additional_dwellings"": 13208.9052734375, ""job_density"": 21468.123046875, ""population"": 2110.8701171875}",161759.2,122152.3,201366,"{""net_additional_dwellings"": -1851.221923828125, ""job_density"": 3882.600341796875, ""population"": -782.7869873046875}",158165.4,128323.8,188007,"{""net_additional_dwellings"": 2963.24462890625, ""job_density"": 5003.3310546875, ""population"": -101.1751708984375}",6.3,5.5,7.1,"{""net_additional_dwellings"": -0.0961177721619606, ""job_density"": -0.9448040723800659, ""population"": 0.09978240728378296}",6.3,5.4,7.3,"{""net_additional_dwellings"": -0.05474501848220825, ""job_density"": 0.6690803170204163, ""population"": -0.038568973541259766}",6.5,5.3,7.8,"{""net_additional_dwellings"": -0.2287009060382843, ""job_density"": 1.1204030513763428, ""population"": -0.08899331837892532}",6.3,5,7.7,"{""net_additional_dwellings"": 0.07750695943832397, ""job_density"": -0.026080310344696045, ""population"": 0.3885994851589203}",5.9,4.6,7.3,"{""net_additional_dwellings"": -0.5033057928085327, ""job_density"": 0.39761626720428467, ""population"": 0.4877462387084961}",Redcar and Cleveland,,3
E06000004,168274.3,150267.6,186281,"{""net_additional_dwellings"": -3162.81005859375, ""job_density"": 2370.53173828125, ""population"": 763.5291748046875}",176053.5,145185.8,206921.3,"{""net_additional_dwellings"": -2081.052734375, ""job_density"": -2120.3466796875, ""population"": 2311.78125}",175301.1,139210,211392.2,"{""net_additional_dwellings"": 3193.415771484375, ""job_density"": -4505.048828125, ""population"": 4270.30859375}",190294.5,143700.8,236888.3,"{""net_additional_dwellings"": 1515.156982421875, ""job_density"": -2214.3818359375, ""population"": 1509.8443603515625}",194030.5,157422,230638.9,"{""net_additional_dwellings"": -4269.2578125, ""job_density"": 1687.9208984375, ""population"": 3318.748291015625}",6.2,5.4,7,"{""net_additional_dwellings"": -1.06650710105896, ""job_density"": -0.569175124168396, ""population"": 0.08766836673021317}",6.6,5.7,7.6,"{""net_additional_dwellings"": -0.7326960563659668, ""job_density"": 0.06094717979431152, ""population"": 0.2204967886209488}",6.4,5.2,7.6,"{""net_additional_dwellings"": -0.9261366128921509, ""job_density"": -0.580604076385498, ""population"": 0.2027614265680313}",6.4,5,7.8,"{""net_additional_dwellings"": -2.26822829246521, ""job_density"": -0.6228477358818054, ""population"": 0.4236479699611664}",6.7,5.2,8.3,"{""net_additional_dwellings"": -1.2237510681152344, ""job_density"": 0.19266492128372192, ""population"": 0.7739081978797913}",Stockton-on-Tees,,4
E06000005,157532.4,140675.2,174389.6,"{""net_additional_dwellings"": 1353.8065185546875, ""job_density"": 1584.4949951171875, ""population"": -182.0101318359375}",164106.6,135333.5,192879.6,"{""net_additional_dwellings"": 4431.74169921875, ""job_density"": -2340.26708984375, ""population"": -1621.1341552734375}",159780.7,126885,192676.5,"{""net_additional_dwellings"": 2904.148193359375, ""job_density"": 4857.4130859375, ""population"": -6495.39892578125}",170252.7,128566.2,211939.2,"{""net_additional_dwellings"": -4930.94677734375, ""job_density"": -786.5823974609375, ""population"": -1363.7391357421875}",173990.9,141163.4,206818.4,"{""net_additional_dwellings"": -1599.10400390625, ""job_density"": -3027.411865234375, ""population"": -1429.17919921875}",6.1,5.3,6.8,"{""net_additional_dwellings"": 0.011172227561473846, ""job_density"": -0.4785621166229248, ""population"": 0.19222122430801392}",6.2,5.3,7.1,"{""net_additional_dwellings"": -0.4525678753852844, ""job_density"": -0.3201904296875, ""population"": 3.426987677812576e-05}",6,4.8,7.2,"{""net_additional_dwellings"": -0.678514838218689, ""job_density"": -0.3944087326526642, ""population"": -0.19392018020153046}",6.4,5.1,7.8,"{""net_additional_dwellings"": -1.0554720163345337, ""job_density"": -0.4133528470993042, ""population"": -0.19676664471626282}",6.2,4.8,7.6,"{""net_additional_dwellings"": -0.21156777441501617, ""job_density"": -0.4537695050239563, ""population"": -0.01587888039648533}",Darlington,,5
E06000006,182316.3,162807,201825.6,"{""net_additional_dwellings"": 8808.5732421875, ""job_density"": -340.4126281738281, ""population"": 1020.121337890625}",179370.5,147921.2,210819.8,"{""net_additional_dwellings"": 11801.4228515625, ""job_density"": -2705.53759765625, ""population"": 162.91558837890625}",183455.4,145685.5,221225.3,"{""net_additional_dwellings"": 37243.20703125, ""job_density"": -3010.68603515625, ""population"": 107.82183837890625}",203383.1,153584.6,253181.6,"{""net_additional_dwellings"": 8564.6162109375, ""job_density"": -1313.4013671875, ""population"": -869.5042724609375}",206222.6,167313.8,245131.3,"{""net_additional_dwellings"": 7095.908203125, ""job_density"": -3543.4404296875, ""population"": -216.75245666503906}",6.2,5.4,7,"{""net_additional_dwellings"": -0.07863378524780273, ""job_density"": -0.8001210689544678, ""population"": 0.21767981350421906}",6.6,5.6,7.5,"{""net_additional_dwellings"": 0.9750293493270874, ""job_density"": -0.6552218794822693, ""population"": 0.026217695325613022}",6.6,5.4,7.9,"{""net_additional_dwellings"": 1.226080298423767, ""job_density"": -0.4785926938056946, ""population"": -0.02354016900062561}",7.1,5.5,8.6,"{""net_additional_dwellings"": -0.29526519775390625, ""job_density"": -0.36604756116867065, ""population"": 0.061901964247226715}",6.7,5.2,8.3,"{""net_additional_dwellings"": 0.12371651828289032, ""job_density"": -0.792280375957489, ""population"": 0.3026546239852905}",Halton,,6
E06000007,265056,236692.9,293419.1,"{""net_additional_dwellings"": -9213.3359375, ""job_density"": 1845.2252197265625, ""population"": 1594.2471923828125}",265647.8,219071.4,312224.2,"{""net_additional_dwellings"": -2065.6318359375, ""job_density"": -4269.583984375, ""population"": 3834.214599609375}",271799.5,215841.3,327757.8,"{""net_additional_dwellings"": -20990.359375, ""job_density"": -11513.689453125, ""population"": 5307.4140625}",275084.7,207730,342439.3,"{""net_additional_dwellings"": -7031.40625, ""job_density"": -543.7445068359375, ""population"": 2667.65576171875}",296197.4,240312.8,352082.1,"{""net_additional_dwellings"": -4951.474609375, ""job_density"": -1985.55517578125, ""population"": 6520.6865234375}",8.2,7.2,9.3,"{""net_additional_dwellings"": -0.5097387433052063, ""job_density"": -0.5127219557762146, ""population"": 0.20356258749961853}",8.4,7.2,9.6,"{""net_additional_dwellings"": -0.39126378297805786, ""job_density"": -0.5983105301856995, ""population"": 0.33556386828422546}",8.6,6.9,10.2,"{""net_additional_dwellings"": -1.4825129508972168, ""job_density"": -0.4590132534503937, ""population"": 0.2871871590614319}",8.9,7,10.9,"{""net_additional_dwellings"": -2.6388025283813477, ""job_density"": -0.7221288681030273, ""population"": 0.421068012714386}",9.2,7.1,11.3,"{""net_additional_dwellings"": -1.066669225692749, ""job_density"": -0.7549906969070435, ""population"": 0.786564290523529}",Warrington,,7
E06000008,144786.1,129292.8,160279.3,"{""net_additional_dwellings"": 7852.6728515625, ""job_density"": 1592.288818359375, ""population"": 709.5930786132812}",155749,128441.3,183056.7,"{""net_additional_dwellings"": 7687.12158203125, ""job_density"": 416.5263977050781, ""population"": 1380.3143310546875}",157395.6,124990.9,189800.3,"{""net_additional_dwellings"": -3017.65087890625, ""job_density"": 5166.6650390625, ""population"": 3506.974609375}",168371.7,127145.8,209597.7,"{""net_additional_dwellings"": -4067.73486328125, ""job_density"": -1194.2349853515625, ""population"": -129.3438262939453}",163785.8,132883.7,194687.8,"{""net_additional_dwellings"": -1125.617431640625, ""job_density"": 2056.592041015625, ""population"": 1066.774169921875}",5.9,5.1,6.6,"{""net_additional_dwellings"": 0.03670312464237213, ""job_density"": -0.6091915965080261, ""population"": -0.059049949049949646}",5.9,5.1,6.8,"{""net_additional_dwellings"": -0.5735601186752319, ""job_density"": -0.3161144554615021, ""population"": 0.09041791409254074}",5.9,4.8,7.1,"{""net_additional_dwellings"": 0.3220747709274292, ""job_density"": -0.40039563179016113, ""population"": 0.01804325170814991}",5.6,4.4,6.8,"{""net_additional_dwellings"": -0.42456984519958496, ""job_density"": -0.83250892162323, ""population"": 0.35761499404907227}",5.8,4.4,7.1,"{""net_additional_dwellings"": -0.1779906302690506, ""job_density"": -0.18867084383964539, ""population"": 0.649195671081543}",Blackburn with Darwen,,8
E06000009,136555.2,121942.7,151167.7,"{""net_additional_dwellings"": 4048.846923828125, ""job_density"": 4633.17822265625, ""population"": 850.7988891601562}",138274.6,114030.7,162518.5,"{""net_additional_dwellings"": 8979.419921875, ""job_density"": -1951.3211669921875, ""population"": 1327.6602783203125}",137638.4,109301.3,165975.5,"{""net_additional_dwellings"": 31805.927734375, ""job_density"": 1810.6630859375, ""population"": 706.334228515625}",149069.4,112569.6,185569.1,"{""net_additional_dwellings"": 4465.86328125, ""job_density"": -812.118408203125, ""population"": -651.4659423828125}",160924.9,130562.6,191287.1,"{""net_additional_dwellings"": 6394.39599609375, ""job_density"": -1789.2908935546875, ""population"": 164.3837890625}",5.4,4.7,6.1,"{""net_additional_dwellings"": -0.40226882696151733, ""job_density"": -0.3738808035850525, ""population"": -0.06501245498657227}",5.4,4.7,6.2,"{""net_additional_dwellings"": 0.23687070608139038, ""job_density"": -0.23118531703948975, ""population"": -0.1066431850194931}",5.3,4.3,6.4,"{""net_additional_dwellings"": -0.596328854560852, ""job_density"": -0.5359562635421753, ""population"": -0.0648459941148758}",5.6,4.4,6.8,"{""net_additional_dwellings"": -0.73842453956604, ""job_density"": -0.5069640874862671, ""population"": 0.16475863754749298}",5.3,4.1,6.5,"{""net_additional_dwellings"": 0.3972782790660858, ""job_density"": -0.9463884830474854, ""population"": 0.49793002009391785}",Blackpool,,9
E06000010,133198.2,118945,147451.5,"{""net_additional_dwellings"": -4126.2734375, ""job_density"": 2756.380615234375, ""population"": 1078.631591796875}",141491,116683.1,166298.8,"{""net_additional_dwellings"": -1266.2623291015625, ""job_density"": -698.8094482421875, ""population"": 2822.17529296875}",143157.1,113683.8,172630.3,"{""net_additional_dwellings"": -2704.474609375, ""job_density"": 558.9052734375, ""population"": 6879.125}",166763.4,125931.3,207595.6,"{""net_additional_dwellings"": -3270.83203125, ""job_density"": -1660.3643798828125, ""population"": 1223.286376953125}",168882,137018.4,200745.5,"{""net_additional_dwellings"": -4080.455810546875, ""job_density"": 1559.9326171875, ""population"": 3759.66796875}",5.2,4.5,5.8,"{""net_additional_dwellings"": -0.9698570966720581, ""job_density"": -0.3808445632457733, ""population"": 0.09771187603473663}",5.3,4.5,6,"{""net_additional_dwellings"": -0.7710627913475037, ""job_density"": -0.3494950532913208, ""population"": 0.2838602066040039}",5.4,4.3,6.4,"{""net_additional_dwellings"": -1.5531337261199951, ""job_density"": -0.464663028717041, ""population"": 0.4047371447086334}",5.7,4.5,6.9,"{""net_additional_dwellings"": -2.2142419815063477, ""job_density"": -0.9067326784133911, ""population"": 0.6620892286300659}",5.6,4.3,6.8,"{""net_additional_dwellings"": -0.7451769709587097, ""job_density"": -0.1784481406211853, ""population"": 0.6100125312805176}","Kingston upon Hull, City of",,10
E06000011,224736.2,200687.7,248784.7,"{""net_additional_dwellings"": -17655.177734375, ""job_density"": -862.5477294921875, ""population"": 1697.495849609375}",224523.5,185157.5,263889.5,"{""net_additional_dwellings"": -16378.783203125, ""job_density"": 76.176025390625, ""population"": 3637.25732421875}",230850,183322.5,278377.5,"{""net_additional_dwellings"": -26980.130859375, ""job_density"": 270.83935546875, ""population"": 11684.693359375}",241296.5,182214.9,300378.1,"{""net_additional_dwellings"": -11438.62890625, ""job_density"": -2716.8466796875, ""population"": 2178.22705078125}",233358.9,189330.3,277387.6,"{""net_additional_dwellings"": -13854.763671875, ""job_density"": 925.3604736328125, ""population"": 4752.861328125}",8.2,7.2,9.3,"{""net_additional_dwellings"": -1.3751318454742432, ""job_density"": -0.6919962763786316, ""population"": 0.16932129859924316}",8.6,7.3,9.8,"{""net_additional_dwellings"": -1.4478296041488647, ""job_density"": 0.03843202441930771, ""population"": 0.39838019013404846}",8.6,7,10.3,"{""net_additional_dwellings"": -1.1252214908599854, ""job_density"": -0.3045942485332489, ""population"": 0.42478108406066895}",8.7,6.8,10.6,"{""net_additional_dwellings"": -3.218266010284424, ""job_density"": -0.7649573087692261, ""population"": 0.7105265855789185}",9.1,7,11.2,"{""net_additional_dwellings"": -2.893195867538452, ""job_density"": -0.0061767250299453735, ""population"": 0.7712733149528503}",East Riding of Yorkshire,,11
E06000012,157037.3,140233.1,173841.5,"{""net_additional_dwellings"": 8425.6787109375, ""job_density"": 4798.99169921875, ""population"": 909.57080078125}",165133.1,136180.1,194086.2,"{""net_additional_dwellings"": 17200.48046875, ""job_density"": 910.6348876953125, ""population"": 1528.8004150390625}",169047.6,134244,203851.2,"{""net_additional_dwellings"": 41958.5859375, ""job_density"": 5558.4443359375, ""population"": 4009.3095703125}",168246.6,127051.3,209441.9,"{""net_additional_dwellings"": 2293.947265625, ""job_density"": -1158.48974609375, ""population"": -185.5020294189453}",166431.1,135029.9,197832.2,"{""net_additional_dwellings"": 5806.8408203125, ""job_density"": 924.9713134765625, ""population"": 1997.52685546875}",6.1,5.3,6.9,"{""net_additional_dwellings"": 0.5861966609954834, ""job_density"": -0.19112813472747803, ""population"": -0.053822584450244904}",6.3,5.4,7.2,"{""net_additional_dwellings"": 2.068742513656616, ""job_density"": -0.4010487496852875, ""population"": 0.07034168392419815}",6.6,5.3,7.8,"{""net_additional_dwellings"": 1.2254753112792969, ""job_density"": -0.45792293548583984, ""population"": -0.030838618054986}",6.2,4.8,7.5,"{""net_additional_dwellings"": 0.8611325025558472, ""job_density"": -0.5028083324432373, ""population"": 0.3871530294418335}",6.5,5,7.9,"{""net_additional_dwellings"": 0.9182572960853577, ""job_density"": -0.00550156831741333, ""population"": 0.6352189779281616}",North East Lincolnshire,,12
E06000013,188991.5,168767.9,209215,"{""net_additional_dwellings"": 11416.693359375, ""job_density"": 3889.00048828125, ""population"": 916.0368041992188}",192567,158804,226330.1,"{""net_additional_dwellings"": 15736.888671875, ""job_density"": -2198.64697265625, ""population"": 1700.67822265625}",204780.3,162620,246940.6,"{""net_additional_dwellings"": 20020.96484375, ""job_density"": 3219.217529296875, ""population"": 4987.5224609375}",207739,156873.9,258604,"{""net_additional_dwellings"": -647.0016479492188, ""job_density"": -1399.7762451171875, ""population"": 960.1749877929688}",219870.4,178386.7,261354.1,"{""net_additional_dwellings"": 2386.3720703125, ""job_density"": -612.1982421875, ""population"": 2959.816162109375}",6.6,5.7,7.4,"{""net_additional_dwellings"": 0.39490818977355957, ""job_density"": -0.052198849618434906, ""population"": -0.009773779660463333}",6.9,5.9,7.9,"{""net_additional_dwellings"": 0.49461281299591064, ""job_density"": -0.3243887722492218, ""population"": 0.11499263346195221}",7.2,5.8,8.5,"{""net_additional_dwellings"": 0.8014482855796814, ""job_density"": -0.3019660711288452, ""population"": 0.16657647490501404}",7.2,5.7,8.7,"{""net_additional_dwellings"": 0.4659397006034851, ""job_density"": -0.14587339758872986, ""population"": 0.5477921962738037}",7,5.4,8.7,"{""net_additional_dwellings"": -0.17362862825393677, ""job_density"": -0.902158260345459, ""population"": 0.8574625253677368}",North Lincolnshire,,13
E06000014,316572.4,282696.7,350448.1,"{""net_additional_dwellings"": 1756.8701171875, ""job_density"": -2635.396240234375, ""population"": 1165.8778076171875}",326381.9,269156.9,383606.9,"{""net_additional_dwellings"": 2450.8974609375, ""job_density"": -8880.123046875, ""population"": 3093.453369140625}",347292.7,275791.8,418793.5,"{""net_additional_dwellings"": 1031.2900390625, ""job_density"": -7735.71044921875, ""population"": 4698.23974609375}",354524,267718.5,441329.4,"{""net_additional_dwellings"": -807.698486328125, ""job_density"": -6512.34619140625, ""population"": 4205.4560546875}",369285.8,299611.3,438960.3,"{""net_additional_dwellings"": 422.49920654296875, ""job_density"": -3483.8994140625, ""population"": 11414.9541015625}",9.7,8.5,11,"{""net_additional_dwellings"": 0.13585099577903748, ""job_density"": -1.330291748046875, ""population"": 0.2627250850200653}",10.1,8.6,11.5,"{""net_additional_dwellings"": 0.10530290007591248, ""job_density"": -0.9656877517700195, ""population"": 0.30697542428970337}",10.6,8.5,12.6,"{""net_additional_dwellings"": 0.46457362174987793, ""job_density"": -0.8131121397018433, ""population"": 0.3035506010055542}",10.6,8.3,12.9,"{""net_additional_dwellings"": -0.5517150163650513, ""job_density"": -1.0548789501190186, ""population"": 0.5281185507774353}",10.6,8.1,13,"{""net_additional_dwellings"": -0.2554379999637604, ""job_density"": -0.8912861347198486, ""population"": 0.8156974911689758}",York,,14
E06000015,205622.5,183619.3,227625.7,"{""net_additional_dwellings"": -2933.9599609375, ""job_density"": -715.5436401367188, ""population"": 1786.9442138671875}",207416,171049.4,243782.5,"{""net_additional_dwellings"": -453.5299377441406, ""job_density"": -6423.517578125, ""population"": 4237.5546875}",218032.1,173143.5,262920.7,"{""net_additional_dwellings"": -7240.03564453125, ""job_density"": -7196.4072265625, ""population"": 7826.7333984375}",229191,173073.4,285308.5,"{""net_additional_dwellings"": -5407.7724609375, ""job_density"": -2614.31005859375, ""population"": 2304.033935546875}",237385.4,192597.1,282173.8,"{""net_additional_dwellings"": -5580.88916015625, ""job_density"": -4996.310546875, ""population"": 6182.576171875}",6.4,5.6,7.2,"{""net_additional_dwellings"": -0.16519573330879211, ""job_density"": -0.5606645345687866, ""population"": 0.23111137747764587}",6.5,5.6,7.5,"{""net_additional_dwellings"": -0.37238824367523193, ""job_density"": -0.5999628305435181, ""population"": 0.3568964898586273}",6.7,5.4,8,"{""net_additional_dwellings"": -1.6398979425430298, ""job_density"": -0.8336341381072998, ""population"": 0.44910088181495667}",6.7,5.3,8.2,"{""net_additional_dwellings"": -2.1472368240356445, ""job_density"": -0.7106738686561584, ""population"": 0.6818616986274719}",6.4,5,7.9,"{""net_additional_dwellings"": -0.4836955964565277, ""job_density"": -1.1947402954101562, ""population"": 0.7822456359863281}",Derby,,15
E06000016,229888.8,205288.9,254488.6,"{""net_additional_dwellings"": -12309.515625, ""job_density"": 1223.5948486328125, ""population"": 2168.302978515625}",237938.1,196220.1,279656.2,"{""net_additional_dwellings"": -8191.2431640625, ""job_density"": -2167.74853515625, ""population"": 4708.3046875}",252276,200337.2,304214.7,"{""net_additional_dwellings"": -18828.720703125, ""job_density"": -5175.6455078125, ""population"": 12197.6708984375}",245981.7,185752.9,306210.5,"{""net_additional_dwellings"": -7777.92236328125, ""job_density"": -3115.1689453125, ""population"": 1734.359130859375}",251452.1,204009.7,298894.4,"{""net_additional_dwellings"": -9617.677734375, ""job_density"": 335.19354248046875, ""population"": 5386.71875}",8.8,7.6,9.9,"{""net_additional_dwellings"": -0.9456939697265625, ""job_density"": -0.5776342749595642, ""population"": 0.25316429138183594}",8.8,7.5,10,"{""net_additional_dwellings"": -0.7205876111984253, ""job_density"": 0.10317526757717133, ""population"": 0.4404085576534271}",9,7.3,10.8,"{""net_additional_dwellings"": -1.459303617477417, ""job_density"": -0.41294795274734497, ""population"": 0.4588649868965149}",9.6,7.5,11.7,"{""net_additional_dwellings"": -2.7747082710266113, ""job_density"": -1.0403705835342407, ""population"": 0.7718804478645325}",9.2,7,11.3,"{""net_additional_dwellings"": -1.7025960683822632, ""job_density"": -0.5794264078140259, ""population"": 0.7495608329772949}",Leicester,,16
E06000017,345904,308889.5,382918.4,"{""net_additional_dwellings"": 16443.85546875, ""job_density"": 3957.3046875, ""population"": -1658.3812255859375}",380307.9,313627.9,446987.8,"{""net_additional_dwellings"": 26323.84375, ""job_density"": -2374.42626953125, ""population"": -6978.9248046875}",373546.7,296640.6,450452.7,"{""net_additional_dwellings"": 77188.890625, ""job_density"": -5872.626953125, ""population"": -16557.244140625}",400818,302677.4,498958.6,"{""net_additional_dwellings"": 10425.3837890625, ""job_density"": -2147.64111328125, ""population"": -3717.10400390625}",421133.1,341676.4,500589.8,"{""net_additional_dwellings"": 8389.7744140625, ""job_density"": -1980.1834716796875, ""population"": -7856.35107421875}",11.1,9.7,12.5,"{""net_additional_dwellings"": 0.5099726319313049, ""job_density"": -1.0060193538665771, ""population"": -0.2286732941865921}",11.7,10,13.4,"{""net_additional_dwellings"": 2.3542470932006836, ""job_density"": -0.46663275361061096, ""population"": -0.7048074007034302}",11.6,9.4,13.9,"{""net_additional_dwellings"": 2.059929370880127, ""job_density"": -0.8584148287773132, ""population"": -0.512627363204956}",12.6,9.9,15.3,"{""net_additional_dwellings"": 1.8235328197479248, ""job_density"": -1.0687299966812134, ""population"": -0.9425532221794128}",12.8,9.8,15.7,"{""net_additional_dwellings"": 0.9454003572463989, ""job_density"": -0.05275467038154602, ""population"": -0.732417643070221}",Rutland,,17
E06000018,195171.8,174286.9,216056.7,"{""net_additional_dwellings"": -12464.9013671875, ""job_density"": -508.3026123046875, ""population"": 1758.1378173828125}",195571.7,161281.8,229861.5,"{""net_additional_dwellings"": -10312.2890625, ""job_density"": -8540.181640625, ""population"": 5222.0048828125}",199667,158559.4,240774.6,"{""net_additional_dwellings"": -16915.26953125, ""job_density"": -19098.53515625, ""population"": 12388.9921875}",213475.7,161206,265745.4,"{""net_additional_dwellings"": -9739.615234375, ""job_density"": -2286.186767578125, ""population"": 3367.456787109375}",218927.1,177621.4,260232.9,"{""net_additional_dwellings"": -9325.810546875, ""job_density"": -2887.7412109375, ""population"": 6224.818359375}",6.8,5.9,7.7,"{""net_additional_dwellings"": -1.3406890630722046, ""job_density"": -0.8329923748970032, ""population"": 0.14977774024009705}",6.6,5.7,7.6,"{""net_additional_dwellings"": -0.8598605394363403, ""job_density"": -1.0275523662567139, ""population"": 0.37991416454315186}",6.6,5.4,7.9,"{""net_additional_dwellings"": -1.4234592914581299, ""job_density"": -0.8418928384780884, ""population"": 0.4286125898361206}",7,5.5,8.5,"{""net_additional_dwellings"": -2.897637128829956, ""job_density"": -0.9455191493034363, ""population"": 0.7087748050689697}",6.5,5,8,"{""net_additional_dwellings"": -2.03963041305542, ""job_density"": -0.6869902610778809, ""population"": 0.7508671283721924}",Nottingham,,18
E06000019,293942.4,262488.3,325396.6,"{""net_additional_dwellings"": -4404.03369140625, ""job_density"": -1851.0125732421875, ""population"": 1599.6123046875}",305550.3,251977.8,359122.9,"{""net_additional_dwellings"": -4636.189453125, ""job_density"": -8585.6259765625, ""population"": 3370.149658203125}",315118.7,250241.8,379995.5,"{""net_additional_dwellings"": -6644.3623046875, ""job_density"": -13045.33984375, ""population"": 5639.5703125}",316196.6,238775.6,393617.6,"{""net_additional_dwellings"": -6313.4716796875, ""job_density"": -5925.37939453125, ""population"": 2930.1337890625}",325680,264232.8,387127.2,"{""net_additional_dwellings"": -6379.45263671875, ""job_density"": -1845.22216796875, ""population"": 6346.1337890625}",10,8.8,11.3,"{""net_additional_dwellings"": -0.7972092628479004, ""job_density"": -0.9348576068878174, ""population"": 0.05321231484413147}",10.5,8.9,12,"{""net_additional_dwellings"": -0.4498448967933655, ""job_density"": -0.8710631132125854, ""population"": 0.3146974742412567}",10.8,8.7,12.8,"{""net_additional_dwellings"": -1.0738023519515991, ""job_density"": -0.4829941987991333, ""population"": 0.2807176113128662}",10.5,8.3,12.8,"{""net_additional_dwellings"": -2.6964240074157715, ""job_density"": -0.9329888224601746, ""population"": 0.5927377343177795}",10.9,8.4,13.5,"{""net_additional_dwellings"": -1.2309246063232422, ""job_density"": -0.7199118137359619, ""population"": 0.8177143335342407}","Herefordshire, County of",,19
E06000020,209099.2,186724,231474.5,"{""net_additional_dwellings"": -12450.259765625, ""job_density"": 3494.9375, ""population"": 1602.979248046875}",220966,182223.7,259708.3,"{""net_additional_dwellings"": -12018.732421875, ""job_density"": -2259.52783203125, ""population"": 3769.9990234375}",217064,172374.7,261753.2,"{""net_additional_dwellings"": -23085.994140625, ""job_density"": -2809.962890625, ""population"": 6488.70703125}",240361.1,181508.5,299213.7,"{""net_additional_dwellings"": -9582.318359375, ""job_density"": -1562.5677490234375, ""population"": 2817.220458984375}",230775.3,187234.1,274316.5,"{""net_additional_dwellings"": -13050.6826171875, ""job_density"": -2521.2509765625, ""population"": 5118.4609375}",7.9,6.9,8.9,"{""net_additional_dwellings"": -1.4260584115982056, ""job_density"": -0.6249573230743408, ""population"": 0.049103982746601105}",7.9,6.8,9,"{""net_additional_dwellings"": -0.9628697633743286, ""job_density"": -0.30746424198150635, ""population"": 0.3158939480781555}",7.9,6.4,9.4,"{""net_additional_dwellings"": -1.0406455993652344, ""job_density"": -0.3294968903064728, ""population"": 0.286381334066391}",7.8,6.1,9.4,"{""net_additional_dwellings"": -2.9203805923461914, ""job_density"": -0.9459828734397888, ""population"": 0.6152142286300659}",8.7,6.7,10.7,"{""net_additional_dwellings"": -2.4069619178771973, ""job_density"": -0.39802321791648865, ""population"": 0.9235681295394897}",Telford and Wrekin,,20
E06000021,142930.8,127636.1,158225.5,"{""net_additional_dwellings"": -631.86376953125, ""job_density"": 3102.34033203125, ""population"": 1254.8739013671875}",152418.9,125695.1,179142.7,"{""net_additional_dwellings"": 3031.490478515625, ""job_density"": -1850.0228271484375, ""population"": 2686.5908203125}",152963.2,121471.1,184455.4,"{""net_additional_dwellings"": 12863.38671875, ""job_density"": 4742.50927734375, ""population"": 7609.3232421875}",169154.2,127736.7,210571.7,"{""net_additional_dwellings"": -4169.0546875, ""job_density"": -747.7005004882812, ""population"": 1169.4710693359375}",164860.3,133755.5,195965.1,"{""net_additional_dwellings"": -547.10546875, ""job_density"": -1435.4615478515625, ""population"": 4142.58203125}",5.5,4.8,6.1,"{""net_additional_dwellings"": -0.9508374929428101, ""job_density"": -0.4391360878944397, ""population"": 0.10172148048877716}",5.5,4.7,6.3,"{""net_additional_dwellings"": -0.3901606500148773, ""job_density"": -0.19493690133094788, ""population"": 0.24086281657218933}",5.7,4.6,6.8,"{""net_additional_dwellings"": -0.6784226894378662, ""job_density"": -0.3435884118080139, ""population"": 0.4099774956703186}",5.8,4.6,7.1,"{""net_additional_dwellings"": -1.811838150024414, ""job_density"": -0.22895410656929016, ""population"": 0.7163140773773193}",5.6,4.3,6.9,"{""net_additional_dwellings"": 0.31836998462677, ""job_density"": -0.6526257991790771, ""population"": 0.5814656019210815}",Stoke-on-Trent,,21
E06000022,453694.2,405145.4,502243.1,"{""net_additional_dwellings"": -9824.544921875, ""job_density"": -5556.501953125, ""population"": 2889.4033203125}",477503.7,393782.3,561225.1,"{""net_additional_dwellings"": -7922.54541015625, ""job_density"": -9282.4208984375, ""population"": 3637.869873046875}",497220.7,394852.5,599588.8,"{""net_additional_dwellings"": 4575.34619140625, ""job_density"": -5572.9921875, ""population"": 12728.9453125}",551972.7,416821.8,687123.6,"{""net_additional_dwellings"": -3481.39697265625, ""job_density"": -7674.6435546875, ""population"": 5470.13818359375}",559294.5,453770.4,664818.6,"{""net_additional_dwellings"": 3439.867919921875, ""job_density"": -7596.81640625, ""population"": 9434.4951171875}",12.9,11.2,14.5,"{""net_additional_dwellings"": -0.6193175315856934, ""job_density"": -0.8010061979293823, ""population"": 0.13217221200466156}",13.1,11.2,15,"{""net_additional_dwellings"": -0.5946171283721924, ""job_density"": -0.863355278968811, ""population"": 0.26014041900634766}",13.3,10.8,15.9,"{""net_additional_dwellings"": -0.6977503895759583, ""job_density"": -0.5557513236999512, ""population"": 0.298514723777771}",14.3,11.2,17.3,"{""net_additional_dwellings"": -2.3433289527893066, ""job_density"": -0.6846813559532166, ""population"": 0.5351654291152954}",15.2,11.7,18.6,"{""net_additional_dwellings"": -1.1662068367004395, ""job_density"": -0.40954315662384033, ""population"": 0.7732551097869873}",Bath and North East Somerset,,22
E06000023,390728.3,348917.3,432539.3,"{""net_additional_dwellings"": -13650.6513671875, ""job_density"": -6062.8349609375, ""population"": 2782.932373046875}",413102.2,340672.4,485532,"{""net_additional_dwellings"": -18274.58984375, ""job_density"": -10807.265625, ""population"": 5877.58203125}",437855.7,347709.7,528001.7,"{""net_additional_dwellings"": -31735.08984375, ""job_density"": -14158.013671875, ""population"": 18739.0390625}",409906.1,309540.3,510271.9,"{""net_additional_dwellings"": -11364.8828125, ""job_density"": -3875.7412109375, ""population"": 3580.408203125}",415369.3,337000.1,493738.6,"{""net_additional_dwellings"": -7617.2421875, ""job_density"": -4410.32763671875, ""population"": 2292.42138671875}",10.3,8.9,11.6,"{""net_additional_dwellings"": -1.6613867282867432, ""job_density"": -1.37079918384552, ""population"": 0.16578955948352814}",11.2,9.6,12.8,"{""net_additional_dwellings"": -0.8434847593307495, ""job_density"": -1.1156117916107178, ""population"": 0.34516292810440063}",11.3,9.2,13.5,"{""net_additional_dwellings"": -1.003974437713623, ""job_density"": -0.7159682512283325, ""population"": 0.4822307229042053}",11.3,8.9,13.8,"{""net_additional_dwellings"": -3.2074708938598633, ""job_density"": -0.9562928676605225, ""population"": 0.7559452652931213}",12.2,9.4,15.1,"{""net_additional_dwellings"": -2.810391426086426, ""job_density"": -0.6805775165557861, ""population"": 0.7610206604003906}","Bristol, City of",,23
E06000024,332272,296716.3,367827.7,"{""net_additional_dwellings"": -5831.04931640625, ""job_density"": 4644.71728515625, ""population"": -34.31562805175781}",347821.9,286837.8,408806,"{""net_additional_dwellings"": -3093.0263671875, ""job_density"": -1719.321044921875, ""population"": 2842.150390625}",355475.7,282290.1,428661.2,"{""net_additional_dwellings"": -13198.697265625, ""job_density"": -266.8291015625, ""population"": 5679.8369140625}",368363.4,278169.3,458557.4,"{""net_additional_dwellings"": -6433.234375, ""job_density"": -3386.130126953125, ""population"": 4272.23193359375}",383644.8,311261.2,456028.5,"{""net_additional_dwellings"": -7612.83056640625, ""job_density"": -834.61962890625, ""population"": 8070.568359375}",10.2,8.9,11.4,"{""net_additional_dwellings"": -1.0190777778625488, ""job_density"": -0.5350465774536133, ""population"": 0.08815944194793701}",10.6,9,12.1,"{""net_additional_dwellings"": -0.6780121922492981, ""job_density"": -0.23643547296524048, ""population"": 0.22695806622505188}",10.6,8.6,12.7,"{""net_additional_dwellings"": -1.0699092149734497, ""job_density"": -0.8835774064064026, ""population"": 0.22374600172042847}",11,8.7,13.4,"{""net_additional_dwellings"": -3.0264151096343994, ""job_density"": -1.1355149745941162, ""population"": 0.4844910502433777}",11.4,8.8,14.1,"{""net_additional_dwellings"": -1.7186996936798096, ""job_density"": -0.02640300989151001, ""population"": 0.7835248112678528}",North Somerset,,24
E06000025,350476.2,312972.5,387979.9,"{""net_additional_dwellings"": -13294.2470703125, ""job_density"": -3580.521484375, ""population"": 2136.916015625}",367170.8,302794.2,431547.3,"{""net_additional_dwellings"": -14111.6474609375, ""job_density"": -8738.9267578125, ""population"": 6961.130859375}",405279.4,321840.2,488718.6,"{""net_additional_dwellings"": -24989.2890625, ""job_density"": -7232.6240234375, ""population"": 14392.9052734375}",397323.3,300038.4,494608.2,"{""net_additional_dwellings"": -4500.51416015625, ""job_density"": -5259.97802734375, ""population"": 5411.974609375}",420992.9,341562.7,500423.1,"{""net_additional_dwellings"": -2951.921630859375, ""job_density"": -2916.6826171875, ""population"": 11487.2177734375}",10.2,8.9,11.5,"{""net_additional_dwellings"": -1.6706072092056274, ""job_density"": -0.7432650327682495, ""population"": 0.09941288828849792}",10.8,9.2,12.4,"{""net_additional_dwellings"": -1.005833387374878, ""job_density"": -0.5925889015197754, ""population"": 0.33368784189224243}",11.2,9.1,13.4,"{""net_additional_dwellings"": -0.7766384482383728, ""job_density"": -0.6333194971084595, ""population"": 0.48288434743881226}",11.5,9.1,14,"{""net_additional_dwellings"": -3.074537754058838, ""job_density"": -0.9713523387908936, ""population"": 0.8460754752159119}",11.9,9.2,14.7,"{""net_additional_dwellings"": -2.7451725006103516, ""job_density"": -0.7856740355491638, ""population"": 0.8029237985610962}",South Gloucestershire,,25
E06000026,218031.8,194700.7,241362.9,"{""net_additional_dwellings"": -3447.79541015625, ""job_density"": 2421.702392578125, ""population"": 2075.19482421875}",227546.9,187650.7,267443,"{""net_additional_dwellings"": -2721.56201171875, ""job_density"": 775.2059326171875, ""population"": 4459.56103515625}",231698.9,183996.6,279401.2,"{""net_additional_dwellings"": 12235.3046875, ""job_density"": 2636.7587890625, ""population"": 7985.97705078125}",236042.1,178247,293837.2,"{""net_additional_dwellings"": -128.7883758544922, ""job_density"": -2274.053466796875, ""population"": 2372.125244140625}",239966.6,194691.3,285242,"{""net_additional_dwellings"": 1194.3304443359375, ""job_density"": 1352.6524658203125, ""population"": 6883.6103515625}",7.8,6.8,8.8,"{""net_additional_dwellings"": -1.4114868640899658, ""job_density"": -0.36951884627342224, ""population"": 0.22052344679832458}",8.1,6.9,9.2,"{""net_additional_dwellings"": -0.9707579612731934, ""job_density"": -0.04731486737728119, ""population"": 0.43470901250839233}",8.2,6.6,9.7,"{""net_additional_dwellings"": -0.9150577783584595, ""job_density"": -0.4274662733078003, ""population"": 0.49218639731407166}",8.3,6.5,10.1,"{""net_additional_dwellings"": -1.7895458936691284, ""job_density"": -0.8181309700012207, ""population"": 0.7709577083587646}",8.7,6.7,10.7,"{""net_additional_dwellings"": -0.49222153425216675, ""job_density"": 0.004213422536849976, ""population"": 0.7449368238449097}",Plymouth,,26
E06000027,260515.2,232638,288392.3,"{""net_additional_dwellings"": 3889.6943359375, ""job_density"": -1396.115966796875, ""population"": 1950.3712158203125}",266947.3,220143,313751.6,"{""net_additional_dwellings"": 7779.2958984375, ""job_density"": 33.8306884765625, ""population"": 2741.043701171875}",274437.2,217935.9,330938.5,"{""net_additional_dwellings"": 24979.416015625, ""job_density"": -4266.0859375, ""population"": 1105.081787109375}",269154.2,203251.6,335056.9,"{""net_additional_dwellings"": 300.8238525390625, ""job_density"": -2374.80419921875, ""population"": -261.6737060546875}",288437.9,234017.3,342858.5,"{""net_additional_dwellings"": 5550.2392578125, ""job_density"": 2628.32373046875, ""population"": 2019.683837890625}",10,8.8,11.3,"{""net_additional_dwellings"": 0.1837153136730194, ""job_density"": -0.7619063854217529, ""population"": 0.04298936575651169}",10.6,9,12.1,"{""net_additional_dwellings"": -0.001761317253112793, ""job_density"": 0.23112709820270538, ""population"": 0.012178193777799606}",10.4,8.4,12.4,"{""net_additional_dwellings"": -0.636328935623169, ""job_density"": -0.5244542956352234, ""population"": -0.030151134356856346}",10.8,8.4,13.1,"{""net_additional_dwellings"": -0.23711790144443512, ""job_density"": -0.5980759263038635, ""population"": 0.42571234703063965}",10.6,8.2,13.1,"{""net_additional_dwellings"": -0.41536766290664673, ""job_density"": -0.4582129716873169, ""population"": 0.6484683752059937}",Torbay,,27
E06000030,273065.9,243845.7,302286.1,"{""net_additional_dwellings"": -6618.0458984375, ""job_density"": 4603.2294921875, ""population"": 1195.076171875}",285809.2,235697.8,335920.5,"{""net_additional_dwellings"": -2701.0126953125, ""job_density"": -3110.3173828125, ""population"": 3167.84619140625}",302284.7,240050.1,364519.2,"{""net_additional_dwellings"": -12264.837890625, ""job_density"": -1199.37939453125, ""population"": 7627.939453125}",302545.7,228467.2,376624.3,"{""net_additional_dwellings"": -5443.376953125, ""job_density"": -1547.4107666015625, ""population"": 3574.375}",315730.9,256160.9,375301,"{""net_additional_dwellings"": -8017.24951171875, ""job_density"": -4406.333984375, ""population"": 6401.76953125}",9.2,8,10.4,"{""net_additional_dwellings"": -0.567109227180481, ""job_density"": -0.6222571134567261, ""population"": 0.18925458192825317}",9.4,8,10.7,"{""net_additional_dwellings"": -0.3114241659641266, ""job_density"": -0.2503570318222046, ""population"": 0.2866131663322449}",9.8,7.9,11.6,"{""net_additional_dwellings"": -1.2857311964035034, ""job_density"": -0.9025752544403076, ""population"": 0.36721715331077576}",9.4,7.4,11.5,"{""net_additional_dwellings"": -2.185800075531006, ""job_density"": -1.2923431396484375, ""population"": 0.734328031539917}",10.4,8,12.8,"{""net_additional_dwellings"": -1.2286832332611084, ""job_density"": -0.21782870590686798, ""population"": 0.7045037150382996}",Swindon,,28
E06000031,253868.1,226702.3,281034,"{""net_additional_dwellings"": -8656.046875, ""job_density"": -367.6453857421875, ""population"": 1481.0352783203125}",267143.1,220304.5,313981.6,"{""net_additional_dwellings"": -5037.04638671875, ""job_density"": -5694.63671875, ""population"": 4162.8974609375}",260760.7,207075.1,314446.3,"{""net_additional_dwellings"": -8286.43359375, ""job_density"": -15403.572265625, ""population"": 6244.4794921875}",278516.9,210321.9,346712,"{""net_additional_dwellings"": -6782.31005859375, ""job_density"": -1507.721923828125, ""population"": 2824.16943359375}",292996.5,237715.8,348277.2,"{""net_additional_dwellings"": -7356.845703125, ""job_density"": -2467.221435546875, ""population"": 6644.0087890625}",7.9,6.9,8.9,"{""net_additional_dwellings"": -1.2600191831588745, ""job_density"": -0.7798858880996704, ""population"": 0.09520407766103745}",8.2,7,9.4,"{""net_additional_dwellings"": -0.9258507490158081, ""job_density"": -0.6452802419662476, ""population"": 0.2466215342283249}",8.6,7,10.3,"{""net_additional_dwellings"": -1.228172779083252, ""job_density"": -0.7663503885269165, ""population"": 0.24289557337760925}",9,7,10.9,"{""net_additional_dwellings"": -3.093411922454834, ""job_density"": -1.217097282409668, ""population"": 0.4559880495071411}",9.1,7,11.1,"{""net_additional_dwellings"": -1.7538292407989502, ""job_density"": -1.1446272134780884, ""population"": 0.7922590970993042}",Peterborough,,29
E06000032,291925.7,260687.3,323164,"{""net_additional_dwellings"": -6310.607421875, ""job_density"": -2623.2939453125, ""population"": 966.0903930664062}",315792,260423.7,371160.3,"{""net_additional_dwellings"": 1241.792236328125, ""job_density"": -753.4898681640625, ""population"": 3350.191650390625}",338663.1,268938.9,408387.3,"{""net_additional_dwellings"": -880.838134765625, ""job_density"": -3701.1435546875, ""population"": 7334.85595703125}",347103.8,262115.2,432092.4,"{""net_additional_dwellings"": -1348.674072265625, ""job_density"": -3640.5654296875, ""population"": 3661.833740234375}",368258.8,298778.1,437739.4,"{""net_additional_dwellings"": -5010.8681640625, ""job_density"": -729.0691528320312, ""population"": 10231.919921875}",9.3,8.1,10.5,"{""net_additional_dwellings"": -0.8595037460327148, ""job_density"": -0.9207499027252197, ""population"": 0.19033508002758026}",10,8.6,11.5,"{""net_additional_dwellings"": -0.6622816324234009, ""job_density"": 0.04983043670654297, ""population"": 0.26909056305885315}",10.7,8.7,12.8,"{""net_additional_dwellings"": -0.5073152780532837, ""job_density"": -0.7180190682411194, ""population"": 0.431335985660553}",11,8.6,13.3,"{""net_additional_dwellings"": -2.173691987991333, ""job_density"": -0.7111016511917114, ""population"": 0.647489070892334}",11.3,8.7,13.9,"{""net_additional_dwellings"": -1.5684255361557007, ""job_density"": -0.24887800216674805, ""population"": 0.7692528963088989}",Luton,,30
E06000033,380070,339399.5,420740.4,"{""net_additional_dwellings"": 7372.63623046875, ""job_density"": 386.1905517578125, ""population"": 2279.943603515625}",405088.5,334063.7,476113.2,"{""net_additional_dwellings"": 9317.08984375, ""job_density"": -5779.314453125, ""population"": 4069.064208984375}",437949.1,347783.9,528114.4,"{""net_additional_dwellings"": 28420.953125, ""job_density"": -4213.56787109375, ""population"": 9419.921875}",413941.3,312587.5,515295.1,"{""net_additional_dwellings"": -1980.787109375, ""job_density"": -3178.63330078125, ""population"": 4861.13525390625}",430142.8,348986.2,511299.3,"{""net_additional_dwellings"": 994.2459716796875, ""job_density"": -1005.1166381835938, ""population"": 10519.875}",11.6,10.1,13.1,"{""net_additional_dwellings"": 0.4510001838207245, ""job_density"": -1.3011306524276733, ""population"": 0.19909103214740753}",12.3,10.5,14.1,"{""net_additional_dwellings"": 0.2928941547870636, ""job_density"": 0.4437790513038635, ""population"": 0.3190842866897583}",13,10.5,15.5,"{""net_additional_dwellings"": 0.4589118957519531, ""job_density"": -0.5576009154319763, ""population"": 0.3246312439441681}",13.6,10.7,16.6,"{""net_additional_dwellings"": -0.02825942635536194, ""job_density"": -0.7211747765541077, ""population"": 0.5406176447868347}",14.1,10.9,17.4,"{""net_additional_dwellings"": 0.3090595006942749, ""job_density"": -0.18549084663391113, ""population"": 0.8509894609451294}",Southend-on-Sea,,31
E06000034,364505.2,325500.3,403510.1,"{""net_additional_dwellings"": -63.70094299316406, ""job_density"": -3208.353271484375, ""population"": 1435.976806640625}",379543.2,312997.3,446089.1,"{""net_additional_dwellings"": 3391.82958984375, ""job_density"": -3051.359375, ""population"": 803.997314453125}",412448.9,327533.7,497364.2,"{""net_additional_dwellings"": 27457.732421875, ""job_density"": -4891.2255859375, ""population"": 10016.095703125}",410458.5,309957.5,510959.6,"{""net_additional_dwellings"": 886.1768798828125, ""job_density"": -1034.6962890625, ""population"": 3118.351318359375}",427712,347014.1,508410,"{""net_additional_dwellings"": 5465.28759765625, ""job_density"": 730.1175537109375, ""population"": 9725.87890625}",11.6,10.1,13.1,"{""net_additional_dwellings"": -0.689461350440979, ""job_density"": -0.9883818626403809, ""population"": 0.055599916726350784}",12.2,10.4,14,"{""net_additional_dwellings"": -0.8188881278038025, ""job_density"": 0.49189379811286926, ""population"": 0.3353935778141022}",13,10.5,15.6,"{""net_additional_dwellings"": -0.12822921574115753, ""job_density"": -0.372901976108551, ""population"": 0.3023107349872589}",13.3,10.4,16.2,"{""net_additional_dwellings"": -0.6575950384140015, ""job_density"": -0.0688934326171875, ""population"": 0.6081594228744507}",13.7,10.5,16.8,"{""net_additional_dwellings"": -0.07783149927854538, ""job_density"": 0.11148521304130554, ""population"": 0.8560961484909058}",Thurrock,,32
E06000035,321505.8,287102.1,355909.4,"{""net_additional_dwellings"": -6428.37060546875, ""job_density"": 255.82635498046875, ""population"": 1552.187744140625}",335188.9,276419.7,393958,"{""net_additional_dwellings"": -5011.4482421875, ""job_density"": 5412.43408203125, ""population"": 4626.6806640625}",357776.9,284117.5,431436.2,"{""net_additional_dwellings"": -14320.8798828125, ""job_density"": 22886.203125, ""population"": 9734.109375}",380573.6,287389.9,473757.3,"{""net_additional_dwellings"": -6671.25830078125, ""job_density"": 3237.3427734375, ""population"": 7381.830078125}",390172,316556.9,463787.1,"{""net_additional_dwellings"": -7149.77392578125, ""job_density"": 1108.81298828125, ""population"": 13384.8232421875}",10.1,8.8,11.4,"{""net_additional_dwellings"": -0.8714540004730225, ""job_density"": -0.731145441532135, ""population"": 0.15949733555316925}",10.3,8.8,11.8,"{""net_additional_dwellings"": -0.6739572286605835, ""job_density"": 0.4901293218135834, ""population"": 0.29892486333847046}",11.5,9.3,13.7,"{""net_additional_dwellings"": -1.2182085514068604, ""job_density"": 0.6502467393875122, ""population"": 0.4715822637081146}",12.2,9.6,14.8,"{""net_additional_dwellings"": -2.7426557540893555, ""job_density"": -0.025767643004655838, ""population"": 0.7755524516105652}",12,9.2,14.8,"{""net_additional_dwellings"": -1.4611586332321167, ""job_density"": 0.3213501572608948, ""population"": 0.7874282002449036}",Medway,,33
E06000036,428067.3,382260.7,473873.8,"{""net_additional_dwellings"": -10199.9873046875, ""job_density"": -2089.66455078125, ""population"": -1614.3875732421875}",459926.6,379287,540566.2,"{""net_additional_dwellings"": -8327.08203125, ""job_density"": -7604.05126953125, ""population"": -2667.41796875}",477167,378927.6,575406.4,"{""net_additional_dwellings"": -9841.21484375, ""job_density"": -7308.5224609375, ""population"": -6031.29052734375}",499483.5,377184.6,621782.4,"{""net_additional_dwellings"": -8225.39453125, ""job_density"": -7552.1513671875, ""population"": -4418.63427734375}",543993.7,441356.5,646630.9,"{""net_additional_dwellings"": 5176.4140625, ""job_density"": -5931.21875, ""population"": -3833.4599609375}",11.5,10,12.9,"{""net_additional_dwellings"": -0.7776386737823486, ""job_density"": -1.0860390663146973, ""population"": 0.10203893482685089}",12.5,10.7,14.3,"{""net_additional_dwellings"": -0.32856202125549316, ""job_density"": -0.8151925802230835, ""population"": 0.03650908172130585}",12.8,10.3,15.2,"{""net_additional_dwellings"": -1.3026270866394043, ""job_density"": -1.1784956455230713, ""population"": -0.06166830658912659}",14.5,11.3,17.6,"{""net_additional_dwellings"": -2.693434476852417, ""job_density"": -1.036689281463623, ""population"": 0.1746751219034195}",15.6,12,19.2,"{""net_additional_dwellings"": -1.4289464950561523, ""job_density"": -0.36205241084098816, ""population"": 0.3955056071281433}",Bracknell Forest,,34
E06000037,423565.3,378240.5,468890.1,"{""net_additional_dwellings"": -1405.125244140625, ""job_density"": -2445.08251953125, ""population"": -996.3462524414062}",439267.5,362250.1,516284.9,"{""net_additional_dwellings"": -500.252685546875, ""job_density"": -1954.9808349609375, ""population"": 1323.75146484375}",477371,379089.6,575652.5,"{""net_additional_dwellings"": -16088.1865234375, ""job_density"": -12614.099609375, ""population"": 855.7864990234375}",497991.5,376057.9,619925.1,"{""net_additional_dwellings"": -5622.3916015625, ""job_density"": -8700.8447265625, ""population"": -637.0810546875}",506331.9,410800.4,601863.3,"{""net_additional_dwellings"": -2988.09716796875, ""job_density"": -9806.8984375, ""population"": -1663.849609375}",11.7,10.2,13.2,"{""net_additional_dwellings"": 0.0928472951054573, ""job_density"": -0.7966466546058655, ""population"": 0.02094883844256401}",12.5,10.7,14.3,"{""net_additional_dwellings"": 0.17169880867004395, ""job_density"": -0.6694362163543701, ""population"": 0.1548830270767212}",13.1,10.5,15.6,"{""net_additional_dwellings"": -1.0761628150939941, ""job_density"": -0.5071389675140381, ""population"": 0.04252507537603378}",14.6,11.5,17.7,"{""net_additional_dwellings"": -1.0520451068878174, ""job_density"": -0.7432088255882263, ""population"": 0.6929280757904053}",13.2,10.1,16.2,"{""net_additional_dwellings"": -0.9024238586425781, ""job_density"": -0.9391753673553467, ""population"": 0.7981894612312317}",West Berkshire,,35
E06000038,385947.8,344648.4,427247.3,"{""net_additional_dwellings"": -2548.166015625, ""job_density"": -5588.2392578125, ""population"": 473.98919677734375}",424050.2,349700.8,498399.5,"{""net_additional_dwellings"": -750.0146484375, ""job_density"": -11216.8486328125, ""population"": 3365.4482421875}",479783,381005,578561,"{""net_additional_dwellings"": -22480.064453125, ""job_density"": -7824.64599609375, ""population"": 12835.787109375}",486474.5,367360.9,605588.1,"{""net_additional_dwellings"": -5979.4384765625, ""job_density"": -5867.375, ""population"": 3743.059814453125}",510772.8,414403.5,607142.2,"{""net_additional_dwellings"": -5336.47119140625, ""job_density"": -6446.46533203125, ""population"": 7002.93994140625}",11,9.6,12.4,"{""net_additional_dwellings"": -0.41614916920661926, ""job_density"": -1.225649118423462, ""population"": 0.03520666062831879}",11.3,9.7,12.9,"{""net_additional_dwellings"": 0.11561551690101624, ""job_density"": -0.9742152690887451, ""population"": 0.26674380898475647}",12.4,10,14.8,"{""net_additional_dwellings"": -0.875745415687561, ""job_density"": -0.5540646910667419, ""population"": 0.27456143498420715}",12.9,10.2,15.7,"{""net_additional_dwellings"": -1.7737343311309814, ""job_density"": -0.8999974727630615, ""population"": 0.7169349789619446}",13.8,10.6,16.9,"{""net_additional_dwellings"": -1.0189954042434692, ""job_density"": -0.8185337781906128, ""population"": 0.8826213479042053}",Reading,,36
E06000039,373364.5,333411.5,413317.4,"{""net_additional_dwellings"": 2994.481201171875, ""job_density"": -4474.29443359375, ""population"": -27.315673828125}",402892.3,332252.6,473532.1,"{""net_additional_dwellings"": 4662.7138671875, ""job_density"": -13568.724609375, ""population"": -1222.2642822265625}",448959.6,356527.5,541391.7,"{""net_additional_dwellings"": 11738.0908203125, ""job_density"": -13083.90625, ""population"": 265.67474365234375}",468039.8,353440,582639.7,"{""net_additional_dwellings"": -1974.724609375, ""job_density"": -5178.52734375, ""population"": -214.61631774902344}",499875.2,405562,594188.4,"{""net_additional_dwellings"": 4516.7490234375, ""job_density"": -4942.97216796875, ""population"": 1430.028076171875}",10.9,9.5,12.3,"{""net_additional_dwellings"": 0.09207704663276672, ""job_density"": -0.9682068228721619, ""population"": 0.030875597149133682}",11.5,9.9,13.2,"{""net_additional_dwellings"": 0.011683285236358643, ""job_density"": -1.0060980319976807, ""population"": 0.1072910726070404}",12.7,10.3,15.2,"{""net_additional_dwellings"": -0.5645771622657776, ""job_density"": -0.7905490398406982, ""population"": 0.03677457943558693}",13.3,10.5,16.2,"{""net_additional_dwellings"": -0.7422767877578735, ""job_density"": -1.0070834159851074, ""population"": 0.5527439713478088}",14.2,11,17.5,"{""net_additional_dwellings"": -0.004426226019859314, ""job_density"": -0.8179947733879089, ""population"": 0.766229510307312}",Slough,,37
E06000040,622407.6,555805.1,689010.1,"{""net_additional_dwellings"": 5714.630859375, ""job_density"": -10157.248046875, ""population"": 4092.01953125}",622953.9,513730.5,732177.3,"{""net_additional_dwellings"": 8874.2470703125, ""job_density"": -28179.787109375, ""population"": 8746.173828125}",678990.6,539199.6,818781.6,"{""net_additional_dwellings"": 38247.15625, ""job_density"": 3593.529541015625, ""population"": 12158.6767578125}",680049.9,513539.2,846560.6,"{""net_additional_dwellings"": 13881.220703125, ""job_density"": -14867.5634765625, ""population"": 1833.019287109375}",750271,608714.7,891827.3,"{""net_additional_dwellings"": 3912.74169921875, ""job_density"": -14126.62890625, ""population"": 3099.05224609375}",16.6,14.5,18.8,"{""net_additional_dwellings"": -0.367106169462204, ""job_density"": -1.0537232160568237, ""population"": 0.07128046452999115}",16.8,14.4,19.3,"{""net_additional_dwellings"": 0.07320743799209595, ""job_density"": -1.0113390684127808, ""population"": 0.2594621479511261}",18,14.6,21.5,"{""net_additional_dwellings"": 0.03612607717514038, ""job_density"": -0.6576454639434814, ""population"": 0.09549051523208618}",20.6,16.2,25,"{""net_additional_dwellings"": -0.8342769145965576, ""job_density"": -0.5453286170959473, ""population"": 0.6258883476257324}",19.6,15.1,24.1,"{""net_additional_dwellings"": 0.1284187287092209, ""job_density"": -1.0304707288742065, ""population"": 0.7566757798194885}",Windsor and Maidenhead,,38
E06000041,533157,476105,590209,"{""net_additional_dwellings"": -5714.3583984375, ""job_density"": -6535.533203125, ""population"": 888.8416748046875}",580617.6,478817.1,682418.2,"{""net_additional_dwellings"": -12756.14453125, ""job_density"": -11704.7822265625, ""population"": 7409.6884765625}",576726.9,457990,695463.8,"{""net_additional_dwellings"": -19961.92578125, ""job_density"": -7317.615234375, ""population"": 12338.5517578125}",635587.9,479963.7,791212,"{""net_additional_dwellings"": -4601.201171875, ""job_density"": -14465.0107421875, ""population"": 5443.53955078125}",658537.1,534288.6,782785.7,"{""net_additional_dwellings"": 833.0181274414062, ""job_density"": -14730.685546875, ""population"": 14475.3203125}",14.2,12.4,16,"{""net_additional_dwellings"": -1.2741187810897827, ""job_density"": -0.7402715682983398, ""population"": 0.06867656856775284}",14.6,12.5,16.7,"{""net_additional_dwellings"": -0.5731021165847778, ""job_density"": -0.8368810415267944, ""population"": 0.2766306698322296}",14.8,12,17.7,"{""net_additional_dwellings"": -1.0928869247436523, ""job_density"": -0.5687931180000305, ""population"": 0.3010753393173218}",16.8,13.2,20.4,"{""net_additional_dwellings"": -2.958596706390381, ""job_density"": -0.7859376668930054, ""population"": 0.4576811194419861}",17.7,13.6,21.8,"{""net_additional_dwellings"": -2.4120750427246094, ""job_density"": -0.666751503944397, ""population"": 0.936324417591095}",Wokingham,,39
E06000042,347151.8,310003.8,384299.7,"{""net_additional_dwellings"": -16521.599609375, ""job_density"": -2362.18603515625, ""population"": 1516.175537109375}",356376.8,293892.7,418860.8,"{""net_additional_dwellings"": -17559.166015625, ""job_density"": -6761.9697265625, ""population"": 5785.60400390625}",389263.5,309121.7,469405.4,"{""net_additional_dwellings"": -29969.19921875, ""job_density"": -12939.837890625, ""population"": 12743.583984375}",406213.9,306752.1,505675.6,"{""net_additional_dwellings"": -8714.4609375, ""job_density"": 1083.847900390625, ""population"": 3722.690185546875}",419704.8,340517.6,498891.9,"{""net_additional_dwellings"": -7719.55322265625, ""job_density"": -3087.92919921875, ""population"": 9013.763671875}",9.9,8.6,11.2,"{""net_additional_dwellings"": -1.5998300313949585, ""job_density"": -0.7622302770614624, ""population"": 0.10437444597482681}",10.6,9.1,12.1,"{""net_additional_dwellings"": -1.1211507320404053, ""job_density"": -0.5003787279129028, ""population"": 0.3362516760826111}",10.9,8.8,13,"{""net_additional_dwellings"": -1.2229301929473877, ""job_density"": -0.6746621131896973, ""population"": 0.49196067452430725}",12,9.4,14.6,"{""net_additional_dwellings"": -3.4246747493743896, ""job_density"": -0.7875436544418335, ""population"": 0.8683064579963684}",12.2,9.4,15.1,"{""net_additional_dwellings"": -3.483944892883301, ""job_density"": -0.7374554872512817, ""population"": 0.7930700182914734}",Milton Keynes,,40
E06000043,477484.4,426389.9,528579,"{""net_additional_dwellings"": -2954.83349609375, ""job_density"": -312.497802734375, ""population"": 2324.114501953125}",485992.1,400782.4,571201.8,"{""net_additional_dwellings"": -14474.7880859375, ""job_density"": -8771.5244140625, ""population"": 6331.4638671875}",510921.1,405732.4,616109.9,"{""net_additional_dwellings"": -25634.833984375, ""job_density"": -4488.546875, ""population"": 15328.20703125}",539826.9,407649.9,672003.9,"{""net_additional_dwellings"": -9069.1767578125, ""job_density"": -6149.6416015625, ""population"": 5222.61376953125}",586196.2,475596.5,696796,"{""net_additional_dwellings"": 1412.35009765625, ""job_density"": -6368.3896484375, ""population"": 10217.2578125}",13.7,11.9,15.4,"{""net_additional_dwellings"": -0.7407015562057495, ""job_density"": -0.6916093826293945, ""population"": 0.15593799948692322}",13.9,11.9,15.9,"{""net_additional_dwellings"": -0.6634705066680908, ""job_density"": -0.4741324782371521, ""population"": 0.29940885305404663}",14.6,11.8,17.4,"{""net_additional_dwellings"": -0.7639299631118774, ""job_density"": -0.41065680980682373, ""population"": 0.45584163069725037}",15.8,12.4,19.2,"{""net_additional_dwellings"": -2.451613664627075, ""job_density"": -0.4356011152267456, ""population"": 0.4430563151836395}",16.9,13,20.8,"{""net_additional_dwellings"": -1.7100814580917358, ""job_density"": -0.35553860664367676, ""population"": 0.7368489503860474}",Brighton and Hove,,41
E06000044,278593.9,248782.1,308405.6,"{""net_additional_dwellings"": 15242.50390625, ""job_density"": -1983.6185302734375, ""population"": 1356.2230224609375}",294303,242702.4,345903.6,"{""net_additional_dwellings"": 22245.978515625, ""job_density"": -4519.72314453125, ""population"": 3902.468017578125}",308320.5,244843.3,371797.7,"{""net_additional_dwellings"": 62492.67578125, ""job_density"": -6233.30810546875, ""population"": 3722.10791015625}",316885,239295.5,394474.5,"{""net_additional_dwellings"": 8291.0380859375, ""job_density"": -3769.8896484375, ""population"": 4928.08935546875}",326943.8,265258.1,388629.4,"{""net_additional_dwellings"": 10433.978515625, ""job_density"": -4829.1669921875, ""population"": 6494.412109375}",8.8,7.7,10,"{""net_additional_dwellings"": 0.18081769347190857, ""job_density"": -0.7286546230316162, ""population"": 0.1605142205953598}",9.6,8.2,11,"{""net_additional_dwellings"": 2.2053871154785156, ""job_density"": -0.6773111820220947, ""population"": 0.34136688709259033}",9.8,7.9,11.6,"{""net_additional_dwellings"": 2.115713357925415, ""job_density"": -0.7833583354949951, ""population"": 0.28356868028640747}",10.2,8,12.4,"{""net_additional_dwellings"": 1.6284918785095215, ""job_density"": -0.4068203866481781, ""population"": 0.4093444347381592}",9.6,7.4,11.8,"{""net_additional_dwellings"": 1.513688564300537, ""job_density"": -1.1108890771865845, ""population"": 0.697818398475647}",Portsmouth,,42
E06000045,256836.4,229352.9,284319.9,"{""net_additional_dwellings"": 3418.95166015625, ""job_density"": 4372.822265625, ""population"": 1776.0303955078125}",270641.1,223189.2,318093,"{""net_additional_dwellings"": 5315.9697265625, ""job_density"": -2460.1201171875, ""population"": 3566.44287109375}",283949.9,225490.1,342409.7,"{""net_additional_dwellings"": 19261.947265625, ""job_density"": 2383.5673828125, ""population"": 8515.837890625}",280632.5,211919.5,349345.6,"{""net_additional_dwellings"": -761.14404296875, ""job_density"": -3164.353271484375, ""population"": 4174.837890625}",288800.5,234311.5,343289.5,"{""net_additional_dwellings"": 451.149169921875, ""job_density"": 2868.762451171875, ""population"": 7067.68212890625}",8.6,7.5,9.7,"{""net_additional_dwellings"": 0.16612392663955688, ""job_density"": -0.44292914867401123, ""population"": 0.21824118494987488}",9.3,8,10.7,"{""net_additional_dwellings"": -0.6663411259651184, ""job_density"": 0.21745264530181885, ""population"": 0.36516639590263367}",9.5,7.7,11.3,"{""net_additional_dwellings"": -0.5056291222572327, ""job_density"": -0.6759032011032104, ""population"": 0.5195024609565735}",9.5,7.4,11.5,"{""net_additional_dwellings"": -0.35063546895980835, ""job_density"": -1.0740141868591309, ""population"": 0.7583327889442444}",9.7,7.5,12,"{""net_additional_dwellings"": -0.4340027868747711, ""job_density"": 0.08398547768592834, ""population"": 0.6833806037902832}",Southampton,,43
E06000046,266351.9,237850.2,294853.7,"{""net_additional_dwellings"": -135.1339111328125, ""job_density"": 1726.9664306640625, ""population"": 1215.7401123046875}",272518.6,224737.5,320299.7,"{""net_additional_dwellings"": 772.487060546875, ""job_density"": -1609.3824462890625, ""population"": 1497.65966796875}",273921.5,217526.3,330316.6,"{""net_additional_dwellings"": 7928.43212890625, ""job_density"": 4045.86474609375, ""population"": -188.58706665039062}",273725.5,206703.6,340747.4,"{""net_additional_dwellings"": -5924.17578125, ""job_density"": -2275.007080078125, ""population"": -109.70674133300781}",299890.8,243309.3,356472.3,"{""net_additional_dwellings"": 1235.976806640625, ""job_density"": 2139.388427734375, ""population"": 1401.9951171875}",9.9,8.6,11.2,"{""net_additional_dwellings"": -0.2845475375652313, ""job_density"": -0.5880168676376343, ""population"": -0.04572676494717598}",10,8.5,11.4,"{""net_additional_dwellings"": -0.27571648359298706, ""job_density"": -0.10488429665565491, ""population"": -0.1028502956032753}",10,8.1,11.9,"{""net_additional_dwellings"": -0.42346417903900146, ""job_density"": -0.6072708964347839, ""population"": -0.10525451600551605}",10.4,8.2,12.6,"{""net_additional_dwellings"": -1.0911340713500977, ""job_density"": -1.2158976793289185, ""population"": 0.26267004013061523}",10.6,8.1,13,"{""net_additional_dwellings"": -0.3240589201450348, ""job_density"": -0.0892477035522461, ""population"": 0.6697651147842407}",Isle of Wight,,44
E06000047,132343.1,118181.4,146504.9,"{""net_additional_dwellings"": -12629.8037109375, ""job_density"": -1787.9124755859375, ""population"": 1397.400146484375}",134104.4,110591.7,157617.1,"{""net_additional_dwellings"": -11605.2587890625, ""job_density"": 3029.637939453125, ""population"": 3038.0224609375}",135565,107654.8,163475.2,"{""net_additional_dwellings"": -20819.107421875, ""job_density"": 11143.802734375, ""population"": 8934.3271484375}",144537.9,109147.7,179928.2,"{""net_additional_dwellings"": -6858.01025390625, ""job_density"": 1486.029296875, ""population"": 1310.864501953125}",151749.8,123118.6,180381,"{""net_additional_dwellings"": -11472.4091796875, ""job_density"": 459.65386962890625, ""population"": 3677.81640625}",5.4,4.7,6.1,"{""net_additional_dwellings"": -1.374585747718811, ""job_density"": -0.6985217332839966, ""population"": 0.17740672826766968}",5.4,4.6,6.2,"{""net_additional_dwellings"": -1.2467528581619263, ""job_density"": -0.0017731636762619019, ""population"": 0.23500140011310577}",5.3,4.3,6.4,"{""net_additional_dwellings"": -0.8294049501419067, ""job_density"": 0.34690243005752563, ""population"": 0.39548933506011963}",5.5,4.3,6.7,"{""net_additional_dwellings"": -3.0759387016296387, ""job_density"": -0.47428563237190247, ""population"": 0.5678558349609375}",5.2,4,6.4,"{""net_additional_dwellings"": -2.4310901165008545, ""job_density"": -0.1643086075782776, ""population"": 0.5298905372619629}",County Durham,,45
E06000049,284296.4,253874.4,314718.3,"{""net_additional_dwellings"": -15698.173828125, ""job_density"": -2178.41064453125, ""population"": 1139.517822265625}",289232.7,238521.1,339944.3,"{""net_additional_dwellings"": -17840.21875, ""job_density"": -7377.072265625, ""population"": 3795.40625}",303931.3,241357.8,366504.9,"{""net_additional_dwellings"": -44364.265625, ""job_density"": -5393.443359375, ""population"": 13026.1015625}",313056.2,236404.2,389708.3,"{""net_additional_dwellings"": -12338.7939453125, ""job_density"": -5488.6748046875, ""population"": 3940.81201171875}",324143,262985.8,385300.2,"{""net_additional_dwellings"": -14291.642578125, ""job_density"": -4711.5830078125, ""population"": 6717.9384765625}",9.1,8,10.3,"{""net_additional_dwellings"": -1.5793694257736206, ""job_density"": -0.7677534818649292, ""population"": 0.2218519151210785}",9.4,8,10.7,"{""net_additional_dwellings"": -1.309105396270752, ""job_density"": -0.4971381425857544, ""population"": 0.3924841582775116}",9.8,7.9,11.7,"{""net_additional_dwellings"": -1.0373640060424805, ""job_density"": -0.6498125791549683, ""population"": 0.5006420612335205}",9.5,7.4,11.5,"{""net_additional_dwellings"": -3.659318208694458, ""job_density"": -1.2533057928085327, ""population"": 0.7833297252655029}",9.9,7.6,12.2,"{""net_additional_dwellings"": -2.7917966842651367, ""job_density"": -0.7217346429824829, ""population"": 0.8837498426437378}",Cheshire East,,46
E06000050,257898.4,230301.3,285495.6,"{""net_additional_dwellings"": -11236.2880859375, ""job_density"": 574.6070556640625, ""population"": 607.4487915039062}",273982.6,225944.8,322020.4,"{""net_additional_dwellings"": -3659.396728515625, ""job_density"": -3041.29052734375, ""population"": 3005.86083984375}",277095.6,220047,334144.2,"{""net_additional_dwellings"": -19513.017578125, ""job_density"": -1972.7177734375, ""population"": 13470.5927734375}",285085.3,215282,354888.7,"{""net_additional_dwellings"": -8205.1904296875, ""job_density"": -601.1826171875, ""population"": 2061.58642578125}",289475.1,234858.8,344091.4,"{""net_additional_dwellings"": -11411.7294921875, ""job_density"": -4343.28173828125, ""population"": 5441.11181640625}",8.6,7.5,9.7,"{""net_additional_dwellings"": -1.5085864067077637, ""job_density"": -0.7990052700042725, ""population"": 0.18726907670497894}",8.9,7.6,10.2,"{""net_additional_dwellings"": -0.8912559747695923, ""job_density"": -0.41302943229675293, ""population"": 0.3455667495727539}",9.1,7.3,10.8,"{""net_additional_dwellings"": -1.1221892833709717, ""job_density"": -0.6153138875961304, ""population"": 0.44713345170021057}",8.9,7,10.9,"{""net_additional_dwellings"": -3.161396026611328, ""job_density"": -1.3390378952026367, ""population"": 0.7477267980575562}",9,6.9,11.1,"{""net_additional_dwellings"": -2.533606767654419, ""job_density"": -0.8778194785118103, ""population"": 0.7093536257743835}",Cheshire West and Chester,,47
E06000051,276715.5,247104.7,306326.2,"{""net_additional_dwellings"": -12426.71484375, ""job_density"": 3388.179443359375, ""population"": 1238.0167236328125}",287957.5,237469.5,338445.5,"{""net_additional_dwellings"": -9652.3408203125, ""job_density"": -1672.115478515625, ""population"": 3820.551025390625}",297910.5,236576.5,359244.5,"{""net_additional_dwellings"": -20067.248046875, ""job_density"": 1364.0732421875, ""population"": 11103.322265625}",297758,224851.7,370664.3,"{""net_additional_dwellings"": -8382.625, ""job_density"": -1159.129638671875, ""population"": 3567.646240234375}",312089,253206.1,370971.9,"{""net_additional_dwellings"": -11178.990234375, ""job_density"": -3181.08642578125, ""population"": 8063.63330078125}",9.4,8.2,10.6,"{""net_additional_dwellings"": -1.5705280303955078, ""job_density"": -0.6652392148971558, ""population"": 0.14698654413223267}",9.5,8.1,10.8,"{""net_additional_dwellings"": -1.0750350952148438, ""job_density"": -0.1637018918991089, ""population"": 0.3469664454460144}",9.6,7.7,11.4,"{""net_additional_dwellings"": -1.0991846323013306, ""job_density"": -0.4389868974685669, ""population"": 0.44194263219833374}",9.8,7.7,11.9,"{""net_additional_dwellings"": -2.957336664199829, ""job_density"": -1.2377734184265137, ""population"": 0.779365062713623}",9.7,7.5,11.9,"{""net_additional_dwellings"": -2.3744399547576904, ""job_density"": -0.424091100692749, ""population"": 0.7419746518135071}",Shropshire,,48
E06000052,286161.6,255540.1,316783.2,"{""net_additional_dwellings"": -22630.96484375, ""job_density"": 1260.0711669921875, ""population"": 1179.7427978515625}",305248.8,251729,358768.5,"{""net_additional_dwellings"": -19973.671875, ""job_density"": -6226.4296875, ""population"": 4717.2333984375}",315311.8,250395.2,380228.4,"{""net_additional_dwellings"": -46014.87890625, ""job_density"": 219.931640625, ""population"": 14252.0146484375}",319525.9,241289.8,397762.1,"{""net_additional_dwellings"": -13368.326171875, ""job_density"": -3464.62646484375, ""population"": 2509.3857421875}",327349.7,265587.5,389112,"{""net_additional_dwellings"": -16645.939453125, ""job_density"": -4025.89794921875, ""population"": 5536.76513671875}",10.2,8.9,11.5,"{""net_additional_dwellings"": -1.6437486410140991, ""job_density"": -0.5987962484359741, ""population"": 0.2063106894493103}",10.4,8.9,11.9,"{""net_additional_dwellings"": -1.347034215927124, ""job_density"": -0.12233434617519379, ""population"": 0.376153826713562}",10.4,8.4,12.5,"{""net_additional_dwellings"": -1.122434377670288, ""job_density"": -0.5129891037940979, ""population"": 0.5270012617111206}",10.1,7.9,12.3,"{""net_additional_dwellings"": -3.6049318313598633, ""job_density"": -1.101780652999878, ""population"": 0.7190593481063843}",10.4,8,12.8,"{""net_additional_dwellings"": -3.027658224105835, ""job_density"": -0.06823299080133438, ""population"": 0.7220880389213562}",Cornwall,,49
E06000053,357363.2,319122.6,395603.9,"{""net_additional_dwellings"": -16592.162109375, ""job_density"": -3054.35986328125, ""population"": 3200.252685546875}",367820.9,303330.3,432311.5,"{""net_additional_dwellings"": -16246.369140625, ""job_density"": -6774.29345703125, ""population"": 5403.7021484375}",390892.9,310415.6,471370.2,"{""net_additional_dwellings"": -37257.91015625, ""job_density"": -6136.435546875, ""population"": 16272.7548828125}",387293.7,292464.5,482122.8,"{""net_additional_dwellings"": -9873.7958984375, ""job_density"": -5145.02197265625, ""population"": 4246.615234375}",389926,316357.3,463494.7,"{""net_additional_dwellings"": -9327.7685546875, ""job_density"": -4491.7392578125, ""population"": -946.37744140625}",10.3,9,11.6,"{""net_additional_dwellings"": -1.9199988842010498, ""job_density"": -1.0126166343688965, ""population"": 0.18833580613136292}",11.1,9.5,12.7,"{""net_additional_dwellings"": -1.0644595623016357, ""job_density"": -0.6473686695098877, ""population"": 0.3382969796657562}",11.1,9,13.3,"{""net_additional_dwellings"": -1.0894441604614258, ""job_density"": -0.9987834095954895, ""population"": 0.46771445870399475}",11.5,9,13.9,"{""net_additional_dwellings"": -3.4973433017730713, ""job_density"": -1.2773997783660889, ""population"": 0.7363482713699341}",12.2,9.4,15.1,"{""net_additional_dwellings"": -3.38116717338562, ""job_density"": -0.1140526831150055, ""population"": 0.726855456829071}",Wiltshire,,51
E06000054,340670.4,304216,377124.8,"{""net_additional_dwellings"": -8710.421875, ""job_density"": 3734.43212890625, ""population"": 1002.5067138671875}",351399.7,289788.3,413011.1,"{""net_additional_dwellings"": -6943.96044921875, ""job_density"": -2123.583740234375, ""population"": 2654.41796875}",388397.8,308434.2,468361.4,"{""net_additional_dwellings"": -19595.3359375, ""job_density"": -7711.427734375, ""population"": 8822.7275390625}",393635.8,297253.8,490017.7,"{""net_additional_dwellings"": -7063.6982421875, ""job_density"": -3471.71630859375, ""population"": 4671.99267578125}",417525.5,338749.5,496301.6,"{""net_additional_dwellings"": -5461.447265625, ""job_density"": 1155.6383056640625, ""population"": 9872.630859375}",10.5,9.2,11.9,"{""net_additional_dwellings"": -1.441326379776001, ""job_density"": -0.632809042930603, ""population"": 0.05074417218565941}",11.2,9.6,12.8,"{""net_additional_dwellings"": -0.6437078714370728, ""job_density"": 0.20651352405548096, ""population"": 0.29029330611228943}",11.8,9.6,14.1,"{""net_additional_dwellings"": -1.0867409706115723, ""job_density"": -0.46309858560562134, ""population"": 0.2871561050415039}",12.7,10,15.4,"{""net_additional_dwellings"": -2.819185256958008, ""job_density"": -0.7752526998519897, ""population"": 0.6985847353935242}",12.8,9.9,15.8,"{""net_additional_dwellings"": -2.446281909942627, ""job_density"": 0.4160844087600708, ""population"": 0.8608188629150391}",Bedford,,52
E06000055,383059.1,342068.7,424049.4,"{""net_additional_dwellings"": -19641.455078125, ""job_density"": -4476.517578125, ""population"": 4004.593994140625}",413251.2,340795.2,485707.1,"{""net_additional_dwellings"": -22430.255859375, ""job_density"": -1986.1202392578125, ""population"": 9696.466796875}",444114.5,352679.9,535549.1,"{""net_additional_dwellings"": -44878.80859375, ""job_density"": 7555.13671875, ""population"": 14690.4658203125}",479221.9,361884.1,596559.8,"{""net_additional_dwellings"": -12978.626953125, ""job_density"": -1172.369873046875, ""population"": 6528.0068359375}",481532.1,390679.7,572384.4,"{""net_additional_dwellings"": -12967.4609375, ""job_density"": -592.4652099609375, ""population"": 9286.591796875}",11.8,10.3,13.3,"{""net_additional_dwellings"": -1.657619595527649, ""job_density"": -1.0097205638885498, ""population"": 0.14782720804214478}",13.1,11.2,15,"{""net_additional_dwellings"": -1.2430751323699951, ""job_density"": 0.4779243469238281, ""population"": 0.3518702983856201}",13.1,10.6,15.6,"{""net_additional_dwellings"": -1.2327187061309814, ""job_density"": -0.22950401902198792, ""population"": 0.4625968635082245}",14.4,11.3,17.5,"{""net_additional_dwellings"": -3.050929546356201, ""job_density"": -0.5018017292022705, ""population"": 0.8203566670417786}",14.2,10.9,17.5,"{""net_additional_dwellings"": -3.209566116333008, ""job_density"": 0.10649079084396362, ""population"": 0.7401140332221985}",Central Bedfordshire,,105
E07000081,205265.4,183300.4,227230.4,"{""net_additional_dwellings"": -13147.8486328125, ""job_density"": -3026.658203125, ""population"": 1457.2196044921875}",217019.8,178969.4,255070.2,"{""net_additional_dwellings"": -11099.333984375, ""job_density"": 1939.26171875, ""population"": 4324.1884765625}",208981.1,165956,252006.3,"{""net_additional_dwellings"": -26009.00390625, ""job_density"": 3037.8994140625, ""population"": 11120.689453125}",223202.2,168551,277853.4,"{""net_additional_dwellings"": -9189.701171875, ""job_density"": 1147.5677490234375, ""population"": 2472.431640625}",213584.7,173286.9,253882.5,"{""net_additional_dwellings"": -13380.525390625, ""job_density"": -1748.3253173828125, ""population"": 5712.93798828125}",7.5,6.6,8.5,"{""net_additional_dwellings"": -1.3766599893569946, ""job_density"": -1.1064343452453613, ""population"": 0.13626398146152496}",7.8,6.6,8.9,"{""net_additional_dwellings"": -1.3829536437988281, ""job_density"": 0.05211320519447327, ""population"": 0.34932172298431396}",7.7,6.2,9.1,"{""net_additional_dwellings"": -1.1641558408737183, ""job_density"": -0.022054195404052734, ""population"": 0.39337408542633057}",7.7,6.1,9.4,"{""net_additional_dwellings"": -2.7157177925109863, ""job_density"": -0.8050549626350403, ""population"": 0.7184990048408508}",7.4,5.7,9.1,"{""net_additional_dwellings"": -2.4388656616210938, ""job_density"": -0.4678646922111511, ""population"": 0.8126808404922485}",Northumberland,,106
E07000082,392660.6,350642.8,434678.4,"{""net_additional_dwellings"": -5771.1787109375, ""job_density"": -3507.00537109375, ""population"": 4693.4365234375}",415490.3,342641.8,488338.8,"{""net_additional_dwellings"": -4318.6552734375, ""job_density"": -8095.875, ""population"": 5850.37255859375}",420080.2,333593.8,506566.5,"{""net_additional_dwellings"": -4530.580078125, ""job_density"": -5652.181640625, ""population"": 18056.416015625}",408537.4,308506.8,508568.1,"{""net_additional_dwellings"": -2167.083251953125, ""job_density"": -4285.63525390625, ""population"": 3916.341796875}",410508.1,333056.1,487960.2,"{""net_additional_dwellings"": -3826.62353515625, ""job_density"": -5851.33642578125, ""population"": 2641.70458984375}",11.1,9.7,12.5,"{""net_additional_dwellings"": -0.5612085461616516, ""job_density"": -0.8070176839828491, ""population"": 0.20467609167099}",11.5,9.8,13.1,"{""net_additional_dwellings"": -0.39163273572921753, ""job_density"": -0.7091048955917358, ""population"": 0.3632063865661621}",11.9,9.6,14.2,"{""net_additional_dwellings"": -0.8987531661987305, ""job_density"": -0.7262907028198242, ""population"": 0.5256248712539673}",12.3,9.7,15,"{""net_additional_dwellings"": -3.0617051124572754, ""job_density"": -0.8598405718803406, ""population"": 0.8827331066131592}",12.6,9.7,15.5,"{""net_additional_dwellings"": -1.9963399171829224, ""job_density"": -0.6163499355316162, ""population"": 0.8106002807617188}","Bournemouth, Christchurch and Poole",,107
E07000083,385911.6,344616,427207.1,"{""net_additional_dwellings"": -15317.5380859375, ""job_density"": -1471.016845703125, ""population"": 4003.819091796875}",405819.6,334666.6,476972.5,"{""net_additional_dwellings"": -20355.091796875, ""job_density"": -6050.35595703125, ""population"": 5548.9228515625}",418020.4,331958.1,504082.7,"{""net_additional_dwellings"": -28693.1484375, ""job_density"": -5522.60009765625, ""population"": 18598.35546875}",398791.9,301147.4,496436.3,"{""net_additional_dwellings"": -6277.515625, ""job_density"": -3584.137939453125, ""population"": 3662.667724609375}",412001.8,334267.9,489735.6,"{""net_additional_dwellings"": -5774.927734375, ""job_density"": -5167.2626953125, ""population"": 3364.7861328125}",11.7,10.2,13.2,"{""net_additional_dwellings"": -2.104560375213623, ""job_density"": -1.0837563276290894, ""population"": 0.2031068503856659}",12.7,10.9,14.6,"{""net_additional_dwellings"": -0.9071344137191772, ""job_density"": -0.49045172333717346, ""population"": 0.355378657579422}",12.7,10.2,15.1,"{""net_additional_dwellings"": -1.0025231838226318, ""job_density"": -0.6962891817092896, ""population"": 0.5005022883415222}",12.6,9.9,15.3,"{""net_additional_dwellings"": -3.1602001190185547, ""job_density"": -1.020173192024231, ""population"": 0.7645856142044067}",13.1,10.1,16.2,"{""net_additional_dwellings"": -2.9248008728027344, ""job_density"": -0.3422163426876068, ""population"": 0.8214914798736572}",Dorset,,108
E07000084,511127.9,456433.2,565822.6,"{""net_additional_dwellings"": -15854.2587890625, ""job_density"": 566.947021484375, ""population"": -60.554229736328125}",533439.1,439910.5,626967.8,"{""net_additional_dwellings"": -22648.95703125, ""job_density"": -7404.01318359375, ""population"": 1277.4747314453125}",536046.3,425684.8,646407.9,"{""net_additional_dwellings"": -51331.28515625, ""job_density"": -5881.78125, ""population"": 16165.9501953125}",584484.8,441373.3,727596.3,"{""net_additional_dwellings"": -15420.552734375, ""job_density"": -7136.560546875, ""population"": -4415.88134765625}",635950.5,515963.5,755937.5,"{""net_additional_dwellings"": -8540.5947265625, ""job_density"": -8648.0830078125, ""population"": 2978.84033203125}",13.7,11.9,15.4,"{""net_additional_dwellings"": -1.637853980064392, ""job_density"": -0.9331783652305603, ""population"": 0.18034347891807556}",12.9,11,14.8,"{""net_additional_dwellings"": -1.8148722648620605, ""job_density"": -0.39208292961120605, ""population"": 0.3805527687072754}",13.6,11,16.2,"{""net_additional_dwellings"": -1.5375010967254639, ""job_density"": -0.753642737865448, ""population"": 0.4351368248462677}",16,12.5,19.4,"{""net_additional_dwellings"": -3.308776617050171, ""job_density"": -0.8993554711341858, ""population"": 0.3445677161216736}",16.7,12.9,20.6,"{""net_additional_dwellings"": -3.7730607986450195, ""job_density"": -0.5074470043182373, ""population"": 0.7354958057403564}",Buckinghamshire,,109
E07000085,271551.7,242493.6,300609.9,"{""net_additional_dwellings"": -13916.4580078125, ""job_density"": 2029.8599853515625, ""population"": 639.3854370117188}",278267.7,229478.6,327056.8,"{""net_additional_dwellings"": -14429.2958984375, ""job_density"": -5437.04443359375, ""population"": 2817.89892578125}",294444.7,233824.2,355065.1,"{""net_additional_dwellings"": -26397.265625, ""job_density"": -2705.9921875, ""population"": 12535.349609375}",288049.9,217520.7,358579.2,"{""net_additional_dwellings"": -8174.421875, ""job_density"": -2905.51416015625, ""population"": 2006.337158203125}",301604,244699.3,358508.7,"{""net_additional_dwellings"": -10945.28515625, ""job_density"": 804.6812744140625, ""population"": 5071.228515625}",9.1,7.9,10.2,"{""net_additional_dwellings"": -1.5978196859359741, ""job_density"": -0.6702823638916016, ""population"": 0.21621719002723694}",9.5,8.2,10.9,"{""net_additional_dwellings"": -1.1594172716140747, ""job_density"": 0.10084162652492523, ""population"": 0.3672231435775757}",9.6,7.8,11.5,"{""net_additional_dwellings"": -0.9844793081283569, ""job_density"": -0.6316542625427246, ""population"": 0.46804672479629517}",9.4,7.4,11.4,"{""net_additional_dwellings"": -3.01943039894104, ""job_density"": -1.1744033098220825, ""population"": 0.7340543270111084}",10.2,7.9,12.6,"{""net_additional_dwellings"": -2.571881055831909, ""job_density"": 0.4187578856945038, ""population"": 0.7434285283088684}",North Northamptonshire,,110
E07000086,304014.4,271482.5,336546.3,"{""net_additional_dwellings"": -16687.84375, ""job_density"": -2382.000732421875, ""population"": 1182.69091796875}",316009.1,260602.8,371415.4,"{""net_additional_dwellings"": -17417.08203125, ""job_density"": -6250.6298828125, ""population"": 4913.474609375}",332276.7,263867.3,400686,"{""net_additional_dwellings"": -34642.67578125, ""job_density"": -4101.390625, ""population"": 13826.291015625}",351642.5,265542.6,437742.4,"{""net_additional_dwellings"": -11621.298828125, ""job_density"": -6286.240234375, ""population"": 5979.796875}",353569.2,286860,420278.3,"{""net_additional_dwellings"": -13713.37109375, ""job_density"": -6565.4345703125, ""population"": 4237.02734375}",9.2,8,10.4,"{""net_additional_dwellings"": -1.514615774154663, ""job_density"": -0.8455761075019836, ""population"": 0.21435779333114624}",9.9,8.5,11.3,"{""net_additional_dwellings"": -1.2010247707366943, ""job_density"": -0.6383980512619019, ""population"": 0.381683886051178}",10.2,8.2,12.2,"{""net_additional_dwellings"": -1.112264633178711, ""job_density"": -0.35980910062789917, ""population"": 0.506330132484436}",10.9,8.6,13.3,"{""net_additional_dwellings"": -3.6942124366760254, ""job_density"": -1.0250263214111328, ""population"": 0.8291277289390564}",11.4,8.7,14,"{""net_additional_dwellings"": -2.841535806655884, ""job_density"": -0.6705408096313477, ""population"": 0.8802525401115417}",West Northamptonshire,,111
E07000087,549632.2,490817.3,608447.2,"{""net_additional_dwellings"": -847.8994140625, ""job_density"": -4321.4609375, ""population"": 1626.3466796875}",571910.1,471636.2,672183.9,"{""net_additional_dwellings"": -4800.8515625, ""job_density"": 230.9378204345703, ""population"": 1955.1810302734375}",595015.9,472513.6,717518.1,"{""net_additional_dwellings"": -6209.8125, ""job_density"": -14168.5283203125, ""population"": -862.8504638671875}",677459.9,511583.4,843336.5,"{""net_additional_dwellings"": -5427.10498046875, ""job_density"": 97.63333129882812, ""population"": -2865.035888671875}",718943.4,583297.8,854589,"{""net_additional_dwellings"": -4966.13232421875, ""job_density"": -1843.662841796875, ""population"": -1259.857421875}",14.3,12.5,16.2,"{""net_additional_dwellings"": 0.03725576400756836, ""job_density"": -0.7190039157867432, ""population"": -0.05105782300233841}",16.1,13.8,18.5,"{""net_additional_dwellings"": 0.3062162399291992, ""job_density"": -0.724481999874115, ""population"": 0.02152976766228676}",17.7,14.3,21.1,"{""net_additional_dwellings"": -0.5677506923675537, ""job_density"": -0.3061865568161011, ""population"": 0.006246802397072315}",20.1,15.8,24.5,"{""net_additional_dwellings"": -1.0294462442398071, ""job_density"": -0.7097780704498291, ""population"": 0.398611456155777}",18.6,14.3,22.9,"{""net_additional_dwellings"": -0.5610727071762085, ""job_density"": -0.9450140595436096, ""population"": 0.7790799736976624}",Cambridge,,116
E07000088,357114,318900,395328,"{""net_additional_dwellings"": 3806.790283203125, ""job_density"": 187.832275390625, ""population"": -1726.189453125}",374789.2,309076.8,440501.5,"{""net_additional_dwellings"": 5170.2255859375, ""job_density"": -3990.36767578125, ""population"": -4409.62744140625}",407137.1,323315.4,490958.7,"{""net_additional_dwellings"": -12680.8095703125, ""job_density"": -11158.390625, ""population"": -15742.6533203125}",396464.5,299389.9,493539.2,"{""net_additional_dwellings"": -5536.9150390625, ""job_density"": -2796.07958984375, ""population"": -4095.385498046875}",416650.8,338039.8,495261.7,"{""net_additional_dwellings"": -4479.60498046875, ""job_density"": 874.6580200195312, ""population"": -5808.48486328125}",11.6,10.1,13.1,"{""net_additional_dwellings"": 0.3331957459449768, ""job_density"": -1.1626472473144531, ""population"": -0.09583773463964462}",12.2,10.4,14,"{""net_additional_dwellings"": 0.542942464351654, ""job_density"": 0.31455567479133606, ""population"": -0.1905589997768402}",12.8,10.4,15.3,"{""net_additional_dwellings"": 0.1676323264837265, ""job_density"": -0.27104562520980835, ""population"": -0.3552071154117584}",12.7,10,15.4,"{""net_additional_dwellings"": -0.8138386011123657, ""job_density"": -1.0203266143798828, ""population"": -0.8041809797286987}",13.2,10.2,16.3,"{""net_additional_dwellings"": 0.3243834376335144, ""job_density"": -0.18306505680084229, ""population"": -0.5904744267463684}",East Cambridgeshire,,117
E07000089,252759.1,225711.9,279806.3,"{""net_additional_dwellings"": 3680.091796875, ""job_density"": -1595.757080078125, ""population"": 352.3821105957031}",261804.2,215901.6,307706.7,"{""net_additional_dwellings"": 5097.0029296875, ""job_density"": -280.708984375, ""population"": -3041.25830078125}",267588.2,212497,322679.5,"{""net_additional_dwellings"": 3294.123046875, ""job_density"": -2550.2890625, ""population"": -9307.46484375}",273647.1,206644.4,340649.8,"{""net_additional_dwellings"": 3392.1376953125, ""job_density"": -1560.51806640625, ""population"": -1673.84521484375}",285699.8,231795.8,339603.8,"{""net_additional_dwellings"": -4212.36474609375, ""job_density"": 673.9747314453125, ""population"": -2581.8359375}",9.3,8.1,10.5,"{""net_additional_dwellings"": -0.5270822048187256, ""job_density"": -1.0992311239242554, ""population"": 0.038616377860307693}",9.8,8.4,11.2,"{""net_additional_dwellings"": 0.3772943615913391, ""job_density"": 0.5372018218040466, ""population"": -0.19896158576011658}",9.7,7.9,11.6,"{""net_additional_dwellings"": -0.013041310012340546, ""job_density"": -0.38736972212791443, ""population"": -0.2793606221675873}",10,7.8,12.1,"{""net_additional_dwellings"": -1.110994815826416, ""job_density"": -0.49591901898384094, ""population"": -0.3447611629962921}",9.8,7.5,12.1,"{""net_additional_dwellings"": 0.13605698943138123, ""job_density"": -0.8649154305458069, ""population"": -0.1731983870267868}",Fenland,,118
E07000090,335299,299419.3,371178.6,"{""net_additional_dwellings"": -8782.2509765625, ""job_density"": 3392.24853515625, ""population"": 1267.358642578125}",347142.5,286277.5,408007.5,"{""net_additional_dwellings"": -3499.65234375, ""job_density"": -3915.90478515625, ""population"": 2841.50244140625}",369752.1,293627.3,445876.9,"{""net_additional_dwellings"": -17296.40234375, ""job_density"": -7796.19970703125, ""population"": 6277.62158203125}",372977.4,281653.6,464301.2,"{""net_additional_dwellings"": -7649.7314453125, ""job_density"": -3731.44140625, ""population"": 2394.381103515625}",393727.8,319441.7,468013.8,"{""net_additional_dwellings"": -7139.81787109375, ""job_density"": 522.7655029296875, ""population"": 8368.6865234375}",10.6,9.3,12,"{""net_additional_dwellings"": -1.434425711631775, ""job_density"": -0.6246772408485413, ""population"": 0.10166822373867035}",11.2,9.6,12.8,"{""net_additional_dwellings"": -0.6968971490859985, ""job_density"": 0.059339530766010284, ""population"": 0.25620323419570923}",11.3,9.2,13.5,"{""net_additional_dwellings"": -1.1247730255126953, ""job_density"": -0.4589500427246094, ""population"": 0.2924536466598511}",11.5,9.1,14,"{""net_additional_dwellings"": -2.980896472930908, ""job_density"": -0.9755514860153198, ""population"": 0.7168042659759521}",11.9,9.2,14.7,"{""net_additional_dwellings"": -2.0303986072540283, ""job_density"": 0.18961447477340698, ""population"": 0.8989018797874451}",Huntingdonshire,,119
E07000091,452966,404495.1,501436.9,"{""net_additional_dwellings"": -10698.4169921875, ""job_density"": -5615.7265625, ""population"": 1099.25341796875}",460966.8,380144.8,541788.8,"{""net_additional_dwellings"": -18081.2265625, ""job_density"": -13151.9892578125, ""population"": 1431.1810302734375}",491623.6,390407.8,592839.4,"{""net_additional_dwellings"": -36614.40234375, ""job_density"": -13474.611328125, ""population"": 8150.890625}",549816.2,415193.4,684439.1,"{""net_additional_dwellings"": -11185.3984375, ""job_density"": -12111.615234375, ""population"": -12.672484397888184}",575889.9,467234.7,684545.1,"{""net_additional_dwellings"": -595.703369140625, ""job_density"": -10704.8291015625, ""population"": 486.814697265625}",11.4,10,12.9,"{""net_additional_dwellings"": -1.2527744770050049, ""job_density"": -1.2805628776550293, ""population"": 0.018438946455717087}",11.3,9.7,12.9,"{""net_additional_dwellings"": -0.6726714968681335, ""job_density"": -1.2687896490097046, ""population"": 0.11881157010793686}",13,10.5,15.5,"{""net_additional_dwellings"": -1.0154460668563843, ""job_density"": -0.5856807231903076, ""population"": 0.054295673966407776}",13.2,10.3,16,"{""net_additional_dwellings"": -2.801867961883545, ""job_density"": -1.2276885509490967, ""population"": 0.6851085424423218}",14.6,11.3,18,"{""net_additional_dwellings"": -2.6725058555603027, ""job_density"": -1.1050376892089844, ""population"": 0.8094165921211243}",South Cambridgeshire,,120
E07000092,227916.4,203527.6,252305.2,"{""net_additional_dwellings"": 3194.20263671875, ""job_density"": -429.348876953125, ""population"": 1709.98388671875}",233370.1,192453,274287.3,"{""net_additional_dwellings"": 6360.81298828125, ""job_density"": -646.1919555664062, ""population"": 732.892822265625}",233007.9,185036.1,280979.7,"{""net_additional_dwellings"": 4462.7509765625, ""job_density"": -5655.01953125, ""population"": 983.2001953125}",249024.2,188050.4,309997.9,"{""net_additional_dwellings"": -4866.52392578125, ""job_density"": -3328.66015625, ""population"": -694.53955078125}",254469.7,206458,302481.4,"{""net_additional_dwellings"": 2068.315673828125, ""job_density"": 1711.25537109375, ""population"": 485.80181884765625}",8.2,7.2,9.3,"{""net_additional_dwellings"": -0.0961155965924263, ""job_density"": -0.9174018502235413, ""population"": 0.03709062561392784}",8.8,7.5,10,"{""net_additional_dwellings"": -0.15547579526901245, ""job_density"": 0.06321898102760315, ""population"": -0.043342024087905884}",8.6,6.9,10.2,"{""net_additional_dwellings"": -0.9497230052947998, ""job_density"": -0.6661872267723083, ""population"": -0.04445904865860939}",9.2,7.2,11.2,"{""net_additional_dwellings"": -1.0885133743286133, ""job_density"": -1.0714677572250366, ""population"": 0.15095382928848267}",8.9,6.9,11,"{""net_additional_dwellings"": -0.0911533385515213, ""job_density"": -0.6518473029136658, ""population"": 0.4348694682121277}",Amber Valley,,121
E07000093,176947.4,158012.7,195882.2,"{""net_additional_dwellings"": 2101.05078125, ""job_density"": -1101.126220703125, ""population"": -1389.5645751953125}",171853.6,141722.2,201984.9,"{""net_additional_dwellings"": 8170.71630859375, ""job_density"": 1894.7532958984375, ""population"": -4273.81494140625}",180735.1,143525.3,217945,"{""net_additional_dwellings"": -6085.40087890625, ""job_density"": 12493.2587890625, ""population"": -15015.8447265625}",181427.6,137005,225850.3,"{""net_additional_dwellings"": -8430.08984375, ""job_density"": 2294.195068359375, ""population"": -3182.646484375}",180720.9,146623.6,214818.1,"{""net_additional_dwellings"": 361.42626953125, ""job_density"": 2732.87548828125, ""population"": -8053.494140625}",7.1,6.2,8,"{""net_additional_dwellings"": -0.3173315227031708, ""job_density"": -1.055672526359558, ""population"": -0.16211599111557007}",7.1,6.1,8.2,"{""net_additional_dwellings"": 0.0907488763332367, ""job_density"": 0.15873748064041138, ""population"": -0.31595444679260254}",6.9,5.6,8.3,"{""net_additional_dwellings"": -0.2755410671234131, ""job_density"": 0.4667832851409912, ""population"": -0.5122875571250916}",7.5,5.9,9.1,"{""net_additional_dwellings"": -0.12360100448131561, ""job_density"": -0.5176335573196411, ""population"": -0.8363652229309082}",7,5.3,8.6,"{""net_additional_dwellings"": -0.2384067326784134, ""job_density"": -0.520027220249176, ""population"": -0.6459420919418335}",Bolsover,,122
E07000094,205669.6,183661.3,227677.9,"{""net_additional_dwellings"": 11591.986328125, ""job_density"": 1856.249755859375, ""population"": 664.3934326171875}",208341.1,171812.3,244869.8,"{""net_additional_dwellings"": 16653.24609375, ""job_density"": -3142.14794921875, ""population"": -2710.190185546875}",208006.2,165181.8,250830.7,"{""net_additional_dwellings"": 56349.82421875, ""job_density"": -7182.458984375, ""population"": -7659.73681640625}",222765.9,168221.5,277310.3,"{""net_additional_dwellings"": 3505.127685546875, ""job_density"": -1692.130615234375, ""population"": -1512.682861328125}",232444.4,188588.3,276300.5,"{""net_additional_dwellings"": 6542.896484375, ""job_density"": -2761.963623046875, ""population"": -2291.324951171875}",7,6.1,7.9,"{""net_additional_dwellings"": -0.31407079100608826, ""job_density"": -0.7454866170883179, ""population"": 0.10853853076696396}",7,6,8,"{""net_additional_dwellings"": 0.9328145384788513, ""job_density"": -0.7713345885276794, ""population"": -0.14893949031829834}",7.1,5.7,8.5,"{""net_additional_dwellings"": 0.8506180644035339, ""job_density"": -0.9209008812904358, ""population"": -0.27653542160987854}",7.2,5.7,8.8,"{""net_additional_dwellings"": 0.9504967927932739, ""job_density"": -0.48958250880241394, ""population"": -0.1555963009595871}",7.2,5.5,8.9,"{""net_additional_dwellings"": 0.9015634059906006, ""job_density"": -1.2412358522415161, ""population"": -0.1601382941007614}",Chesterfield,,123
E07000095,329308.7,294070,364547.3,"{""net_additional_dwellings"": 7394.98388671875, ""job_density"": -3416.9072265625, ""population"": -2049.10107421875}",340884.9,281117.1,400652.8,"{""net_additional_dwellings"": 10815.8486328125, ""job_density"": -6398.48779296875, ""population"": -7117.79443359375}",330481.8,262442,398521.6,"{""net_additional_dwellings"": 29749.39453125, ""job_density"": -11404.587890625, ""population"": -18156.14453125}",356913.1,269522.7,444303.5,"{""net_additional_dwellings"": 709.7705078125, ""job_density"": -4281.98974609375, ""population"": -5464.529296875}",383195,310896.2,455493.7,"{""net_additional_dwellings"": 4589.4765625, ""job_density"": -741.711181640625, ""population"": -11029.66015625}",10.6,9.2,12,"{""net_additional_dwellings"": 0.16583627462387085, ""job_density"": -0.8489320278167725, ""population"": -0.2994578182697296}",10.8,9.2,12.4,"{""net_additional_dwellings"": 1.0466859340667725, ""job_density"": -0.2352401465177536, ""population"": -0.6627563834190369}",10.3,8.4,12.3,"{""net_additional_dwellings"": 0.6184284090995789, ""job_density"": -0.7648815512657166, ""population"": -0.5813100934028625}",10.3,8.1,12.6,"{""net_additional_dwellings"": -0.4125579595565796, ""job_density"": -0.6426921486854553, ""population"": -0.9232740998268127}",11.6,8.9,14.3,"{""net_additional_dwellings"": 0.673486590385437, ""job_density"": -0.9535417556762695, ""population"": -0.8118641376495361}",Derbyshire Dales,,124
E07000096,214318.2,191384.4,237251.9,"{""net_additional_dwellings"": 12506.4921875, ""job_density"": -3313.7939453125, ""population"": 1813.95947265625}",226034.6,186403.6,265665.5,"{""net_additional_dwellings"": 19757.77734375, ""job_density"": -57.735687255859375, ""population"": -347.099365234375}",220144.9,174821.3,265468.4,"{""net_additional_dwellings"": 45029.8828125, ""job_density"": 4870.419921875, ""population"": -4712.73291015625}",237951.8,179689.1,296214.4,"{""net_additional_dwellings"": 5129.568359375, ""job_density"": -1164.96484375, ""population"": -340.92071533203125}",234729.2,190442,279016.4,"{""net_additional_dwellings"": 5169.892578125, ""job_density"": -30.84698486328125, ""population"": -1455.555419921875}",8,6.9,9,"{""net_additional_dwellings"": -0.25662723183631897, ""job_density"": -1.1191462278366089, ""population"": 0.1225186139345169}",8.6,7.4,9.9,"{""net_additional_dwellings"": 1.8504868745803833, ""job_density"": 0.2750592827796936, ""population"": -0.05799305438995361}",8.4,6.7,10,"{""net_additional_dwellings"": 1.4447252750396729, ""job_density"": 0.09777521342039108, ""population"": -0.012192115187644958}",8.3,6.5,10.1,"{""net_additional_dwellings"": 0.47623366117477417, ""job_density"": -0.4576258063316345, ""population"": -0.0696326196193695}",9.5,7.3,11.7,"{""net_additional_dwellings"": 0.5323153734207153, ""job_density"": -0.14941668510437012, ""population"": 0.24622578918933868}",Erewash,,125
E07000098,254051.4,226865.9,281236.9,"{""net_additional_dwellings"": 11059.5673828125, ""job_density"": 421.49932861328125, ""population"": -640.7083129882812}",257110,212030.6,302189.5,"{""net_additional_dwellings"": 12155.2880859375, ""job_density"": -927.491943359375, ""population"": -4259.8408203125}",251966.7,200091.6,303841.8,"{""net_additional_dwellings"": 26095.28515625, ""job_density"": -281.37548828125, ""population"": -13084.240234375}",260139.1,196443.9,323834.4,"{""net_additional_dwellings"": 115.459228515625, ""job_density"": -2821.539306640625, ""population"": -2308.17578125}",283386.9,229919.3,336854.6,"{""net_additional_dwellings"": 2946.338134765625, ""job_density"": -403.24066162109375, ""population"": -4290.1865234375}",9.4,8.2,10.6,"{""net_additional_dwellings"": -0.23835155367851257, ""job_density"": -1.1429989337921143, ""population"": -0.050128448754549026}",9.5,8.1,10.8,"{""net_additional_dwellings"": 0.6638078689575195, ""job_density"": 0.04737386107444763, ""population"": -0.23664338886737823}",9.6,7.8,11.4,"{""net_additional_dwellings"": 0.6370652318000793, ""job_density"": -0.3094298243522644, ""population"": -0.3866300880908966}",9.3,7.3,11.3,"{""net_additional_dwellings"": 0.4723184406757355, ""job_density"": -1.3708858489990234, ""population"": -0.5232099294662476}",9.6,7.4,11.8,"{""net_additional_dwellings"": 0.7990262508392334, ""job_density"": -0.6035478115081787, ""population"": -0.24568739533424377}",High Peak,,126
E07000099,241656.4,215797.2,267515.5,"{""net_additional_dwellings"": 4134.4013671875, ""job_density"": -1868.334228515625, ""population"": 955.3125610351562}",262371,216369.1,308372.9,"{""net_additional_dwellings"": 7531.58203125, ""job_density"": 7413.4765625, ""population"": -2954.547607421875}",270732.9,214994.2,326471.5,"{""net_additional_dwellings"": 3436.6708984375, ""job_density"": 21219.44921875, ""population"": -8696.2958984375}",281200,212348,350052.1,"{""net_additional_dwellings"": -6122.89501953125, ""job_density"": 7875.6650390625, ""population"": -1707.7611083984375}",275161.2,223245.6,327076.9,"{""net_additional_dwellings"": -2678.4423828125, ""job_density"": 3589.28125, ""population"": -2787.1572265625}",9.2,8,10.4,"{""net_additional_dwellings"": 0.4363435208797455, ""job_density"": -0.7994556427001953, ""population"": 0.08679910004138947}",9.4,8.1,10.8,"{""net_additional_dwellings"": 0.18580491840839386, ""job_density"": 0.863154411315918, ""population"": -0.23201119899749756}",9.6,7.7,11.4,"{""net_additional_dwellings"": -0.5473161339759827, ""job_density"": 1.1418575048446655, ""population"": -0.2968181371688843}",9.7,7.6,11.8,"{""net_additional_dwellings"": -0.6149047613143921, ""job_density"": 0.2886107265949249, ""population"": -0.3540424108505249}",10.1,7.8,12.5,"{""net_additional_dwellings"": -0.5712039470672607, ""job_density"": 0.29330432415008545, ""population"": -0.12675993144512177}",North East Derbyshire,,127
E07000102,248282,221713.9,274850.2,"{""net_additional_dwellings"": -6040.365234375, ""job_density"": -1983.240478515625, ""population"": -54.91133117675781}",261372.9,215546,307199.7,"{""net_additional_dwellings"": -3167.208251953125, ""job_density"": 5475.662109375, ""population"": -2259.426513671875}",273152.3,216915.6,329389.1,"{""net_additional_dwellings"": -18116.84375, ""job_density"": 21354.849609375, ""population"": -9624.7548828125}",270962.4,204617.1,337307.8,"{""net_additional_dwellings"": -7414.890625, ""job_density"": 403.93389892578125, ""population"": -1316.605712890625}",295084,239409.5,350758.5,"{""net_additional_dwellings"": -9174.712890625, ""job_density"": 2613.56298828125, ""population"": -2097.3203125}",8.4,7.3,9.5,"{""net_additional_dwellings"": -1.0824477672576904, ""job_density"": -0.8505199551582336, ""population"": 0.03233141452074051}",8.8,7.5,10,"{""net_additional_dwellings"": -0.7063086032867432, ""job_density"": 0.5927233695983887, ""population"": -0.09441626071929932}",9.1,7.3,10.8,"{""net_additional_dwellings"": -1.2309333086013794, ""job_density"": 0.8434977531433105, ""population"": -0.22903887927532196}",9.1,7.2,11.1,"{""net_additional_dwellings"": -3.2292428016662598, ""job_density"": 0.39429017901420593, ""population"": -0.2067933827638626}",9.5,7.3,11.7,"{""net_additional_dwellings"": -1.6854934692382812, ""job_density"": 1.0614657402038574, ""population"": 0.013628698885440826}",South Derbyshire,,128
E07000103,375886.8,335664,416109.6,"{""net_additional_dwellings"": -7861.845703125, ""job_density"": 3447.38232421875, ""population"": 948.8841552734375}",384301.1,316921,451681.2,"{""net_additional_dwellings"": -9751.9326171875, ""job_density"": -4106.29248046875, ""population"": -947.9632568359375}",392131.7,311399.4,472864,"{""net_additional_dwellings"": -13234.9228515625, ""job_density"": 3581.92724609375, ""population"": -2346.002197265625}",390403.8,294813.2,485994.5,"{""net_additional_dwellings"": -10226.3017578125, ""job_density"": -3211.256591796875, ""population"": -1594.1197509765625}",422069.7,342436.3,501703.1,"{""net_additional_dwellings"": -4916.01318359375, ""job_density"": 303.00830078125, ""population"": 212.22848510742188}",11.5,10.1,13,"{""net_additional_dwellings"": -0.7999935150146484, ""job_density"": -0.9544732570648193, ""population"": 0.024008743464946747}",11.7,10,13.4,"{""net_additional_dwellings"": -0.4139983057975769, ""job_density"": -0.02620149403810501, ""population"": 0.109499990940094}",12,9.7,14.3,"{""net_additional_dwellings"": -0.8743568658828735, ""job_density"": -0.3450169563293457, ""population"": 0.02554696798324585}",11.4,9,13.9,"{""net_additional_dwellings"": -2.7996020317077637, ""job_density"": -1.197251319885254, ""population"": 0.5063284039497375}",12.7,9.8,15.7,"{""net_additional_dwellings"": -1.8640624284744263, ""job_density"": -0.2531672716140747, ""population"": 0.7814067006111145}",East Devon,,129
E07000105,313145.6,279636.6,346654.7,"{""net_additional_dwellings"": -1941.299560546875, ""job_density"": -3484.079833984375, ""population"": 1452.6365966796875}",337040.9,277947,396134.7,"{""net_additional_dwellings"": 4508.52392578125, ""job_density"": -4248.1806640625, ""population"": 2.7467498779296875}",335015.2,266042,403988.3,"{""net_additional_dwellings"": 5273.52734375, ""job_density"": -9124.5830078125, ""population"": 769.017822265625}",344499.9,260148.9,428851,"{""net_additional_dwellings"": -4313.984375, ""job_density"": 83.78179931640625, ""population"": -367.91363525390625}",385044,312396.4,457691.6,"{""net_additional_dwellings"": -1968.068359375, ""job_density"": 6327.80224609375, ""population"": 336.0498962402344}",9.8,8.6,11.1,"{""net_additional_dwellings"": -0.04084676876664162, ""job_density"": -0.23118650913238525, ""population"": 0.10138033330440521}",10,8.5,11.4,"{""net_additional_dwellings"": 0.7692896723747253, ""job_density"": -0.21287061274051666, ""population"": -0.04205744341015816}",10.3,8.3,12.2,"{""net_additional_dwellings"": -1.006339430809021, ""job_density"": -0.49878960847854614, ""population"": -0.051459554582834244}",10.8,8.4,13.1,"{""net_additional_dwellings"": -1.4325945377349854, ""job_density"": -0.2989194691181183, ""population"": 0.48091813921928406}",10.9,8.4,13.4,"{""net_additional_dwellings"": 0.65241539478302, ""job_density"": -0.55607670545578, ""population"": 0.6930295825004578}",Exeter,,130
E07000106,318742.1,284634.2,352850,"{""net_additional_dwellings"": 11830.7705078125, ""job_density"": -1690.50048828125, ""population"": -3103.94384765625}",325973.7,268820.2,383127.1,"{""net_additional_dwellings"": 10715.091796875, ""job_density"": -181.11453247070312, ""population"": -8255.35546875}",332192.7,263800.6,400584.7,"{""net_additional_dwellings"": 29939.193359375, ""job_density"": -6076.4970703125, ""population"": -14870.037109375}",330543.5,249609.7,411477.3,"{""net_additional_dwellings"": 1805.1470947265625, ""job_density"": -2291.696533203125, ""population"": -8036.69482421875}",345211.2,280079,410343.4,"{""net_additional_dwellings"": 5548.50146484375, ""job_density"": -1930.908935546875, ""population"": -11558.2705078125}",10.9,9.5,12.3,"{""net_additional_dwellings"": 0.3901412785053253, ""job_density"": -1.094038486480713, ""population"": -0.05877816677093506}",11.2,9.5,12.8,"{""net_additional_dwellings"": 1.2274293899536133, ""job_density"": -0.05897265672683716, ""population"": -0.19720639288425446}",11,8.9,13.1,"{""net_additional_dwellings"": 0.6827589869499207, ""job_density"": -0.4910450279712677, ""population"": -0.4950075149536133}",10.4,8.1,12.6,"{""net_additional_dwellings"": -0.08352918177843094, ""job_density"": -0.9032519459724426, ""population"": -0.9400050044059753}",11.2,8.6,13.8,"{""net_additional_dwellings"": 0.4928416609764099, ""job_density"": -0.5540465116500854, ""population"": -0.6184004545211792}",Mid Devon,,131
E07000107,297089.1,265298.3,328880,"{""net_additional_dwellings"": -4110.037109375, ""job_density"": -3374.59326171875, ""population"": -629.4892578125}",305694.5,252096.7,359292.4,"{""net_additional_dwellings"": 1450.5758056640625, ""job_density"": -11165.662109375, ""population"": -3212.3876953125}",313753.2,249157.5,378348.9,"{""net_additional_dwellings"": -5037.3642578125, ""job_density"": 10617.2822265625, ""population"": -9641.22265625}",313912.2,237050.6,390773.8,"{""net_additional_dwellings"": -5251.98046875, ""job_density"": -7091.3310546875, ""population"": -2227.784912109375}",323958.8,262836.4,385081.3,"{""net_additional_dwellings"": -4466.7431640625, ""job_density"": -1315.906005859375, ""population"": -3760.35302734375}",10.2,8.9,11.5,"{""net_additional_dwellings"": -0.4405916929244995, ""job_density"": -0.8970457315444946, ""population"": 0.09322825074195862}",10.5,9,12,"{""net_additional_dwellings"": -0.18943831324577332, ""job_density"": -0.703978419303894, ""population"": -0.19337613880634308}",10.4,8.4,12.4,"{""net_additional_dwellings"": -1.1850388050079346, ""job_density"": -0.5417523384094238, ""population"": -0.3186493515968323}",9.9,7.8,12,"{""net_additional_dwellings"": -1.999110221862793, ""job_density"": -0.7408618927001953, ""population"": -0.34808769822120667}",10.8,8.3,13.3,"{""net_additional_dwellings"": -0.32926318049430847, ""job_density"": -0.3045188784599304, ""population"": -0.13523538410663605}",North Devon,,132
E07000108,419334.6,374462.5,464206.7,"{""net_additional_dwellings"": 550.1654663085938, ""job_density"": -3703.548095703125, ""population"": -3345.223388671875}",421346.5,347471.2,495221.8,"{""net_additional_dwellings"": 1038.8707275390625, ""job_density"": -13604.2744140625, ""population"": -5990.1875}",431084.5,342332.5,519836.5,"{""net_additional_dwellings"": -7172.59375, ""job_density"": -854.0067138671875, ""population"": -16017.60546875}",439466.1,331862.5,547069.6,"{""net_additional_dwellings"": -3947.895263671875, ""job_density"": -7560.54296875, ""population"": -5755.08154296875}",464827.4,377126.7,552528,"{""net_additional_dwellings"": -4167.66064453125, ""job_density"": -9132.962890625, ""population"": -7802.3720703125}",13,11.4,14.7,"{""net_additional_dwellings"": 0.21263477206230164, ""job_density"": -1.7956695556640625, ""population"": 0.003941716626286507}",13.6,11.6,15.5,"{""net_additional_dwellings"": 0.4845266342163086, ""job_density"": -1.1033934354782104, ""population"": -0.2168649137020111}",13.6,11,16.2,"{""net_additional_dwellings"": -0.02487415075302124, ""job_density"": -0.5722771286964417, ""population"": -0.27862340211868286}",13.6,10.7,16.5,"{""net_additional_dwellings"": -1.1701246500015259, ""job_density"": -1.0779180526733398, ""population"": -0.7622323036193848}",13.5,10.4,16.6,"{""net_additional_dwellings"": -0.2546361982822418, ""job_density"": -0.856141209602356, ""population"": -0.6269268989562988}",South Hams,,133
E07000109,317801.4,283794.1,351808.6,"{""net_additional_dwellings"": -613.7948608398438, ""job_density"": -431.5513916015625, ""population"": 1070.698974609375}",334617.9,275948.9,393287,"{""net_additional_dwellings"": 4207.98974609375, ""job_density"": 309.1318359375, ""population"": 954.3302001953125}",328479,260851.6,396106.5,"{""net_additional_dwellings"": -2467.91015625, ""job_density"": -3883.759765625, ""population"": 867.964111328125}",335342.7,253233.8,417451.6,"{""net_additional_dwellings"": -2617.10009765625, ""job_density"": -4172.513671875, ""population"": -1235.8489990234375}",346541.8,281158.6,411925.1,"{""net_additional_dwellings"": -4079.189697265625, ""job_density"": 727.393798828125, ""population"": -580.6627197265625}",11.7,10.2,13.2,"{""net_additional_dwellings"": 0.16271281242370605, ""job_density"": -0.6810264587402344, ""population"": 0.01054468099027872}",11.8,10.1,13.5,"{""net_additional_dwellings"": 0.22976067662239075, ""job_density"": 0.19076304137706757, ""population"": 0.0007427968084812164}",11.8,9.6,14.1,"{""net_additional_dwellings"": -0.6941627264022827, ""job_density"": -0.3723328709602356, ""population"": -0.060414835810661316}",11.8,9.3,14.4,"{""net_additional_dwellings"": -1.1981756687164307, ""job_density"": -0.6693267822265625, ""population"": 0.3876209259033203}",11.6,8.9,14.3,"{""net_additional_dwellings"": -0.49728405475616455, ""job_density"": -0.053639888763427734, ""population"": 0.6415992975234985}",Teignbridge,,134
E07000110,278959.3,249108.5,308810.2,"{""net_additional_dwellings"": 11290.7509765625, ""job_density"": -276.7713623046875, ""population"": -2036.430908203125}",295971,244078,347864,"{""net_additional_dwellings"": 15106.4423828125, ""job_density"": -2666.999755859375, ""population"": -7514.4716796875}",304159.9,241539.2,366780.5,"{""net_additional_dwellings"": 41736.69921875, ""job_density"": -15697.390625, ""population"": -17697.671875}",305060.7,230366.3,379755,"{""net_additional_dwellings"": 3009.93359375, ""job_density"": -3292.551513671875, ""population"": -5523.87841796875}",307804.4,249729.9,365879,"{""net_additional_dwellings"": 4372.982421875, ""job_density"": -1344.942626953125, ""population"": -11766.673828125}",11,9.6,12.4,"{""net_additional_dwellings"": -0.10182170569896698, ""job_density"": -0.8208577632904053, ""population"": -0.22022345662117004}",11.2,9.6,12.9,"{""net_additional_dwellings"": 1.2112675905227661, ""job_density"": -0.02850676327943802, ""population"": -0.6407397985458374}",11.3,9.2,13.5,"{""net_additional_dwellings"": 1.0637972354888916, ""job_density"": -0.6684454083442688, ""population"": -0.5318953394889832}",11.2,8.8,13.5,"{""net_additional_dwellings"": -0.09786790609359741, ""job_density"": -0.4624355137348175, ""population"": -0.9151815176010132}",11.5,8.8,14.1,"{""net_additional_dwellings"": 0.8690237998962402, ""job_density"": -0.16290166974067688, ""population"": -0.6902751326560974}",Torridge,,135
E07000111,308337.2,275342.7,341331.6,"{""net_additional_dwellings"": 11612.306640625, ""job_density"": 629.0039672851562, ""population"": -4013.861572265625}",317698.7,261996.1,373401.3,"{""net_additional_dwellings"": 14231.873046875, ""job_density"": 646.2478637695312, ""population"": -8221.4599609375}",329859.8,261948.1,397771.6,"{""net_additional_dwellings"": 47014.71484375, ""job_density"": -1012.126953125, ""population"": -16411.671875}",325172.1,245553.5,404790.7,"{""net_additional_dwellings"": -555.71923828125, ""job_density"": -2393.569091796875, ""population"": -9105.7890625}",345562,280363.6,410760.4,"{""net_additional_dwellings"": 6539.1396484375, ""job_density"": 3123.954833984375, ""population"": -13851.6318359375}",12.2,10.6,13.7,"{""net_additional_dwellings"": 0.11008519679307938, ""job_density"": -0.7256981730461121, ""population"": -0.08855392038822174}",11.5,9.8,13.2,"{""net_additional_dwellings"": 1.0046058893203735, ""job_density"": 0.33224058151245117, ""population"": -0.708331286907196}",11.5,9.3,13.8,"{""net_additional_dwellings"": 0.9889856576919556, ""job_density"": -0.0443529412150383, ""population"": -0.5263116955757141}",11.4,8.9,13.8,"{""net_additional_dwellings"": -0.10760396718978882, ""job_density"": -0.5748825669288635, ""population"": -1.039239764213562}",11.5,8.8,14.1,"{""net_additional_dwellings"": 1.199763298034668, ""job_density"": 0.15950936079025269, ""population"": -0.7808083891868591}",West Devon,,136
E07000112,279163.8,249291,309036.5,"{""net_additional_dwellings"": 14840.91015625, ""job_density"": 3525.607421875, ""population"": -257.9630126953125}",303366.1,250176.4,356555.7,"{""net_additional_dwellings"": 25635.015625, ""job_density"": 99.79833984375, ""population"": -2525.0595703125}",333704.9,265001.5,402408.2,"{""net_additional_dwellings"": 74178.078125, ""job_density"": 5586.4873046875, ""population"": -8978.2412109375}",328009.2,247695.9,408322.4,"{""net_additional_dwellings"": 9551.9482421875, ""job_density"": -3529.3330078125, ""population"": -576.7534790039062}",335309,272045.1,398573,"{""net_additional_dwellings"": 9454.3408203125, ""job_density"": -1045.272216796875, ""population"": -3075.259765625}",10.2,8.9,11.5,"{""net_additional_dwellings"": -0.03999534621834755, ""job_density"": -0.4046339690685272, ""population"": 0.015382682904601097}",10.5,9,12,"{""net_additional_dwellings"": 1.6236380338668823, ""job_density"": -0.280093789100647, ""population"": -0.26510387659072876}",11,8.9,13.1,"{""net_additional_dwellings"": 1.9010961055755615, ""job_density"": -0.8725970387458801, ""population"": -0.3579344153404236}",10.6,8.3,12.9,"{""net_additional_dwellings"": 0.9653096199035645, ""job_density"": -1.223344087600708, ""population"": -0.3519889712333679}",11.5,8.9,14.2,"{""net_additional_dwellings"": 1.4845250844955444, ""job_density"": -0.06797808408737183, ""population"": -0.1406548172235489}",Eastbourne,,137
E07000113,284921.3,254432.5,315410.1,"{""net_additional_dwellings"": 18276.236328125, ""job_density"": -283.92681884765625, ""population"": -903.3352661132812}",299378.2,246887.7,351868.6,"{""net_additional_dwellings"": 27258.8046875, ""job_density"": 1120.589599609375, ""population"": -3781.67822265625}",333374.4,264739.1,402009.7,"{""net_additional_dwellings"": 73449.34375, ""job_density"": 7156.548828125, ""population"": -11051.3955078125}",323924.3,244611.2,403237.4,"{""net_additional_dwellings"": 8690.859375, ""job_density"": -277.6895751953125, ""population"": -1749.4622802734375}",333758.7,270787.3,396730.1,"{""net_additional_dwellings"": 11830.5458984375, ""job_density"": 1214.997314453125, ""population"": -4252.86669921875}",11,9.6,12.4,"{""net_additional_dwellings"": 0.7824932932853699, ""job_density"": -0.6276256442070007, ""population"": -0.051529765129089355}",11.5,9.9,13.2,"{""net_additional_dwellings"": 2.489696979522705, ""job_density"": 0.36530351638793945, ""population"": -0.23848320543766022}",11.4,9.2,13.6,"{""net_additional_dwellings"": 2.6118080615997314, ""job_density"": -0.045811936259269714, ""population"": -0.3768410086631775}",12.1,9.5,14.8,"{""net_additional_dwellings"": 2.0735082626342773, ""job_density"": -0.8820093870162964, ""population"": -0.48058614134788513}",12.9,9.9,15.9,"{""net_additional_dwellings"": 1.3632428646087646, ""job_density"": -0.26265567541122437, ""population"": -0.30853816866874695}",Hastings,,138
E07000114,407345.9,363756.7,450935.1,"{""net_additional_dwellings"": 11571.162109375, ""job_density"": 2075.248046875, ""population"": -2085.77685546875}",440427.5,363206.7,517648.3,"{""net_additional_dwellings"": 10687.2421875, ""job_density"": -11363.6318359375, ""population"": -4645.74072265625}",458827.8,364364,553291.6,"{""net_additional_dwellings"": 18041.60546875, ""job_density"": -2672.59521484375, ""population"": -15093.1357421875}",491268.7,370981.2,611556.2,"{""net_additional_dwellings"": 2612.052978515625, ""job_density"": -6078.6484375, ""population"": -4022.323974609375}",514996.7,417830.4,612162.9,"{""net_additional_dwellings"": -3552.17919921875, ""job_density"": -2823.2685546875, ""population"": -7645.0859375}",13.2,11.5,14.9,"{""net_additional_dwellings"": -0.30292683839797974, ""job_density"": -0.7780930995941162, ""population"": -0.0028391918167471886}",13.5,11.5,15.5,"{""net_additional_dwellings"": 0.5219402313232422, ""job_density"": -0.0951901450753212, ""population"": -0.20202505588531494}",13.6,11,16.2,"{""net_additional_dwellings"": 1.1160029172897339, ""job_density"": -0.4263727068901062, ""population"": -0.3062843382358551}",14.2,11.1,17.2,"{""net_additional_dwellings"": -0.518915593624115, ""job_density"": -0.308435320854187, ""population"": -0.4204767644405365}",14.4,11.1,17.7,"{""net_additional_dwellings"": 0.4321995973587036, ""job_density"": -0.6548500061035156, ""population"": -0.13660511374473572}",Lewes,,139
E07000115,372444.4,332590,412298.9,"{""net_additional_dwellings"": 11693.287109375, ""job_density"": -2468.987548828125, ""population"": -544.55126953125}",393352.5,324385.4,462319.6,"{""net_additional_dwellings"": 16378.6474609375, ""job_density"": -2270.24951171875, ""population"": -4553.14599609375}",395238.1,313866.2,476610,"{""net_additional_dwellings"": 25461.126953125, ""job_density"": -5936.0888671875, ""population"": -13785.88671875}",393621.3,297242.9,489999.8,"{""net_additional_dwellings"": 6925.11572265625, ""job_density"": -3500.259521484375, ""population"": -3893.91455078125}",407538.1,330646.4,484429.8,"{""net_additional_dwellings"": 4906.0048828125, ""job_density"": 1474.5211181640625, ""population"": -8217.8173828125}",13.6,11.8,15.3,"{""net_additional_dwellings"": 0.17759597301483154, ""job_density"": -0.9958995580673218, ""population"": -0.02465762570500374}",13.5,11.6,15.5,"{""net_additional_dwellings"": 0.9497921466827393, ""job_density"": 0.118838369846344, ""population"": -0.21484492719173431}",13.3,10.8,15.9,"{""net_additional_dwellings"": 1.1838903427124023, ""job_density"": -0.4167223274707794, ""population"": -0.3575708866119385}",14.8,11.6,18,"{""net_additional_dwellings"": 0.13523417711257935, ""job_density"": -0.549595057964325, ""population"": -0.5212539434432983}",13.9,10.7,17.1,"{""net_additional_dwellings"": 1.0926928520202637, ""job_density"": -0.2823428213596344, ""population"": -0.28232383728027344}",Rother,,140
E07000116,449116.6,401057.6,497175.6,"{""net_additional_dwellings"": -11920.3896484375, ""job_density"": -1328.600830078125, ""population"": -961.435302734375}",453151.8,373700.1,532603.6,"{""net_additional_dwellings"": -14825.7626953125, ""job_density"": -4567.1796875, ""population"": -17.264347076416016}",472491.7,375214.8,569768.6,"{""net_additional_dwellings"": -17836.365234375, ""job_density"": -1117.20068359375, ""population"": 7428.89599609375}",491124.6,370872.4,611376.8,"{""net_additional_dwellings"": -10036.1982421875, ""job_density"": -6953.908203125, ""population"": -212.6846466064453}",527721.5,428154.4,627288.6,"{""net_additional_dwellings"": -1018.3182373046875, ""job_density"": -4923.58056640625, ""population"": 78.74647521972656}",13.7,12,15.5,"{""net_additional_dwellings"": -0.9116953611373901, ""job_density"": -1.0315167903900146, ""population"": 0.012165211141109467}",14.1,12,16.1,"{""net_additional_dwellings"": -0.33739039301872253, ""job_density"": 0.11985960602760315, ""population"": 0.13398860394954681}",14.8,11.9,17.6,"{""net_additional_dwellings"": -0.9653013348579407, ""job_density"": -0.27653682231903076, ""population"": 0.0030260179191827774}",16.2,12.7,19.6,"{""net_additional_dwellings"": -2.584118127822876, ""job_density"": -0.9340769052505493, ""population"": 0.6599183082580566}",16.3,12.5,20.1,"{""net_additional_dwellings"": -1.949140191078186, ""job_density"": -0.7600175738334656, ""population"": 0.8106716275215149}",Wealden,,141
E07000117,399915.2,357121.2,442709.3,"{""net_additional_dwellings"": 6491.16845703125, ""job_density"": 3941.11328125, ""population"": 1339.9178466796875}",425000.1,350484.2,499516,"{""net_additional_dwellings"": 8196.0380859375, ""job_density"": -7341.3017578125, ""population"": 3471.447021484375}",472110,374911.7,569308.3,"{""net_additional_dwellings"": 19742.2109375, ""job_density"": -127.86083984375, ""population"": 11842.361328125}",478598.5,361413.3,595783.7,"{""net_additional_dwellings"": -3823.80810546875, ""job_density"": -4222.20556640625, ""population"": 5344.89599609375}",490264.5,397764.6,582764.5,"{""net_additional_dwellings"": 4229.81005859375, ""job_density"": -2318.99365234375, ""population"": 7187.52587890625}",12.2,10.6,13.7,"{""net_additional_dwellings"": -0.07642810046672821, ""job_density"": -0.871686577796936, ""population"": 0.16156215965747833}",12.7,10.9,14.6,"{""net_additional_dwellings"": 0.6391308307647705, ""job_density"": -0.28417181968688965, ""population"": 0.3233427405357361}",13.4,10.8,16,"{""net_additional_dwellings"": 0.7571428418159485, ""job_density"": -0.9292402863502502, ""population"": 0.3274661898612976}",13.3,10.4,16.1,"{""net_additional_dwellings"": -0.32360178232192993, ""job_density"": -1.0579965114593506, ""population"": 0.5798988938331604}",13.5,10.4,16.6,"{""net_additional_dwellings"": 0.3148108124732971, ""job_density"": -0.4094023108482361, ""population"": 0.7404752969741821}",Basildon,,142
E07000118,353554.2,315721.1,391387.2,"{""net_additional_dwellings"": -6624.1904296875, ""job_density"": -2800.35791015625, ""population"": 628.39990234375}",382523.4,315455,449591.8,"{""net_additional_dwellings"": -7754.03515625, ""job_density"": -1610.8126220703125, ""population"": -503.97210693359375}",399654.2,317373.2,481935.3,"{""net_additional_dwellings"": -24908.703125, ""job_density"": -7855.98046875, ""population"": -487.4610595703125}",407410.4,307655.7,507165.2,"{""net_additional_dwellings"": -11855.8095703125, ""job_density"": -876.63037109375, ""population"": -1034.5888671875}",424723.2,344589.2,504857.3,"{""net_additional_dwellings"": -4760.005859375, ""job_density"": -2676.59521484375, ""population"": 1272.0643310546875}",11.3,9.9,12.8,"{""net_additional_dwellings"": -0.8669394254684448, ""job_density"": -1.1027586460113525, ""population"": 0.012252960354089737}",12.2,10.5,14,"{""net_additional_dwellings"": -0.6910006999969482, ""job_density"": 0.1870841234922409, ""population"": 0.1283380687236786}",12.5,10.1,14.9,"{""net_additional_dwellings"": -0.8428876996040344, ""job_density"": -0.5415931344032288, ""population"": -0.01327519491314888}",12.6,9.9,15.3,"{""net_additional_dwellings"": -2.33864426612854, ""job_density"": -0.5647718906402588, ""population"": 0.5778738856315613}",12.6,9.7,15.6,"{""net_additional_dwellings"": -1.693500280380249, ""job_density"": -0.2174091935157776, ""population"": 0.8132456541061401}",Braintree,,143
E07000119,523698.4,467658.5,579738.2,"{""net_additional_dwellings"": 10924.7685546875, ""job_density"": -9851.548828125, ""population"": -801.2198486328125}",552411.5,455556.4,649266.6,"{""net_additional_dwellings"": 14291.9609375, ""job_density"": -19109.556640625, ""population"": -3749.49853515625}",578800.4,459636.6,697964.2,"{""net_additional_dwellings"": 41044.7109375, ""job_density"": -8803.5517578125, ""population"": -16358.654296875}",627092.7,473548.6,780636.8,"{""net_additional_dwellings"": 5598.32177734375, ""job_density"": -16420.787109375, ""population"": -10194.0107421875}",709776.7,575860.6,843692.8,"{""net_additional_dwellings"": 7164.14208984375, ""job_density"": -13126.330078125, ""population"": -7527.46142578125}",14.8,12.9,16.7,"{""net_additional_dwellings"": 0.10204257816076279, ""job_density"": -1.3491133451461792, ""population"": -0.2088284194469452}",15.8,13.5,18,"{""net_additional_dwellings"": 0.9809861183166504, ""job_density"": -0.5622776746749878, ""population"": -0.3438965976238251}",17.1,13.8,20.4,"{""net_additional_dwellings"": 1.0751639604568481, ""job_density"": -1.048780083656311, ""population"": -0.744105339050293}",18.2,14.3,22.2,"{""net_additional_dwellings"": -0.07311954349279404, ""job_density"": -0.9526040554046631, ""population"": -1.223654866218567}",17,13.1,20.9,"{""net_additional_dwellings"": 0.23368149995803833, ""job_density"": -0.44018006324768066, ""population"": -0.7751340866088867}",Brentwood,,144
E07000120,411472.6,367441.8,455503.4,"{""net_additional_dwellings"": 16228.5048828125, ""job_density"": -2530.728271484375, ""population"": -2441.27197265625}",443996.9,366150.3,521843.5,"{""net_additional_dwellings"": 32092.943359375, ""job_density"": -5086.34033203125, ""population"": -4544.400390625}",456800.5,362754.1,550846.8,"{""net_additional_dwellings"": 81005.265625, ""job_density"": 21891.46484375, ""population"": -14232.7314453125}",472029.5,356452.7,587606.2,"{""net_additional_dwellings"": 12236.5927734375, ""job_density"": 288.67388916015625, ""population"": -3823.13671875}",479415.2,388962.2,569868.1,"{""net_additional_dwellings"": 8762.1640625, ""job_density"": 3674.24609375, ""population"": -5192.95751953125}",13.2,11.6,14.9,"{""net_additional_dwellings"": 1.003289818763733, ""job_density"": -0.8977712988853455, ""population"": -0.08991218358278275}",14.5,12.4,16.6,"{""net_additional_dwellings"": 2.245059013366699, ""job_density"": 1.322923183441162, ""population"": -0.20488077402114868}",15.3,12.3,18.2,"{""net_additional_dwellings"": 2.0274741649627686, ""job_density"": 1.4223778247833252, ""population"": -0.4010390043258667}",15.4,12.1,18.7,"{""net_additional_dwellings"": 1.7552974224090576, ""job_density"": 0.21281415224075317, ""population"": -0.8009806871414185}",16.4,12.6,20.2,"{""net_additional_dwellings"": 1.874130368232727, ""job_density"": 1.1367299556732178, ""population"": -0.5347530841827393}",Castle Point,,145
E07000121,424134.4,378748.7,469520.1,"{""net_additional_dwellings"": -5381.8056640625, ""job_density"": -4327.337890625, ""population"": 2206.9951171875}",463231.8,382012.7,544450.9,"{""net_additional_dwellings"": -10931.1357421875, ""job_density"": -9575.884765625, ""population"": 5376.42578125}",497170.3,394812.6,599528.1,"{""net_additional_dwellings"": -14800.505859375, ""job_density"": -8079.8115234375, ""population"": 11181.005859375}",545966.9,412286.5,679647.2,"{""net_additional_dwellings"": -2907.3740234375, ""job_density"": -7239.1708984375, ""population"": 6898.43408203125}",557232.6,452097.5,662367.6,"{""net_additional_dwellings"": -95.4647216796875, ""job_density"": -6831.6064453125, ""population"": 9578.2939453125}",13.3,11.6,15,"{""net_additional_dwellings"": -0.7766258716583252, ""job_density"": -0.9901665449142456, ""population"": 0.06654881685972214}",13.5,11.5,15.4,"{""net_additional_dwellings"": -0.5463714003562927, ""job_density"": -0.7816362380981445, ""population"": 0.2509293556213379}",14.1,11.4,16.8,"{""net_additional_dwellings"": -0.8316963911056519, ""job_density"": -0.6511092782020569, ""population"": 0.29311004281044006}",15.2,12,18.5,"{""net_additional_dwellings"": -2.9962821006774902, ""job_density"": -0.8710726499557495, ""population"": 0.6848307847976685}",15.3,11.8,18.8,"{""net_additional_dwellings"": -2.1190080642700195, ""job_density"": -0.6447064876556396, ""population"": 0.8618935942649841}",Chelmsford,,146
E07000122,336307.2,300319.7,372294.8,"{""net_additional_dwellings"": -4763.9033203125, ""job_density"": 2929.87939453125, ""population"": 1053.8360595703125}",348196.2,287146.4,409245.9,"{""net_additional_dwellings"": -5006.072265625, ""job_density"": -3774.949951171875, ""population"": 3001.752685546875}",369428.1,293370,445486.2,"{""net_additional_dwellings"": -7570.478515625, ""job_density"": -293.8671875, ""population"": 8326.875}",381958.2,288435.5,475481,"{""net_additional_dwellings"": -5101.3974609375, ""job_density"": -2910.602294921875, ""population"": 4485.31982421875}",405846.7,329274.2,482419.3,"{""net_additional_dwellings"": -3762.94677734375, ""job_density"": 1835.4072265625, ""population"": 9475.4169921875}",10.6,9.2,11.9,"{""net_additional_dwellings"": -1.0294231176376343, ""job_density"": -0.6710034608840942, ""population"": 0.12699994444847107}",11.1,9.5,12.7,"{""net_additional_dwellings"": -0.5074054002761841, ""job_density"": -0.04388096183538437, ""population"": 0.29686832427978516}",11.7,9.4,13.9,"{""net_additional_dwellings"": -0.9279817938804626, ""job_density"": -0.4302593171596527, ""population"": 0.2726706862449646}",12,9.4,14.5,"{""net_additional_dwellings"": -2.458955764770508, ""job_density"": -1.1994991302490234, ""population"": 0.5724055767059326}",12.5,9.6,15.4,"{""net_additional_dwellings"": -1.7484335899353027, ""job_density"": 0.013152331113815308, ""population"": 0.7949790358543396}",Colchester,,147
E07000123,570139.3,509129.9,631148.7,"{""net_additional_dwellings"": 7857.00341796875, ""job_density"": -5316.78271484375, ""population"": 1337.43115234375}",581870.4,479850.2,683890.6,"{""net_additional_dwellings"": 13529.8564453125, ""job_density"": -17168.193359375, ""population"": 2303.67529296875}",611417.6,485538.5,737296.6,"{""net_additional_dwellings"": 46478.46875, ""job_density"": -8340.5859375, ""population"": 1221.7730712890625}",666042.9,502961.9,829124,"{""net_additional_dwellings"": 6438.6025390625, ""job_density"": -15687.7822265625, ""population"": -1856.3424072265625}",711142.1,576968.4,845315.8,"{""net_additional_dwellings"": 4323.59814453125, ""job_density"": -7714.43798828125, ""population"": 403.97955322265625}",15.6,13.6,17.5,"{""net_additional_dwellings"": -0.1850992888212204, ""job_density"": -0.9728566408157349, ""population"": 0.029598582535982132}",16.4,14,18.8,"{""net_additional_dwellings"": 0.46325981616973877, ""job_density"": -0.12127254158258438, ""population"": -0.06852129846811295}",17.9,14.5,21.3,"{""net_additional_dwellings"": 0.9092050194740295, ""job_density"": -0.5531204342842102, ""population"": -0.10742754489183426}",18.7,14.7,22.7,"{""net_additional_dwellings"": 0.20902828872203827, ""job_density"": -0.5460802316665649, ""population"": 0.272422194480896}",19.7,15.2,24.3,"{""net_additional_dwellings"": 1.278442621231079, ""job_density"": 0.0884840190410614, ""population"": 0.6571215987205505}",Epping Forest,,148
E07000124,341608.1,305053.4,378162.9,"{""net_additional_dwellings"": -1920.253173828125, ""job_density"": 2912.810791015625, ""population"": -1607.7000732421875}",371033.8,305979.9,436087.7,"{""net_additional_dwellings"": 2368.8466796875, ""job_density"": -3116.70556640625, ""population"": -3934.226318359375}",416136.2,330461.8,501810.6,"{""net_additional_dwellings"": -419.27850341796875, ""job_density"": 10591.109375, ""population"": -15948.8251953125}",397697.5,300321,495074.1,"{""net_additional_dwellings"": -487.381103515625, ""job_density"": -4182.60498046875, ""population"": -3409.69677734375}",416509,337924.8,495093.2,"{""net_additional_dwellings"": -2375.706787109375, ""job_density"": 1022.2861938476562, ""population"": -5200.283203125}",11.2,9.8,12.7,"{""net_additional_dwellings"": -0.7477534413337708, ""job_density"": -0.8433884382247925, ""population"": 0.003609319217503071}",11.7,10,13.4,"{""net_additional_dwellings"": -0.39525824785232544, ""job_density"": -0.029521971940994263, ""population"": -0.19359250366687775}",12.1,9.8,14.5,"{""net_additional_dwellings"": -0.31972724199295044, ""job_density"": -0.736412763595581, ""population"": -0.303286612033844}",12.9,10.2,15.7,"{""net_additional_dwellings"": -1.8496432304382324, ""job_density"": -1.02470064163208, ""population"": -0.6295346617698669}",12.9,9.9,15.9,"{""net_additional_dwellings"": -0.904763400554657, ""job_density"": -0.4253804087638855, ""population"": -0.2786160707473755}",Harlow,,149
E07000125,408340.5,364644.8,452036.1,"{""net_additional_dwellings"": 6923.99853515625, ""job_density"": -2455.900390625, ""population"": -4573.4873046875}",440640.5,363382.4,517898.7,"{""net_additional_dwellings"": 7795.677734375, ""job_density"": -7920.5458984375, ""population"": -7212.087890625}",468126.5,371748.3,564504.6,"{""net_additional_dwellings"": 13188.2099609375, ""job_density"": 3672.822265625, ""population"": -21117.060546875}",502366.1,379361.4,625370.8,"{""net_additional_dwellings"": -85.67822265625, ""job_density"": -4493.3662109375, ""population"": -4767.2568359375}",529206.1,429358.9,629053.2,"{""net_additional_dwellings"": 3554.19580078125, ""job_density"": -4474.171875, ""population"": -10771.4677734375}",13.4,11.7,15.1,"{""net_additional_dwellings"": -0.32798895239830017, ""job_density"": -1.3553351163864136, ""population"": -0.21370616555213928}",13.8,11.8,15.7,"{""net_additional_dwellings"": 0.43655896186828613, ""job_density"": 0.41069915890693665, ""population"": -0.5453699827194214}",14,11.3,16.7,"{""net_additional_dwellings"": 0.41165220737457275, ""job_density"": -0.22816252708435059, ""population"": -0.518342912197113}",15.7,12.4,19.1,"{""net_additional_dwellings"": -0.1171829029917717, ""job_density"": -0.718077540397644, ""population"": -0.7469951510429382}",14.7,11.3,18.1,"{""net_additional_dwellings"": 0.32735875248908997, ""job_density"": -0.760647177696228, ""population"": -0.7310207486152649}",Maldon,,150
E07000126,432284.3,386026.5,478542.1,"{""net_additional_dwellings"": 13271.0732421875, ""job_density"": -3102.044677734375, ""population"": -1327.1937255859375}",444410.1,366491,522329.1,"{""net_additional_dwellings"": 15826.189453125, ""job_density"": -5905.44921875, ""population"": -5202.330078125}",479235.1,380569.9,577900.3,"{""net_additional_dwellings"": 11421.7294921875, ""job_density"": 24543.3984375, ""population"": -16617.658203125}",512364,386911.3,637816.6,"{""net_additional_dwellings"": -6193.83154296875, ""job_density"": -2897.421875, ""population"": -5475.52783203125}",560334.4,454614.1,666054.7,"{""net_additional_dwellings"": -1895.3800048828125, ""job_density"": -1897.812255859375, ""population"": -9869.494140625}",13.4,11.7,15.1,"{""net_additional_dwellings"": 0.304145872592926, ""job_density"": -1.1534757614135742, ""population"": -0.1770981401205063}",14.4,12.3,16.4,"{""net_additional_dwellings"": 0.7039327621459961, ""job_density"": 1.2492648363113403, ""population"": -0.18767213821411133}",15.2,12.2,18.1,"{""net_additional_dwellings"": 1.149629831314087, ""job_density"": 1.3853646516799927, ""population"": -0.5230392217636108}",16,12.6,19.4,"{""net_additional_dwellings"": 0.3481806516647339, ""job_density"": 0.729447603225708, ""population"": -0.9284383654594421}",15.7,12,19.3,"{""net_additional_dwellings"": 0.19400958716869354, ""job_density"": 0.7494262456893921, ""population"": -0.7283641695976257}",Rochford,,151
E07000127,301000.8,268791.4,333210.3,"{""net_additional_dwellings"": -7754.6611328125, ""job_density"": 158.93997192382812, ""population"": 1317.607177734375}",308386.2,254316.4,362456,"{""net_additional_dwellings"": -4810.9384765625, ""job_density"": 2918.3779296875, ""population"": 1419.942626953125}",316354.9,251223.6,381486.3,"{""net_additional_dwellings"": -13476.5302734375, ""job_density"": 6394.1533203125, ""population"": 523.7326049804688}",328491.7,248060.2,408923.1,"{""net_additional_dwellings"": -5305.150390625, ""job_density"": -1628.04541015625, ""population"": -118.26828002929688}",341866.3,277365.2,406367.4,"{""net_additional_dwellings"": -7898.4638671875, ""job_density"": 440.57196044921875, ""population"": 11.7718505859375}",10,8.7,11.3,"{""net_additional_dwellings"": -0.8126250505447388, ""job_density"": -0.6393849849700928, ""population"": 0.03432530537247658}",10.3,8.8,11.8,"{""net_additional_dwellings"": -0.582878828048706, ""job_density"": 0.35332387685775757, ""population"": -0.06756874173879623}",10.7,8.6,12.7,"{""net_additional_dwellings"": -1.092090368270874, ""job_density"": 0.1853201985359192, ""population"": -0.011185325682163239}",10.7,8.4,13.1,"{""net_additional_dwellings"": -2.766908884048462, ""job_density"": -0.5959619283676147, ""population"": 0.5122922658920288}",11.5,8.9,14.2,"{""net_additional_dwellings"": -1.1251301765441895, ""job_density"": 0.022062048316001892, ""population"": 0.7773870229721069}",Tendring,,152
E07000128,501242.2,447605.4,554879.1,"{""net_additional_dwellings"": 4489.86083984375, ""job_density"": -10479.1748046875, ""population"": -314.3582458496094}",525287.1,433187.7,617386.4,"{""net_additional_dwellings"": 5316.76123046875, ""job_density"": -19882.74609375, ""population"": -4126.04248046875}",552856.2,439033.8,666678.6,"{""net_additional_dwellings"": 8988.2587890625, ""job_density"": -21816.78125, ""population"": -16180.0732421875}",609672.9,460394.1,758951.8,"{""net_additional_dwellings"": 5200.00341796875, ""job_density"": -7843.7119140625, ""population"": -10083.2626953125}",631571.2,512410.5,750732,"{""net_additional_dwellings"": 1050.5997314453125, ""job_density"": -11652.037109375, ""population"": -9168.39453125}",15.1,13.2,17.1,"{""net_additional_dwellings"": -0.38920873403549194, ""job_density"": -1.452108383178711, ""population"": -0.09087297320365906}",15.1,12.9,17.2,"{""net_additional_dwellings"": 0.8519065380096436, ""job_density"": -1.0829049348831177, ""population"": -0.3114069104194641}",16,13,19.1,"{""net_additional_dwellings"": 0.6305829286575317, ""job_density"": -0.6370551586151123, ""population"": -0.441976398229599}",16.6,13,20.1,"{""net_additional_dwellings"": -1.4092659950256348, ""job_density"": -0.8580697774887085, ""population"": -1.0622230768203735}",17.1,13.1,21,"{""net_additional_dwellings"": -0.08719611167907715, ""job_density"": -0.947745144367218, ""population"": -0.3736218810081482}",Uttlesford,,153
E07000129,348175.1,310917.6,385432.5,"{""net_additional_dwellings"": 7096.89404296875, ""job_density"": -2416.954833984375, ""population"": 713.3004760742188}",358980,296039.5,421920.5,"{""net_additional_dwellings"": 11778.1953125, ""job_density"": -10043.0986328125, ""population"": -259.82513427734375}",380236.2,301952.9,458519.4,"{""net_additional_dwellings"": 32735.673828125, ""job_density"": -10516.11328125, ""population"": -5910.681640625}",373953.7,282390.8,465516.5,"{""net_additional_dwellings"": 7009.39599609375, ""job_density"": -4900.9189453125, ""population"": -2201.787353515625}",393741.1,319452.5,468029.6,"{""net_additional_dwellings"": 5231.38134765625, ""job_density"": -5744.49365234375, ""population"": -1868.939453125}",10.7,9.3,12,"{""net_additional_dwellings"": -0.07605738937854767, ""job_density"": -1.3585846424102783, ""population"": 0.086582250893116}",10.9,9.4,12.5,"{""net_additional_dwellings"": 0.8489513993263245, ""job_density"": -0.9270727634429932, ""population"": -0.03631400689482689}",11.3,9.2,13.5,"{""net_additional_dwellings"": 0.20347213745117188, ""job_density"": -0.842473030090332, ""population"": -0.1055622547864914}",11.9,9.3,14.4,"{""net_additional_dwellings"": -0.3400301933288574, ""job_density"": -0.9346325993537903, ""population"": -0.06946921348571777}",12.2,9.4,15,"{""net_additional_dwellings"": -0.11060729622840881, ""job_density"": -0.9132572412490845, ""population"": 0.29770198464393616}",Cheltenham,,154
E07000130,463364.1,413780.5,512947.7,"{""net_additional_dwellings"": 5099.4423828125, ""job_density"": -4188.451171875, ""population"": -1818.14501953125}",465565.8,383937.5,547194.2,"{""net_additional_dwellings"": 9791.31640625, ""job_density"": -16788.826171875, ""population"": -3979.08154296875}",465644.9,369777.6,561512.2,"{""net_additional_dwellings"": 40012.80859375, ""job_density"": -19568.16796875, ""population"": -15559.2978515625}",487873,368417,607329.1,"{""net_additional_dwellings"": 5249.5263671875, ""job_density"": -10888.41796875, ""population"": -6089.2158203125}",512317.5,415656.7,608978.2,"{""net_additional_dwellings"": 3545.7919921875, ""job_density"": -10003.4853515625, ""population"": -11321.248046875}",14.1,12.3,15.9,"{""net_additional_dwellings"": 0.11194241791963577, ""job_density"": -1.1043097972869873, ""population"": -0.12599478662014008}",14.4,12.3,16.4,"{""net_additional_dwellings"": -0.651948094367981, ""job_density"": -1.10459566116333, ""population"": -0.2446286678314209}",14.2,11.5,16.9,"{""net_additional_dwellings"": 0.2519891858100891, ""job_density"": -0.8797612190246582, ""population"": -0.35361966490745544}",16.6,13,20.2,"{""net_additional_dwellings"": 0.4710845649242401, ""job_density"": -0.8404371738433838, ""population"": -0.5619970560073853}",15.4,11.8,18.9,"{""net_additional_dwellings"": 0.6045718193054199, ""job_density"": -0.9047608375549316, ""population"": -0.28158655762672424}",Cotswold,,155
E07000131,296298.3,264592.1,328004.6,"{""net_additional_dwellings"": 7807.90869140625, ""job_density"": -1289.327880859375, ""population"": -1608.3612060546875}",314361.1,259243.7,369478.5,"{""net_additional_dwellings"": 10405.0, ""job_density"": 2595.039794921875, ""population"": -4359.09521484375}",311735,247554.8,375915.2,"{""net_additional_dwellings"": 1425.725830078125, ""job_density"": 1467.9873046875, ""population"": -10411.0771484375}",327374.3,247216.5,407532.1,"{""net_additional_dwellings"": -7727.04150390625, ""job_density"": 1101.8956298828125, ""population"": -3058.963134765625}",341100.9,276744.2,405457.7,"{""net_additional_dwellings"": -4476.25927734375, ""job_density"": 5376.6767578125, ""population"": -5910.18798828125}",10.2,8.9,11.5,"{""net_additional_dwellings"": 0.21525049209594727, ""job_density"": -1.0454045534133911, ""population"": -0.20149043202400208}",10.5,9,12,"{""net_additional_dwellings"": 0.6683546900749207, ""job_density"": 0.23877672851085663, ""population"": -0.2594068944454193}",10.6,8.5,12.6,"{""net_additional_dwellings"": 0.7327448129653931, ""job_density"": 0.4330257773399353, ""population"": -0.499786913394928}",10.6,8.4,12.9,"{""net_additional_dwellings"": 0.2203735113143921, ""job_density"": -0.6735163331031799, ""population"": -0.8554185628890991}",11.5,8.8,14.1,"{""net_additional_dwellings"": -0.2918878197669983, ""job_density"": 0.10387465357780457, ""population"": -0.5696777701377869}",Forest of Dean,,156
E07000132,245947.3,219629,272265.6,"{""net_additional_dwellings"": -276.02728271484375, ""job_density"": 117.68965911865234, ""population"": 1542.826171875}",254829.9,210150.2,299509.6,"{""net_additional_dwellings"": 1958.5142822265625, ""job_density"": -2734.8837890625, ""population"": 559.8758544921875}",259782.1,206298,313266.2,"{""net_additional_dwellings"": 160.78857421875, ""job_density"": -2020.4306640625, ""population"": 1056.7955322265625}",263670.8,199110.9,328230.8,"{""net_additional_dwellings"": -1135.2684326171875, ""job_density"": -2520.450439453125, ""population"": -2066.3896484375}",270394.2,219378,321410.5,"{""net_additional_dwellings"": -2797.32470703125, ""job_density"": -3741.09619140625, ""population"": 1942.605712890625}",8.8,7.6,9.9,"{""net_additional_dwellings"": -0.22156263887882233, ""job_density"": -0.7500386238098145, ""population"": 0.014195670373737812}",8.9,7.6,10.2,"{""net_additional_dwellings"": -0.5211693048477173, ""job_density"": -0.6180522441864014, ""population"": -0.03632504492998123}",9,7.3,10.7,"{""net_additional_dwellings"": -0.4129146337509155, ""job_density"": -0.6167596578598022, ""population"": 0.014703268185257912}",9.4,7.4,11.5,"{""net_additional_dwellings"": -1.5700242519378662, ""job_density"": -0.5963857173919678, ""population"": 0.33206677436828613}",9.5,7.3,11.7,"{""net_additional_dwellings"": -0.03376992046833038, ""job_density"": -0.6587949991226196, ""population"": 0.40207305550575256}",Gloucester,,53
E07000133,367788.1,328431.9,407144.3,"{""net_additional_dwellings"": -5170.92919921875, ""job_density"": 1436.510009765625, ""population"": 178.00735473632812}",376574.2,310548.9,442599.5,"{""net_additional_dwellings"": -9471.314453125, ""job_density"": -8735.5, ""population"": -2233.912109375}",372141,295524.3,448757.6,"{""net_additional_dwellings"": -17906.8125, ""job_density"": -12620.091796875, ""population"": -4539.54541015625}",384869.7,290634.1,479105.3,"{""net_additional_dwellings"": -6653.0478515625, ""job_density"": -3817.38232421875, ""population"": -2402.9755859375}",402451.2,326519.3,478383.1,"{""net_additional_dwellings"": -6576.43408203125, ""job_density"": -1925.65966796875, ""population"": -2761.50439453125}",10.8,9.4,12.2,"{""net_additional_dwellings"": -0.6779090166091919, ""job_density"": -1.511364459991455, ""population"": 0.05514603108167648}",11,9.4,12.6,"{""net_additional_dwellings"": -0.21904557943344116, ""job_density"": -0.3016459345817566, ""population"": 0.0242417361587286}",10.8,8.7,12.9,"{""net_additional_dwellings"": -0.881227970123291, ""job_density"": -0.9403012990951538, ""population"": -0.026932906359434128}",9.9,7.8,12,"{""net_additional_dwellings"": -2.5146548748016357, ""job_density"": -1.558833360671997, ""population"": 0.06563612073659897}",11.6,8.9,14.2,"{""net_additional_dwellings"": -1.1528427600860596, ""job_density"": -0.3479680120944977, ""population"": 0.3408565819263458}",Stroud,,54
E07000134,337033.3,300968.1,373098.5,"{""net_additional_dwellings"": -3153.73193359375, ""job_density"": -2370.51416015625, ""population"": -621.8473510742188}",342514.5,282460.9,402568,"{""net_additional_dwellings"": 1658.03076171875, ""job_density"": -10827.0634765625, ""population"": -3123.7138671875}",339799,269840.9,409757,"{""net_additional_dwellings"": -20045.935546875, ""job_density"": 1010.4932861328125, ""population"": -11117.93359375}",346388.7,261575.2,431202.2,"{""net_additional_dwellings"": -4379.505859375, ""job_density"": -5592.80126953125, ""population"": -2356.749267578125}",366990.8,297749.4,436232.3,"{""net_additional_dwellings"": -3187.919677734375, ""job_density"": -3079.9521484375, ""population"": -4905.61474609375}",9.6,8.4,10.8,"{""net_additional_dwellings"": -0.3776429295539856, ""job_density"": -0.8662696480751038, ""population"": -0.012305134907364845}",10.2,8.7,11.7,"{""net_additional_dwellings"": 0.03196939826011658, ""job_density"": -0.48551881313323975, ""population"": -0.20970037579536438}",10.5,8.5,12.5,"{""net_additional_dwellings"": -1.1599758863449097, ""job_density"": -0.7224682569503784, ""population"": -0.25314435362815857}",10.5,8.3,12.8,"{""net_additional_dwellings"": -1.6283067464828491, ""job_density"": -0.7044823169708252, ""population"": -0.5560154914855957}",10.5,8.1,13,"{""net_additional_dwellings"": -1.4214236736297607, ""job_density"": -0.726420521736145, ""population"": -0.2743914723396301}",Tewkesbury,,55
E07000135,389386.5,347719.1,431053.9,"{""net_additional_dwellings"": -8962.64453125, ""job_density"": 641.78369140625, ""population"": 1249.960693359375}",434230.8,358096.4,510365.1,"{""net_additional_dwellings"": -7232.720703125, ""job_density"": -5056.88671875, ""population"": 4434.47119140625}",459594.4,364972.8,554216,"{""net_additional_dwellings"": -14174.24609375, ""job_density"": -105.793212890625, ""population"": 11610.7216796875}",502175.5,379217.5,625133.5,"{""net_additional_dwellings"": -1260.0029296875, ""job_density"": -4494.82373046875, ""population"": 7043.666015625}",502072.1,407344.3,596799.8,"{""net_additional_dwellings"": -148.74365234375, ""job_density"": -4122.51220703125, ""population"": 7677.65185546875}",11.3,9.9,12.7,"{""net_additional_dwellings"": -1.078986406326294, ""job_density"": -0.8733127117156982, ""population"": 0.03622915968298912}",11.6,9.9,13.2,"{""net_additional_dwellings"": -0.5745142698287964, ""job_density"": -0.32539597153663635, ""population"": 0.26836851239204407}",12.1,9.7,14.4,"{""net_additional_dwellings"": -1.0731518268585205, ""job_density"": -0.9141886234283447, ""population"": 0.29039204120635986}",13.3,10.4,16.1,"{""net_additional_dwellings"": -3.32258939743042, ""job_density"": -1.0098780393600464, ""population"": 0.7289003133773804}",13.1,10,16.1,"{""net_additional_dwellings"": -2.241163730621338, ""job_density"": -0.4048307538032532, ""population"": 0.8642526865005493}",Basingstoke and Deane,,56
E07000136,477809.2,426679.9,528938.6,"{""net_additional_dwellings"": -3260.90234375, ""job_density"": -2330.9970703125, ""population"": 685.5003662109375}",481236.2,396860.4,565612.1,"{""net_additional_dwellings"": 3211.69482421875, ""job_density"": -11429.951171875, ""population"": -336.4219055175781}",491629.9,390412.8,592847,"{""net_additional_dwellings"": 3579.740234375, ""job_density"": 1531.9013671875, ""population"": -3377.809814453125}",572114.7,432032,712197.4,"{""net_additional_dwellings"": -3337.28759765625, ""job_density"": -10472.41015625, ""population"": -2500.648193359375}",604757.6,490655.8,718859.3,"{""net_additional_dwellings"": -1001.02880859375, ""job_density"": -7174.71875, ""population"": -4081.353759765625}",14,12.2,15.8,"{""net_additional_dwellings"": -0.5704315304756165, ""job_density"": -1.1947747468948364, ""population"": 0.11483237147331238}",14.4,12.3,16.5,"{""net_additional_dwellings"": 0.05596306920051575, ""job_density"": -0.11342787742614746, ""population"": 0.027159657329320908}",14.9,12,17.7,"{""net_additional_dwellings"": -0.8161400556564331, ""job_density"": -0.31554651260375977, ""population"": -0.14409655332565308}",16.1,12.7,19.6,"{""net_additional_dwellings"": -1.0879542827606201, ""job_density"": -1.0909206867218018, ""population"": 0.13101275265216827}",17.5,13.5,21.5,"{""net_additional_dwellings"": -0.23268038034439087, ""job_density"": -0.6010873317718506, ""population"": 0.3819526135921478}",East Hampshire,,57
E06000056,353958.4,316082.1,391834.7,"{""net_additional_dwellings"": -9781.49609375, ""job_density"": 2136.836181640625, ""population"": 556.1409301757812}",363900,300096.9,427703.2,"{""net_additional_dwellings"": -5050.23193359375, ""job_density"": -5230.85205078125, ""population"": -121.59134674072266}",374145.2,297115.9,451174.4,"{""net_additional_dwellings"": -4900.8876953125, ""job_density"": -5618.08642578125, ""population"": -1021.9146118164062}",376968.1,284667.2,469269,"{""net_additional_dwellings"": -6050.15234375, ""job_density"": -3502.24365234375, ""population"": -3047.775390625}",400295.8,324770.6,475821,"{""net_additional_dwellings"": -3218.1015625, ""job_density"": -4587.83251953125, ""population"": -277.037109375}",11,9.6,12.4,"{""net_additional_dwellings"": -0.9359731078147888, ""job_density"": -1.1264150142669678, ""population"": 0.087104432284832}",10.9,9.3,12.5,"{""net_additional_dwellings"": -0.2925398349761963, ""job_density"": -0.4476391077041626, ""population"": -0.010273998603224754}",11.5,9.3,13.7,"{""net_additional_dwellings"": -0.8406628370285034, ""job_density"": -0.9480551481246948, ""population"": -0.02249794453382492}",12,9.4,14.5,"{""net_additional_dwellings"": -3.096839666366577, ""job_density"": -1.3486740589141846, ""population"": 0.4759250581264496}",11.8,9.1,14.6,"{""net_additional_dwellings"": -1.7326910495758057, ""job_density"": -0.6580179929733276, ""population"": 0.7248907685279846}",Eastleigh,,58
E06000057,365444.4,326339,404549.8,"{""net_additional_dwellings"": 13144.9384765625, ""job_density"": -4.48321533203125, ""population"": -188.3428955078125}",389977.7,321602.3,458353,"{""net_additional_dwellings"": 22899.61328125, ""job_density"": -5069.3037109375, ""population"": -2464.9921875}",391090.5,310572.5,471608.4,"{""net_additional_dwellings"": 62005.5703125, ""job_density"": -3067.01953125, ""population"": -6979.46630859375}",403537.2,304730.8,502343.5,"{""net_additional_dwellings"": 7753.30810546875, ""job_density"": -912.9849853515625, ""population"": -2020.504638671875}",419795.1,340590.9,498999.3,"{""net_additional_dwellings"": 7086.89306640625, ""job_density"": -2157.92431640625, ""population"": -4685.765625}",11.4,10,12.9,"{""net_additional_dwellings"": 0.3118317127227783, ""job_density"": -0.8355920314788818, ""population"": 0.07352146506309509}",12.1,10.3,13.8,"{""net_additional_dwellings"": 1.6226601600646973, ""job_density"": -0.5984095931053162, ""population"": 0.012142668478190899}",11.8,9.5,14.1,"{""net_additional_dwellings"": 1.787469506263733, ""job_density"": -0.7025802135467529, ""population"": -0.09228307008743286}",12.3,9.6,14.9,"{""net_additional_dwellings"": 0.6876770853996277, ""job_density"": -0.8403512239456177, ""population"": -0.07408782094717026}",13.3,10.2,16.4,"{""net_additional_dwellings"": 0.7057254314422607, ""job_density"": -0.4227105379104614, ""population"": 0.26254087686538696}",Fareham,,59
E06000058,263016.1,234871.3,291160.8,"{""net_additional_dwellings"": 16947.10546875, ""job_density"": 1847.8995361328125, ""population"": -787.2708129882812}",270970.9,223461.2,318480.6,"{""net_additional_dwellings"": 24838.978515625, ""job_density"": 8482.708984375, ""population"": -6686.51220703125}",283128.6,224837.9,341419.3,"{""net_additional_dwellings"": 71995.34375, ""job_density"": 27187.255859375, ""population"": -17114.04296875}",283469.4,214061.7,352877.1,"{""net_additional_dwellings"": 5343.46875, ""job_density"": 8434.58984375, ""population"": -5897.33837890625}",302881.3,245735.6,360027,"{""net_additional_dwellings"": 11205.181640625, ""job_density"": 6828.9482421875, ""population"": -9350.8896484375}",9.2,8,10.4,"{""net_additional_dwellings"": 0.7040680646896362, ""job_density"": -0.2943423390388489, ""population"": -0.13496071100234985}",9.8,8.3,11.2,"{""net_additional_dwellings"": 2.176764488220215, ""job_density"": 0.907520592212677, ""population"": -0.34755903482437134}",10.3,8.3,12.3,"{""net_additional_dwellings"": 2.3875935077667236, ""job_density"": 1.1329336166381836, ""population"": -0.47259068489074707}",10.6,8.3,12.8,"{""net_additional_dwellings"": 2.2240116596221924, ""job_density"": 0.01874476671218872, ""population"": -0.8796200156211853}",10.8,8.3,13.2,"{""net_additional_dwellings"": 1.598855972290039, ""job_density"": 1.4763693809509277, ""population"": -0.5689688920974731}",Gosport,,60
E06000059,471926.6,421426.7,522426.4,"{""net_additional_dwellings"": 695.0048828125, ""job_density"": -4186.5869140625, ""population"": -119.43791961669922}",516087.8,425601.4,606574.2,"{""net_additional_dwellings"": 495.1192626953125, ""job_density"": -10086.8134765625, ""population"": -3175.137939453125}",533299.3,423503.3,643095.3,"{""net_additional_dwellings"": -3463.66748046875, ""job_density"": 793.34375, ""population"": -14156.0810546875}",591576.2,446728.4,736424.1,"{""net_additional_dwellings"": -6041.98583984375, ""job_density"": -13175.033203125, ""population"": -8506.4013671875}",635637.8,515709.7,755565.8,"{""net_additional_dwellings"": -3047.60595703125, ""job_density"": -10757.361328125, ""population"": -5321.14599609375}",13.1,11.4,14.7,"{""net_additional_dwellings"": -0.38057318329811096, ""job_density"": -1.301264762878418, ""population"": 0.005652787163853645}",14.2,12.1,16.2,"{""net_additional_dwellings"": -0.3396378755569458, ""job_density"": -0.11901122331619263, ""population"": -0.21013307571411133}",15.1,12.2,18,"{""net_additional_dwellings"": -0.990565836429596, ""job_density"": -0.2658783197402954, ""population"": -0.5106132626533508}",16.3,12.8,19.8,"{""net_additional_dwellings"": -1.9206699132919312, ""job_density"": -0.6014093160629272, ""population"": -0.5453835725784302}",16.7,12.9,20.6,"{""net_additional_dwellings"": -0.34827977418899536, ""job_density"": -0.20117142796516418, ""population"": -0.1268649846315384}",Hart,,61
E06000060,345688.6,308697.2,382680,"{""net_additional_dwellings"": 14553.1005859375, ""job_density"": -4654.83251953125, ""population"": 1056.8974609375}",347951.2,286944.4,408958,"{""net_additional_dwellings"": 16226.630859375, ""job_density"": -1596.6634521484375, ""population"": -83.92391967773438}",355375.6,282210.7,428540.6,"{""net_additional_dwellings"": 23628.947265625, ""job_density"": -8221.708984375, ""population"": -558.58642578125}",360588.5,272298.2,448878.9,"{""net_additional_dwellings"": -324.825439453125, ""job_density"": -3301.296875, ""population"": -1107.396728515625}",386433.7,313523.9,459343.5,"{""net_additional_dwellings"": 1456.9794921875, ""job_density"": -1204.6854248046875, ""population"": -1642.087646484375}",11.2,9.8,12.6,"{""net_additional_dwellings"": 0.371666818857193, ""job_density"": -1.1015138626098633, ""population"": 0.04203682392835617}",11.6,9.9,13.2,"{""net_additional_dwellings"": 1.2349821329116821, ""job_density"": 0.2567848563194275, ""population"": -0.07776898890733719}",11.6,9.4,13.8,"{""net_additional_dwellings"": 0.9167048335075378, ""job_density"": 0.07337959855794907, ""population"": -0.09279079735279083}",11.9,9.3,14.4,"{""net_additional_dwellings"": -0.7574924230575562, ""job_density"": -0.6785441040992737, ""population"": 0.056864771991968155}",12.8,9.8,15.8,"{""net_additional_dwellings"": 0.28182095289230347, ""job_density"": -0.6354418992996216, ""population"": 0.3161439001560211}",Havant,,62
E06000061,463786.4,414157.7,513415.2,"{""net_additional_dwellings"": 5519.82373046875, ""job_density"": -179.64208984375, ""population"": 944.056396484375}",472476.2,389636.3,555316.2,"{""net_additional_dwellings"": 5819.3154296875, ""job_density"": -13898.9794921875, ""population"": 1761.33935546875}",493139.2,391611.4,594667,"{""net_additional_dwellings"": 23125.330078125, ""job_density"": -1643.8349609375, ""population"": 9238.626953125}",543453.9,410388.8,676518.9,"{""net_additional_dwellings"": 7110.5595703125, ""job_density"": -6822.47509765625, ""population"": 5125.24072265625}",543611.4,441046.3,646176.5,"{""net_additional_dwellings"": 4570.71826171875, ""job_density"": -3672.29345703125, ""population"": 8007.22021484375}",13.7,12,15.5,"{""net_additional_dwellings"": 0.011066112667322159, ""job_density"": -1.1714763641357422, ""population"": 0.04286045581102371}",13.6,11.6,15.5,"{""net_additional_dwellings"": 0.4276811480522156, ""job_density"": -0.37894147634506226, ""population"": 0.3348703384399414}",13.9,11.2,16.6,"{""net_additional_dwellings"": 0.3966173529624939, ""job_density"": -1.1616915464401245, ""population"": 0.28007155656814575}",14.3,11.2,17.4,"{""net_additional_dwellings"": -0.901400089263916, ""job_density"": -1.1366139650344849, ""population"": 0.6360999941825867}",14.7,11.3,18,"{""net_additional_dwellings"": -0.3669719994068146, ""job_density"": -0.49329960346221924, ""population"": 0.7862116098403931}",New Forest,,63
E06000062,357062.3,318853.8,395270.7,"{""net_additional_dwellings"": 5103.37744140625, ""job_density"": -903.822265625, ""population"": -1317.495849609375}",383330.5,316120.6,450540.4,"{""net_additional_dwellings"": 9967.3701171875, ""job_density"": -7787.6171875, ""population"": -2540.042724609375}",419299,332973.4,505624.5,"{""net_additional_dwellings"": 22392.71484375, ""job_density"": -7528.36865234375, ""population"": -13264.38671875}",398124.1,300643.1,495605,"{""net_additional_dwellings"": 2634.8388671875, ""job_density"": -3165.049560546875, ""population"": -2793.6982421875}",416097.9,337591.2,494604.6,"{""net_additional_dwellings"": 2136.73291015625, ""job_density"": -3668.603515625, ""population"": -3949.928955078125}",10.4,9,11.7,"{""net_additional_dwellings"": -1.0751006603240967, ""job_density"": -0.9199541807174683, ""population"": 0.056551117449998856}",10.9,9.3,12.5,"{""net_additional_dwellings"": 0.49291789531707764, ""job_density"": -0.680543839931488, ""population"": -0.1846037358045578}",11.2,9.1,13.4,"{""net_additional_dwellings"": 0.8592276573181152, ""job_density"": -0.684049129486084, ""population"": -0.36188003420829773}",11.7,9.2,14.3,"{""net_additional_dwellings"": -0.907989501953125, ""job_density"": -1.0297683477401733, ""population"": -0.3675042688846588}",12.2,9.4,15,"{""net_additional_dwellings"": 0.6104299426078796, ""job_density"": -0.5358469486236572, ""population"": -0.1537894904613495}",Rushmoor,,64
E06000063,426334.4,380713.3,471955.5,"{""net_additional_dwellings"": -7384.6591796875, ""job_density"": -4561.76611328125, ""population"": -2629.842041015625}",442287.1,364740.2,519833.9,"{""net_additional_dwellings"": -8316.2568359375, ""job_density"": -9604.57421875, ""population"": -2677.112548828125}",442590.7,351469.8,533711.5,"{""net_additional_dwellings"": -8245.5703125, ""job_density"": -9619.341796875, ""population"": -3896.29931640625}",451409.5,340881.6,561937.4,"{""net_additional_dwellings"": -6565.13330078125, ""job_density"": -7594.4697265625, ""population"": -2866.5556640625}",484936.3,393441.6,576430.9,"{""net_additional_dwellings"": 878.0549926757812, ""job_density"": -7492.9033203125, ""population"": -3542.47412109375}",12,10.5,13.5,"{""net_additional_dwellings"": -0.8270257115364075, ""job_density"": -1.0511997938156128, ""population"": 0.11317998170852661}",12.3,10.5,14,"{""net_additional_dwellings"": -0.6214616298675537, ""job_density"": -0.9372217059135437, ""population"": 0.03313619643449783}",12.4,10,14.7,"{""net_additional_dwellings"": -1.1104793548583984, ""job_density"": -1.082054615020752, ""population"": -0.01901266910135746}",13.6,10.7,16.5,"{""net_additional_dwellings"": -2.117403507232666, ""job_density"": -0.8973163962364197, ""population"": 0.09155546873807907}",14,10.8,17.3,"{""net_additional_dwellings"": -0.9165722131729126, ""job_density"": -0.7605234384536743, ""population"": 0.40803635120391846}",Test Valley,,65
E06000064,517399.1,462033.3,572764.8,"{""net_additional_dwellings"": -5780.31494140625, ""job_density"": -6117.3798828125, ""population"": 1079.9052734375}",530631.8,437595.4,623668.3,"{""net_additional_dwellings"": -25448.078125, ""job_density"": -9495.96875, ""population"": -2123.21142578125}",562860.5,446978.4,678742.6,"{""net_additional_dwellings"": -27932.423828125, ""job_density"": -24388.47265625, ""population"": -5469.85400390625}",652868.2,493013,812723.5,"{""net_additional_dwellings"": -8267.3642578125, ""job_density"": 933.330810546875, ""population"": -3960.263671875}",676942.6,549221.4,804663.7,"{""net_additional_dwellings"": 2367.6103515625, ""job_density"": -4543.4453125, ""population"": -4159.40087890625}",13.7,11.9,15.4,"{""net_additional_dwellings"": -0.8274734020233154, ""job_density"": -0.7126331329345703, ""population"": 0.0374438613653183}",15.5,13.3,17.8,"{""net_additional_dwellings"": -0.4304448664188385, ""job_density"": -0.6966415643692017, ""population"": 0.04899334907531738}",15.7,12.7,18.7,"{""net_additional_dwellings"": -0.8806357383728027, ""job_density"": -0.3716939389705658, ""population"": -0.0586680993437767}",16.4,12.9,19.9,"{""net_additional_dwellings"": -2.6105642318725586, ""job_density"": -0.8672754764556885, ""population"": -0.026894748210906982}",16.7,12.8,20.5,"{""net_additional_dwellings"": -2.040947675704956, ""job_density"": -1.2081234455108643, ""population"": 0.37322407960891724}",Winchester,,66
E06000065,454149.5,405552,502747.1,"{""net_additional_dwellings"": 11897.4052734375, ""job_density"": -1957.361328125, ""population"": -689.6533813476562}",466643.7,384826.4,548461,"{""net_additional_dwellings"": 14749.87890625, ""job_density"": -10316.2490234375, ""population"": -3249.43798828125}",506754.2,402423.4,611085.1,"{""net_additional_dwellings"": 22580.86328125, ""job_density"": -3732.97412109375, ""population"": -14566.5654296875}",534063.3,403297.5,664829.1,"{""net_additional_dwellings"": 7182.49462890625, ""job_density"": -7240.12109375, ""population"": -4735.0234375}",571728.2,463858.2,679598.2,"{""net_additional_dwellings"": -198.84950256347656, ""job_density"": -5735.4130859375, ""population"": -8593.5966796875}",13.3,11.6,15,"{""net_additional_dwellings"": 0.32541051506996155, ""job_density"": -1.3547669649124146, ""population"": -0.02842211350798607}",13.9,11.9,15.9,"{""net_additional_dwellings"": 0.35478833317756653, ""job_density"": 0.5156744718551636, ""population"": -0.23872821033000946}",14.9,12,17.8,"{""net_additional_dwellings"": 1.3609548807144165, ""job_density"": 0.13868753612041473, ""population"": -0.4174371063709259}",16,12.6,19.4,"{""net_additional_dwellings"": -0.1360301673412323, ""job_density"": -0.26836127042770386, ""population"": -0.3544861078262329}",16.7,12.8,20.5,"{""net_additional_dwellings"": 0.49768903851509094, ""job_density"": -0.9503605365753174, ""population"": -0.15495552122592926}",Broxbourne,,67
E06000066,477650.4,426538.1,528762.8,"{""net_additional_dwellings"": -940.43603515625, ""job_density"": -8047.29248046875, ""population"": 46.28985595703125}",499821.8,412187.3,587456.3,"{""net_additional_dwellings"": 2624.7822265625, ""job_density"": 948.6263427734375, ""population"": 2157.8251953125}",530745.6,421475.3,640015.8,"{""net_additional_dwellings"": -17205.107421875, ""job_density"": -2341.841796875, ""population"": 13.54052734375}",583404.6,440557.5,726251.6,"{""net_additional_dwellings"": -2755.1396484375, ""job_density"": -3732.083984375, ""population"": -781.503173828125}",626621.6,508394.7,744848.6,"{""net_additional_dwellings"": -1503.91650390625, ""job_density"": -3112.00244140625, ""population"": -221.68174743652344}",12.7,11.1,14.3,"{""net_additional_dwellings"": 0.24371175467967987, ""job_density"": -0.7294237017631531, ""population"": 0.0344710573554039}",14.3,12.2,16.3,"{""net_additional_dwellings"": 0.13465271890163422, ""job_density"": -0.6678663492202759, ""population"": 0.15389633178710938}",14.7,11.9,17.5,"{""net_additional_dwellings"": -0.7637813091278076, ""job_density"": -0.3157771825790405, ""population"": 0.05480320751667023}",17.7,13.9,21.6,"{""net_additional_dwellings"": -0.7351991534233093, ""job_density"": -0.32471218705177307, ""population"": 0.5582319498062134}",17.5,13.4,21.5,"{""net_additional_dwellings"": -0.8828424215316772, ""job_density"": -0.9347156882286072, ""population"": 0.823089599609375}",Dacorum,,68
E07000008,630347.4,562895.3,697799.6,"{""net_additional_dwellings"": 7905.72119140625, ""job_density"": -7262.34765625, ""population"": 2370.738037109375}",608879.2,502123.5,715634.9,"{""net_additional_dwellings"": 6346.9658203125, ""job_density"": -22763.599609375, ""population"": 993.7427978515625}",616810.1,489820.9,743799.4,"{""net_additional_dwellings"": 38970.37890625, ""job_density"": -8072.9921875, ""population"": -10471.3720703125}",684691.4,517044.2,852338.5,"{""net_additional_dwellings"": 4763.79296875, ""job_density"": -8032.3076171875, ""population"": -5459.6025390625}",734043.6,595549,872538.2,"{""net_additional_dwellings"": 2791.4853515625, ""job_density"": -15381.435546875, ""population"": -2108.888427734375}",15.9,13.9,17.9,"{""net_additional_dwellings"": -0.431993305683136, ""job_density"": -1.5251526832580566, ""population"": 0.08225854486227036}",15.7,13.5,18,"{""net_additional_dwellings"": 0.4259520471096039, ""job_density"": -1.0486332178115845, ""population"": -0.14198949933052063}",17.5,14.2,20.9,"{""net_additional_dwellings"": 0.056002140045166016, ""job_density"": -0.6918482780456543, ""population"": -0.34326958656311035}",16.8,13.2,20.4,"{""net_additional_dwellings"": 0.09455303847789764, ""job_density"": -1.0892070531845093, ""population"": -0.38512009382247925}",19.2,14.8,23.6,"{""net_additional_dwellings"": 0.9723032712936401, ""job_density"": -1.0165858268737793, ""population"": -0.06920871138572693}",Hertsmere,,69
E07000009,426983.7,381293.1,472674.3,"{""net_additional_dwellings"": 1573.876953125, ""job_density"": -70.255126953125, ""population"": -1219.0762939453125}",444913.6,366906.3,522921,"{""net_additional_dwellings"": 2126.68212890625, ""job_density"": -12420.8564453125, ""population"": -2465.856201171875}",490374,389415.5,591332.5,"{""net_additional_dwellings"": 8894.4970703125, ""job_density"": -9448.8955078125, ""population"": -4793.31298828125}",524918.2,396391.6,653444.9,"{""net_additional_dwellings"": -1290.926513671875, ""job_density"": -8589.0166015625, ""population"": -2699.995361328125}",574868.2,466405.8,683330.7,"{""net_additional_dwellings"": 4512.55126953125, ""job_density"": -3231.21630859375, ""population"": -4750.8125}",12.2,10.7,13.8,"{""net_additional_dwellings"": -0.22013621032238007, ""job_density"": -0.9157286882400513, ""population"": 0.013039019890129566}",13.2,11.3,15.1,"{""net_additional_dwellings"": 0.16300475597381592, ""job_density"": 0.21239061653614044, ""population"": 0.0069709159433841705}",13.9,11.2,16.6,"{""net_additional_dwellings"": 0.07325191795825958, ""job_density"": -0.5500872135162354, ""population"": -0.07951238006353378}",14.9,11.7,18.1,"{""net_additional_dwellings"": -0.5890492796897888, ""job_density"": -0.6556249856948853, ""population"": 0.41598033905029297}",15.5,11.9,19.1,"{""net_additional_dwellings"": -0.42553627490997314, ""job_density"": 0.06442300975322723, ""population"": 0.6298539638519287}",North Hertfordshire,,70
E07000010,642093.9,573384.9,710803,"{""net_additional_dwellings"": 15727.4482421875, ""job_density"": -8761.7578125, ""population"": -2440.432861328125}",602996.1,497271.9,708720.2,"{""net_additional_dwellings"": 13778.6376953125, ""job_density"": -25715.01953125, ""population"": 698.9125366210938}",686426.4,545104.5,827748.4,"{""net_additional_dwellings"": 78384.3203125, ""job_density"": -11854.7919921875, ""population"": -3910.69580078125}",654521.6,494261.5,814781.6,"{""net_additional_dwellings"": 10160.96875, ""job_density"": -17307.685546875, ""population"": -6589.37841796875}",742951,602775.8,883126.2,"{""net_additional_dwellings"": 9697.119140625, ""job_density"": -17206.873046875, ""population"": -2840.14794921875}",15.1,13.1,17,"{""net_additional_dwellings"": 0.046409204602241516, ""job_density"": -1.1847835779190063, ""population"": -0.006026066839694977}",14.9,12.8,17.1,"{""net_additional_dwellings"": 1.8480961322784424, ""job_density"": -0.6864558458328247, ""population"": -0.3730871081352234}",15.5,12.5,18.5,"{""net_additional_dwellings"": 1.8245892524719238, ""job_density"": -0.804804265499115, ""population"": -0.5283075571060181}",16.7,13.1,20.3,"{""net_additional_dwellings"": -0.23231573402881622, ""job_density"": -0.53974848985672, ""population"": -0.873746395111084}",18.8,14.5,23.1,"{""net_additional_dwellings"": -0.04215310513973236, ""job_density"": -1.0658493041992188, ""population"": -0.301278293132782}",Three Rivers,,71
E07000011,455375.7,406646.9,504104.4,"{""net_additional_dwellings"": 5053.07958984375, ""job_density"": 3304.0439453125, ""population"": -1035.8302001953125}",461735.5,380778.8,542692.3,"{""net_additional_dwellings"": 3349.2890625, ""job_density"": -8136.29150390625, ""population"": -3748.43310546875}",532212.1,422640,641784.3,"{""net_additional_dwellings"": -20976.01171875, ""job_density"": 13167.4609375, ""population"": -13746.826171875}",536553,405177.6,667928.4,"{""net_additional_dwellings"": -10477.5390625, ""job_density"": 14779.828125, ""population"": -5920.111328125}",563604.1,457266.9,669941.3,"{""net_additional_dwellings"": -4101.60107421875, ""job_density"": 5026.09716796875, ""population"": -10233.9775390625}",13.2,11.6,14.9,"{""net_additional_dwellings"": 0.14913661777973175, ""job_density"": -0.48966366052627563, ""population"": -0.043622925877571106}",13.4,11.5,15.3,"{""net_additional_dwellings"": 0.2528756260871887, ""job_density"": -1.1384670734405518, ""population"": -0.23469914495944977}",15.3,12.4,18.3,"{""net_additional_dwellings"": 0.368328332901001, ""job_density"": -0.389140784740448, ""population"": -0.300383985042572}",15.9,12.4,19.3,"{""net_additional_dwellings"": 0.03111106902360916, ""job_density"": -0.5794847011566162, ""population"": -0.5107311010360718}",17.6,13.5,21.6,"{""net_additional_dwellings"": -0.5032778978347778, ""job_density"": -0.9155200719833374, ""population"": -0.08177384734153748}",Watford,,72
E07000012,372425.4,332572.9,412277.8,"{""net_additional_dwellings"": -9890.947265625, ""job_density"": -2690.03564453125, ""population"": -1269.86669921875}",389405.8,321130.7,457680.9,"{""net_additional_dwellings"": -12491.7626953125, ""job_density"": -8520.80859375, ""population"": -1699.15771484375}",406172.8,322549.7,489795.9,"{""net_additional_dwellings"": -9805.5654296875, ""job_density"": -14792.517578125, ""population"": -4058.58349609375}",401393.4,303111.9,499674.8,"{""net_additional_dwellings"": -8832.8857421875, ""job_density"": -4382.66015625, ""population"": -2104.876953125}",433543.9,351745.6,515342.2,"{""net_additional_dwellings"": -6973.03125, ""job_density"": -2396.291259765625, ""population"": -2357.996826171875}",10.9,9.5,12.3,"{""net_additional_dwellings"": -0.7983514666557312, ""job_density"": -1.2406481504440308, ""population"": 0.06295466423034668}",11.4,9.7,13,"{""net_additional_dwellings"": -0.7078880071640015, ""job_density"": -0.738128662109375, ""population"": 0.04108727350831032}",11.6,9.3,13.8,"{""net_additional_dwellings"": -0.8314093351364136, ""job_density"": -0.587907075881958, ""population"": -0.00927009154111147}",11.8,9.2,14.3,"{""net_additional_dwellings"": -3.2236950397491455, ""job_density"": -1.2230198383331299, ""population"": 0.4164145588874817}",12.4,9.5,15.2,"{""net_additional_dwellings"": -1.740630030632019, ""job_density"": -0.8150316476821899, ""population"": 0.704459547996521}",Ashford,,73
E07000032,388418.9,346855.1,429982.8,"{""net_additional_dwellings"": 5646.8583984375, ""job_density"": 2782.672119140625, ""population"": 599.5841674804688}",406159.3,334946.8,477371.9,"{""net_additional_dwellings"": 7465.25634765625, ""job_density"": -8881.4208984375, ""population"": -785.6463623046875}",442905.2,351719.6,534090.8,"{""net_additional_dwellings"": -6711.0, ""job_density"": -6137.5107421875, ""population"": -201.81689453125}",454510,343222.9,565797.1,"{""net_additional_dwellings"": -5252.953125, ""job_density"": -4219.81103515625, ""population"": -75.73231506347656}",476016.1,386204.4,565827.7,"{""net_additional_dwellings"": -5016.3642578125, ""job_density"": -3905.65283203125, ""population"": 3863.40234375}",12.6,11,14.2,"{""net_additional_dwellings"": 0.271174818277359, ""job_density"": -0.9541417360305786, ""population"": 0.020895134657621384}",13.2,11.3,15.2,"{""net_additional_dwellings"": 1.1301811933517456, ""job_density"": -0.31801941990852356, ""population"": 0.1171078085899353}",13,10.5,15.5,"{""net_additional_dwellings"": 0.27293533086776733, ""job_density"": -0.6842989921569824, ""population"": 0.04993433132767677}",14.4,11.3,17.5,"{""net_additional_dwellings"": -1.074538230895996, ""job_density"": -0.9892996549606323, ""population"": 0.590298593044281}",14.2,11,17.5,"{""net_additional_dwellings"": -0.17684859037399292, ""job_density"": -0.6890512704849243, ""population"": 0.7789811491966248}",Canterbury,,74
E07000033,371536.1,331778.8,411293.4,"{""net_additional_dwellings"": -3576.1494140625, ""job_density"": -5997.53173828125, ""population"": -1822.3680419921875}",405799,334649.7,476948.4,"{""net_additional_dwellings"": -1904.250732421875, ""job_density"": -13061.5546875, ""population"": -3392.26123046875}",436627.9,346734.7,526521.2,"{""net_additional_dwellings"": -4216.10498046875, ""job_density"": -12214.896484375, ""population"": -8083.2958984375}",442803.3,334382.6,551224,"{""net_additional_dwellings"": -3592.856201171875, ""job_density"": -8457.904296875, ""population"": -3323.1806640625}",473621.2,384261.4,562981,"{""net_additional_dwellings"": -2389.158935546875, ""job_density"": -7564.9794921875, ""population"": -2196.77294921875}",11.4,9.9,12.8,"{""net_additional_dwellings"": 0.13872654736042023, ""job_density"": -1.5712312459945679, ""population"": 0.07419517636299133}",11.8,10.1,13.5,"{""net_additional_dwellings"": -0.2835421562194824, ""job_density"": -1.090268611907959, ""population"": -0.02572338655591011}",12.6,10.2,15,"{""net_additional_dwellings"": -0.6305736303329468, ""job_density"": -0.7150041460990906, ""population"": -0.07501033693552017}",13.5,10.6,16.4,"{""net_additional_dwellings"": -1.7887787818908691, ""job_density"": -1.2578915357589722, ""population"": -0.12336880713701248}",13.5,10.4,16.6,"{""net_additional_dwellings"": -1.2716737985610962, ""job_density"": -0.9474001526832581, ""population"": 0.3172643780708313}",Dartford,,75
E07000034,327791.6,292715.3,362867.8,"{""net_additional_dwellings"": 8682.87890625, ""job_density"": -943.6844482421875, ""population"": 1894.77978515625}",343642.4,283391.1,403893.8,"{""net_additional_dwellings"": 8966.67578125, ""job_density"": 2216.564453125, ""population"": -311.99847412109375}",356558,283149.6,429966.4,"{""net_additional_dwellings"": -6465.49755859375, ""job_density"": 12517.70703125, ""population"": -2889.285888671875}",359022.1,271115.3,446928.9,"{""net_additional_dwellings"": -7193.1689453125, ""job_density"": -2514.149658203125, ""population"": -1372.8323974609375}",365444.6,296494.9,434394.4,"{""net_additional_dwellings"": -3824.58154296875, ""job_density"": 2227.207275390625, ""population"": -3242.11328125}",10.4,9,11.7,"{""net_additional_dwellings"": 0.5119649171829224, ""job_density"": -1.0192575454711914, ""population"": 0.025696653872728348}",11,9.4,12.5,"{""net_additional_dwellings"": 0.4385913610458374, ""job_density"": 0.4212806224822998, ""population"": -0.04508494585752487}",11.1,9,13.3,"{""net_additional_dwellings"": -0.0008021444082260132, ""job_density"": 0.257163941860199, ""population"": -0.09107881039381027}",11.5,9.1,14,"{""net_additional_dwellings"": -0.15124589204788208, ""job_density"": -0.6057388782501221, ""population"": -0.02647610381245613}",11.5,8.9,14.2,"{""net_additional_dwellings"": 0.49655258655548096, ""job_density"": -0.10641495883464813, ""population"": 0.3116498291492462}",Dover,,76
E07000035,388213.9,346672,429755.8,"{""net_additional_dwellings"": 12153.9248046875, ""job_density"": -590.507080078125, ""population"": -1946.364501953125}",413930,341355.1,486505,"{""net_additional_dwellings"": 18051.49609375, ""job_density"": -3242.30859375, ""population"": -3527.52978515625}",442883.3,351702.2,534064.4,"{""net_additional_dwellings"": 27954.9609375, ""job_density"": 31493.91015625, ""population"": -12232.7998046875}",437988.5,330746.7,545230.3,"{""net_additional_dwellings"": 5823.4482421875, ""job_density"": 1801.4754638671875, ""population"": -3131.10595703125}",445314.1,361295.1,529333.1,"{""net_additional_dwellings"": -1305.2784423828125, ""job_density"": 4086.549560546875, ""population"": -4628.1337890625}",12.1,10.5,13.6,"{""net_additional_dwellings"": 0.33995524048805237, ""job_density"": -0.7195857763290405, ""population"": 0.06788352131843567}",12.7,10.9,14.5,"{""net_additional_dwellings"": 1.0179705619812012, ""job_density"": 1.362544298171997, ""population"": -0.15149150788784027}",13.4,10.8,15.9,"{""net_additional_dwellings"": 1.2923836708068848, ""job_density"": 1.56184720993042, ""population"": -0.37192776799201965}",14.3,11.2,17.4,"{""net_additional_dwellings"": 0.45164233446121216, ""job_density"": 0.1586301326751709, ""population"": -0.4056894779205322}",13.1,10.1,16.1,"{""net_additional_dwellings"": 1.1133582592010498, ""job_density"": 0.9306150078773499, ""population"": -0.03917403146624565}",Gravesham,,77
E07000036,385870.2,344579,427161.3,"{""net_additional_dwellings"": -13532.607421875, ""job_density"": -388.3935546875, ""population"": 1919.0013427734375}",435505.4,359147.6,511863.2,"{""net_additional_dwellings"": -13809.4208984375, ""job_density"": -6078.1669921875, ""population"": 3620.0751953125}",476730.6,378581,574880.2,"{""net_additional_dwellings"": -17644.859375, ""job_density"": -8139.3515625, ""population"": 12563.0791015625}",507286.7,383077.2,631496.2,"{""net_additional_dwellings"": -3549.34033203125, ""job_density"": -5691.345703125, ""population"": 4849.56103515625}",521701.2,423270,620132.5,"{""net_additional_dwellings"": -1241.390625, ""job_density"": -5144.8173828125, ""population"": 7795.68896484375}",12.2,10.6,13.8,"{""net_additional_dwellings"": -1.6529655456542969, ""job_density"": -1.0983500480651855, ""population"": 0.09292059391736984}",13,11.1,14.8,"{""net_additional_dwellings"": -0.8081427216529846, ""job_density"": -0.48840391635894775, ""population"": 0.2343387007713318}",13.5,10.9,16.1,"{""net_additional_dwellings"": -0.7724308967590332, ""job_density"": -1.0118153095245361, ""population"": 0.2696135938167572}",14.2,11.2,17.3,"{""net_additional_dwellings"": -3.2167510986328125, ""job_density"": -1.1863802671432495, ""population"": 0.7250056862831116}",14.7,11.3,18.1,"{""net_additional_dwellings"": -2.5632424354553223, ""job_density"": -0.5939525365829468, ""population"": 0.8636182546615601}",Maidstone,,78
E07000037,541248.5,483330.7,599166.3,"{""net_additional_dwellings"": 9696.6640625, ""job_density"": -7652.2783203125, ""population"": 338.214111328125}",556913.8,459269.2,654558.3,"{""net_additional_dwellings"": 10505.4462890625, ""job_density"": -17880.1875, ""population"": 1006.2296142578125}",582856.7,462857.8,702855.6,"{""net_additional_dwellings"": 31364.62109375, ""job_density"": -8912.568359375, ""population"": -5106.5322265625}",625003.8,471971.2,778036.4,"{""net_additional_dwellings"": 6920.83984375, ""job_density"": -15613.912109375, ""population"": -6564.7978515625}",671016.8,544413.6,797619.9,"{""net_additional_dwellings"": 5927.7529296875, ""job_density"": -12245.7822265625, ""population"": -1765.639404296875}",15.4,13.4,17.4,"{""net_additional_dwellings"": -0.6302090287208557, ""job_density"": -1.0011566877365112, ""population"": 0.08242744952440262}",16.6,14.2,19,"{""net_additional_dwellings"": 1.1715362071990967, ""job_density"": -0.47912728786468506, ""population"": 0.06360512226819992}",16.8,13.6,20,"{""net_additional_dwellings"": 0.8911471366882324, ""job_density"": -0.6404601335525513, ""population"": -0.10181007534265518}",17.2,13.5,20.9,"{""net_additional_dwellings"": -1.1360228061676025, ""job_density"": -0.47132256627082825, ""population"": -0.009595026262104511}",19.7,15.2,24.3,"{""net_additional_dwellings"": 0.05508251488208771, ""job_density"": -0.8297023177146912, ""population"": 0.2878808081150055}",Sevenoaks,,79
E07000038,342019.6,305420.8,378618.4,"{""net_additional_dwellings"": 3373.77783203125, ""job_density"": -3488.6103515625, ""population"": -745.0974731445312}",341704.6,281793.1,401616.2,"{""net_additional_dwellings"": 5711.02294921875, ""job_density"": -2404.935302734375, ""population"": -3211.35498046875}",358713.2,284861.1,432565.4,"{""net_additional_dwellings"": -8502.5947265625, ""job_density"": -6398.478515625, ""population"": -9369.171875}",355568.1,268507,442629.2,"{""net_additional_dwellings"": -3774.071533203125, ""job_density"": -3081.461181640625, ""population"": -1844.5504150390625}",364159.8,295452.5,432867.1,"{""net_additional_dwellings"": -802.65185546875, ""job_density"": -501.12548828125, ""population"": -3501.43359375}",11.1,9.7,12.5,"{""net_additional_dwellings"": -0.0130952512845397, ""job_density"": -1.0004910230636597, ""population"": -0.00755675695836544}",11.5,9.9,13.2,"{""net_additional_dwellings"": 0.3661002516746521, ""job_density"": 0.6139492988586426, ""population"": -0.13377822935581207}",12.1,9.8,14.4,"{""net_additional_dwellings"": 0.036631204187870026, ""job_density"": -0.311215877532959, ""population"": -0.2730922996997833}",12.1,9.5,14.6,"{""net_additional_dwellings"": -0.5645077228546143, ""job_density"": -0.5750380754470825, ""population"": -0.2249513566493988}",12.3,9.5,15.2,"{""net_additional_dwellings"": 0.3197880685329437, ""job_density"": -0.23903903365135193, ""population"": 0.22408896684646606}",Folkestone and Hythe,,80
E07000039,336935.3,300880.6,372990,"{""net_additional_dwellings"": -7146.2333984375, ""job_density"": -3400.028076171875, ""population"": 1080.024658203125}",347791.1,286812.3,408769.8,"{""net_additional_dwellings"": -5719.31982421875, ""job_density"": -810.6405639648438, ""population"": 1512.0596923828125}",354873.7,281812.1,427935.3,"{""net_additional_dwellings"": -9409.5673828125, ""job_density"": 6839.6220703125, ""population"": 3514.96728515625}",366067.1,276435.3,455698.9,"{""net_additional_dwellings"": -7633.8369140625, ""job_density"": -725.7249145507812, ""population"": -678.01318359375}",379497.4,307896.3,451098.5,"{""net_additional_dwellings"": -7430.5947265625, ""job_density"": -2290.71630859375, ""population"": 2841.7763671875}",10.3,8.9,11.6,"{""net_additional_dwellings"": -0.7374280095100403, ""job_density"": -0.9347409009933472, ""population"": 0.04527134820818901}",10.7,9.1,12.2,"{""net_additional_dwellings"": -0.7334386110305786, ""job_density"": 0.09675607085227966, ""population"": 0.12433753907680511}",11.5,9.3,13.7,"{""net_additional_dwellings"": -1.0570759773254395, ""job_density"": -0.25112244486808777, ""population"": -0.017141355201601982}",11.5,9,14,"{""net_additional_dwellings"": -2.63653826713562, ""job_density"": -0.5596283674240112, ""population"": 0.49666348099708557}",12.3,9.4,15.1,"{""net_additional_dwellings"": -1.5187478065490723, ""job_density"": 0.18462184071540833, ""population"": 0.7840262651443481}",Swale,,81
E07000040,310706,277458,343953.9,"{""net_additional_dwellings"": 165.31005859375, ""job_density"": -2147.85498046875, ""population"": 1684.9254150390625}",324166.7,267330,381003.3,"{""net_additional_dwellings"": 2597.607421875, ""job_density"": 2614.710205078125, ""population"": 1639.706787109375}",317999,252529.2,383468.9,"{""net_additional_dwellings"": -2401.9873046875, ""job_density"": 4978.2060546875, ""population"": -738.1727294921875}",332966.5,251439.4,414493.5,"{""net_additional_dwellings"": -6737.15625, ""job_density"": 370.0650634765625, ""population"": 630.7510986328125}",350315.1,284219.9,416410.3,"{""net_additional_dwellings"": -3325.622314453125, ""job_density"": -1100.591552734375, ""population"": 806.0482788085938}",10.8,9.4,12.2,"{""net_additional_dwellings"": 0.1010311096906662, ""job_density"": -0.7699475288391113, ""population"": -0.09885255992412567}",11.2,9.6,12.9,"{""net_additional_dwellings"": 0.013024836778640747, ""job_density"": 0.45399150252342224, ""population"": -0.08649824559688568}",11.6,9.3,13.8,"{""net_additional_dwellings"": -0.3117700219154358, ""job_density"": -0.043127551674842834, ""population"": -0.09859797358512878}",11.6,9.1,14,"{""net_additional_dwellings"": -1.231793999671936, ""job_density"": -0.7928582429885864, ""population"": 0.309985876083374}",11.7,9,14.4,"{""net_additional_dwellings"": -0.3745476007461548, ""job_density"": -0.042591482400894165, ""population"": 0.6938008069992065}",Thanet,,82
E07000041,445953.7,398233.1,493674.2,"{""net_additional_dwellings"": 7851.388671875, ""job_density"": -6454.8095703125, ""population"": -207.85089111328125}",457170.2,377013.9,537326.5,"{""net_additional_dwellings"": 10678.72265625, ""job_density"": -16003.10546875, ""population"": -741.2481079101562}",494901.1,393010.6,596791.7,"{""net_additional_dwellings"": 7037.91259765625, ""job_density"": -8966.4345703125, ""population"": -2915.58203125}",512998.8,387390.7,638606.9,"{""net_additional_dwellings"": -7531.98828125, ""job_density"": -10153.48828125, ""population"": -3211.057373046875}",541253.4,439133.2,643373.6,"{""net_additional_dwellings"": 806.632568359375, ""job_density"": -7507.85302734375, ""population"": -4650.22705078125}",13.3,11.6,15,"{""net_additional_dwellings"": 0.1842239797115326, ""job_density"": -1.7655695676803589, ""population"": 0.023896783590316772}",14.3,12.2,16.3,"{""net_additional_dwellings"": 0.7516680359840393, ""job_density"": -1.0534539222717285, ""population"": -0.006233198568224907}",15.3,12.4,18.2,"{""net_additional_dwellings"": 0.8181109428405762, ""job_density"": -0.8757635354995728, ""population"": -0.034209758043289185}",16.6,13,20.1,"{""net_additional_dwellings"": -0.24392512440681458, ""job_density"": -0.8238429427146912, ""population"": 0.3844643831253052}",17.2,13.2,21.2,"{""net_additional_dwellings"": 0.5275179147720337, ""job_density"": -0.70855712890625, ""population"": 0.6109244227409363}",Tonbridge and Malling,,83
E07000042,469621.9,419368.7,519875.1,"{""net_additional_dwellings"": 7257.45166015625, ""job_density"": -8057.09765625, ""population"": 348.3774108886719}",512971.2,423031.2,602911.2,"{""net_additional_dwellings"": 6693.57763671875, ""job_density"": -18121.724609375, ""population"": -1952.9599609375}",524185.7,416266,632105.4,"{""net_additional_dwellings"": -4486.9365234375, ""job_density"": -8125.4990234375, ""population"": -8397.427734375}",546782.2,412902.2,680662.2,"{""net_additional_dwellings"": -6003.685546875, ""job_density"": -14629.763671875, ""population"": -6688.63427734375}",598957.4,485950,711964.9,"{""net_additional_dwellings"": -3814.5439453125, ""job_density"": -13652.177734375, ""population"": -5716.0068359375}",14.3,12.5,16.2,"{""net_additional_dwellings"": 0.4279196560382843, ""job_density"": -1.6012681722640991, ""population"": 0.0534694604575634}",15,12.8,17.1,"{""net_additional_dwellings"": 0.17185428738594055, ""job_density"": -1.1277108192443848, ""population"": 0.020457206293940544}",15.3,12.4,18.2,"{""net_additional_dwellings"": 0.2900291979312897, ""job_density"": -0.8264316320419312, ""population"": -0.09731346368789673}",16.9,13.3,20.6,"{""net_additional_dwellings"": -0.5325472354888916, ""job_density"": -0.8996390700340271, ""population"": -0.1576254814863205}",16.9,13,20.8,"{""net_additional_dwellings"": -0.4105687141418457, ""job_density"": -0.8043375611305237, ""population"": 0.3398357629776001}",Tunbridge Wells,,84
E07000043,116159.6,103729.6,128589.5,"{""net_additional_dwellings"": 8935.2802734375, ""job_density"": 677.24609375, ""population"": -461.5314025878906}",114347.7,94298.9,134396.4,"{""net_additional_dwellings"": 13793.1845703125, ""job_density"": -270.0970458984375, ""population"": -2099.357666015625}",111682.4,88689.2,134675.7,"{""net_additional_dwellings"": 37581.62890625, ""job_density"": -2005.0166015625, ""population"": -8184.064453125}",110884.6,83734.4,138034.8,"{""net_additional_dwellings"": 2961.60009765625, ""job_density"": -2692.252685546875, ""population"": -1011.3018188476562}",113235.1,91870.6,134599.5,"{""net_additional_dwellings"": 5871.86328125, ""job_density"": 2482.918701171875, ""population"": -2949.493408203125}",5.2,4.5,5.9,"{""net_additional_dwellings"": -0.6331615447998047, ""job_density"": -0.7905691862106323, ""population"": 0.10662654042243958}",5.2,4.4,6,"{""net_additional_dwellings"": 0.6516950130462646, ""job_density"": 0.02259458601474762, ""population"": -0.08503524214029312}",5,4,5.9,"{""net_additional_dwellings"": 0.8037194013595581, ""job_density"": -0.5313172340393066, ""population"": -0.2521010637283325}",5.2,4.1,6.3,"{""net_additional_dwellings"": 0.038391001522541046, ""job_density"": -0.7360659837722778, ""population"": -0.41191527247428894}",5.2,4,6.4,"{""net_additional_dwellings"": 0.21629488468170166, ""job_density"": -0.1666562408208847, ""population"": -0.2115655243396759}",Burnley,,85
E07000044,202675.5,180987.6,224363.3,"{""net_additional_dwellings"": 5420.404296875, ""job_density"": -751.14013671875, ""population"": 838.695068359375}",202008.5,166590,237426.9,"{""net_additional_dwellings"": 6564.9736328125, ""job_density"": 2189.629150390625, ""population"": -514.1920166015625}",208386.6,165483.8,251289.4,"{""net_additional_dwellings"": 33323.25390625, ""job_density"": 14243.54296875, ""population"": -1903.7720947265625}",222053,167683.2,276422.9,"{""net_additional_dwellings"": 5300.5498046875, ""job_density"": 1663.33544921875, ""population"": -530.425537109375}",220719.6,179075.6,262363.5,"{""net_additional_dwellings"": 6158.26904296875, ""job_density"": 1787.8961181640625, ""population"": 8.131500244140625}",7.9,6.9,8.9,"{""net_additional_dwellings"": -1.0063612461090088, ""job_density"": -0.7736803293228149, ""population"": 0.19376803934574127}",8.1,6.9,9.2,"{""net_additional_dwellings"": 0.5364297032356262, ""job_density"": 0.13891325891017914, ""population"": 0.06655198335647583}",8.3,6.7,9.8,"{""net_additional_dwellings"": -0.4310345947742462, ""job_density"": 0.26525866985321045, ""population"": -0.02327144891023636}",7.9,6.2,9.6,"{""net_additional_dwellings"": -0.988681972026825, ""job_density"": -0.5167105793952942, ""population"": 0.058095186948776245}",8.2,6.3,10.1,"{""net_additional_dwellings"": 0.6092876195907593, ""job_density"": -0.11817494034767151, ""population"": 0.2662574052810669}",Chorley,,86
E07000045,225050,200967.9,249132.1,"{""net_additional_dwellings"": 4930.23876953125, ""job_density"": -2553.325439453125, ""population"": -4511.3408203125}",227157.2,187329.4,266985,"{""net_additional_dwellings"": 4829.845703125, ""job_density"": -7632.17578125, ""population"": -11224.916015625}",232680.2,184775.9,280584.6,"{""net_additional_dwellings"": 10284.0556640625, ""job_density"": -8902.2333984375, ""population"": -17966.431640625}",243344,183761,302926.9,"{""net_additional_dwellings"": 2499.177001953125, ""job_density"": -3431.56005859375, ""population"": -7654.86279296875}",247387,200711.6,294062.4,"{""net_additional_dwellings"": -3932.73291015625, ""job_density"": -3309.37939453125, ""population"": -12353.958984375}",7.8,6.8,8.8,"{""net_additional_dwellings"": -0.8757225871086121, ""job_density"": -1.2151883840560913, ""population"": -0.09505192935466766}",7.7,6.6,8.8,"{""net_additional_dwellings"": 0.11208760738372803, ""job_density"": -0.856499433517456, ""population"": -0.25634944438934326}",8,6.4,9.5,"{""net_additional_dwellings"": 0.05075988173484802, ""job_density"": -0.7447397708892822, ""population"": -0.5397493243217468}",7.6,6,9.3,"{""net_additional_dwellings"": -1.6186258792877197, ""job_density"": -1.1724222898483276, ""population"": -0.8542983531951904}",7.3,5.6,9,"{""net_additional_dwellings"": 0.0973302572965622, ""job_density"": -1.052209734916687, ""population"": -0.7160062789916992}",Fylde,,87
E07000046,121360.8,108374.2,134347.3,"{""net_additional_dwellings"": 13001.6513671875, ""job_density"": -2536.520263671875, ""population"": -1252.7833251953125}",121607.2,100285.6,142928.8,"{""net_additional_dwellings"": 19465.66015625, ""job_density"": -263.1601257324219, ""population"": -3395.606201171875}",126209.2,100225.2,152193.2,"{""net_additional_dwellings"": 69938.625, ""job_density"": 1805.87109375, ""population"": -9312.943359375}",124426.9,93960.9,154892.9,"{""net_additional_dwellings"": 8046.05712890625, ""job_density"": 962.384521484375, ""population"": -2752.3154296875}",123569.7,100255.4,146884,"{""net_additional_dwellings"": 8716.12890625, ""job_density"": 220.97483825683594, ""population"": -5539.21044921875}",5.7,4.9,6.4,"{""net_additional_dwellings"": 0.03267379850149155, ""job_density"": -0.955021321773529, ""population"": -0.040671996772289276}",5.6,4.7,6.4,"{""net_additional_dwellings"": 2.092808485031128, ""job_density"": 0.10934072732925415, ""population"": -0.10338963568210602}",5.2,4.2,6.3,"{""net_additional_dwellings"": 1.8231838941574097, ""job_density"": -0.021895498037338257, ""population"": -0.42811319231987}",5.7,4.5,7,"{""net_additional_dwellings"": 0.9564594030380249, ""job_density"": -0.7537474632263184, ""population"": -0.6813278794288635}",5.7,4.4,7,"{""net_additional_dwellings"": 0.9533710479736328, ""job_density"": -0.8241738080978394, ""population"": -0.5524787306785583}",Hyndburn,,88
E07000047,196533.5,175502.9,217564.2,"{""net_additional_dwellings"": 1619.801025390625, ""job_density"": -2073.670654296875, ""population"": 1249.8616943359375}",203787.2,168056.9,239517.5,"{""net_additional_dwellings"": 6317.95166015625, ""job_density"": -1132.325927734375, ""population"": 1609.0498046875}",189818,150738.2,228897.9,"{""net_additional_dwellings"": 18168.755859375, ""job_density"": -3389.49267578125, ""population"": 2810.57666015625}",218658.8,165120,272197.5,"{""net_additional_dwellings"": -6061.81640625, ""job_density"": -1249.21630859375, ""population"": 718.7155151367188}",209282.2,169796.2,248768.2,"{""net_additional_dwellings"": 1009.8460693359375, ""job_density"": -279.39031982421875, ""population"": 682.5408935546875}",7.1,6.2,8,"{""net_additional_dwellings"": -0.9247252941131592, ""job_density"": -1.076294183731079, ""population"": 0.18186117708683014}",7.2,6.2,8.3,"{""net_additional_dwellings"": -0.22349423170089722, ""job_density"": 0.17213763296604156, ""population"": -0.017747528851032257}",7.4,5.9,8.8,"{""net_additional_dwellings"": -0.043325841426849365, ""job_density"": -0.3994736671447754, ""population"": -0.023914529010653496}",7.1,5.6,8.7,"{""net_additional_dwellings"": -0.8201844096183777, ""job_density"": -1.0471508502960205, ""population"": 0.2821368873119354}",7.2,5.5,8.9,"{""net_additional_dwellings"": 0.33618342876434326, ""job_density"": -0.6151643991470337, ""population"": 0.6749340891838074}",Lancaster,,89
E07000061,136373,121780,150965.9,"{""net_additional_dwellings"": 5785.52783203125, ""job_density"": -6775.7177734375, ""population"": -280.874267578125}",134802.5,111167.4,158437.7,"{""net_additional_dwellings"": 12584.1884765625, ""job_density"": -288.0313720703125, ""population"": -2096.897216796875}",125999.2,100058.4,151940,"{""net_additional_dwellings"": 33332.15234375, ""job_density"": -4769.52001953125, ""population"": -8788.4150390625}",143731,108538.4,178923.6,"{""net_additional_dwellings"": -647.294921875, ""job_density"": -585.0631103515625, ""population"": -1159.2904052734375}",153797,124779.6,182814.5,"{""net_additional_dwellings"": 5448.17724609375, ""job_density"": -1604.996337890625, ""population"": -3156.7294921875}",5.9,5.1,6.6,"{""net_additional_dwellings"": -0.357682466506958, ""job_density"": -1.375612497329712, ""population"": 0.15688836574554443}",5.9,5,6.7,"{""net_additional_dwellings"": 0.659306526184082, ""job_density"": -0.05464726686477661, ""population"": -0.08955910056829453}",5.7,4.6,6.8,"{""net_additional_dwellings"": 0.6097338199615479, ""job_density"": -0.09470786154270172, ""population"": -0.26399368047714233}",6.1,4.8,7.4,"{""net_additional_dwellings"": 0.8623287081718445, ""job_density"": -0.939034104347229, ""population"": -0.1453203558921814}",5.9,4.5,7.2,"{""net_additional_dwellings"": 0.7325431108474731, ""job_density"": -0.6630574464797974, ""population"": -0.15685412287712097}",Pendle,,90
E07000062,183936.3,164253.7,203618.9,"{""net_additional_dwellings"": -5467.1171875, ""job_density"": -1304.0350341796875, ""population"": 1129.9283447265625}",183638.1,151440.6,215835.6,"{""net_additional_dwellings"": -3771.72216796875, ""job_density"": -6641.6943359375, ""population"": 882.2234497070312}",192500.2,152868.2,232132.3,"{""net_additional_dwellings"": -16738.318359375, ""job_density"": -12345.068359375, ""population"": 1897.555419921875}",200678.2,151542,249814.4,"{""net_additional_dwellings"": -7782.5458984375, ""job_density"": -2442.46240234375, ""population"": -402.03582763671875}",207712.7,168522.8,246902.6,"{""net_additional_dwellings"": -5405.85986328125, ""job_density"": -3846.163330078125, ""population"": 886.4080200195312}",6.3,5.5,7.1,"{""net_additional_dwellings"": -0.45181477069854736, ""job_density"": -0.6855356693267822, ""population"": -0.018512047827243805}",6.5,5.5,7.4,"{""net_additional_dwellings"": -0.4979186952114105, ""job_density"": -0.5549736618995667, ""population"": -0.09604156017303467}",6.4,5.2,7.6,"{""net_additional_dwellings"": -1.3702751398086548, ""job_density"": -0.6171231269836426, ""population"": 0.015183704905211926}",6.5,5.1,7.8,"{""net_additional_dwellings"": -2.422653913497925, ""job_density"": -0.7161129713058472, ""population"": 0.48238447308540344}",6.2,4.8,7.7,"{""net_additional_dwellings"": -1.7019364833831787, ""job_density"": -0.9316756725311279, ""population"": 0.740254282951355}",Preston,,91
E07000063,266465.3,237951.5,294979.2,"{""net_additional_dwellings"": 702.7613525390625, ""job_density"": -492.9974670410156, ""population"": -2165.27392578125}",283116,233476.9,332755.2,"{""net_additional_dwellings"": 3217.15185546875, ""job_density"": -7475.697265625, ""population"": -6167.30859375}",286373.5,227414.7,345332.3,"{""net_additional_dwellings"": -12484.9462890625, ""job_density"": -5089.7724609375, ""population"": -16299.650390625}",286708.3,216507.6,356909.1,"{""net_additional_dwellings"": -5482.6455078125, ""job_density"": -5469.080078125, ""population"": -5341.12255859375}",285465.2,231605.5,339324.9,"{""net_additional_dwellings"": -6765.3349609375, ""job_density"": -3056.58203125, ""population"": -12496.224609375}",8.3,7.3,9.4,"{""net_additional_dwellings"": -0.4724631905555725, ""job_density"": -1.0269513130187988, ""population"": -0.2833099663257599}",9.2,7.9,10.5,"{""net_additional_dwellings"": 0.16684380173683167, ""job_density"": -0.5307134389877319, ""population"": -0.6548048853874207}",8.8,7.1,10.5,"{""net_additional_dwellings"": 0.2364976555109024, ""job_density"": -0.9887735843658447, ""population"": -0.4230589270591736}",8.7,6.8,10.5,"{""net_additional_dwellings"": -1.6028130054473877, ""job_density"": -1.2102832794189453, ""population"": -0.972315788269043}",8.7,6.7,10.7,"{""net_additional_dwellings"": -0.3262307643890381, ""job_density"": -0.49144184589385986, ""population"": -0.7633900046348572}",Ribble Valley,,92
E07000064,185490.3,165641.4,205339.2,"{""net_additional_dwellings"": 16090.09765625, ""job_density"": -3520.732421875, ""population"": -1637.2674560546875}",181569,149734.3,213403.8,"{""net_additional_dwellings"": 23254.982421875, ""job_density"": 3616.47998046875, ""population"": -4913.46240234375}",182819.3,145180.4,220458.3,"{""net_additional_dwellings"": 74823.7890625, ""job_density"": 10960.5498046875, ""population"": -15462.712890625}",198126.8,149615.3,246638.3,"{""net_additional_dwellings"": 10491.818359375, ""job_density"": 2737.338134765625, ""population"": -3277.8818359375}",201546.4,163519.9,239572.8,"{""net_additional_dwellings"": 11102.046875, ""job_density"": 4843.625, ""population"": -7457.99560546875}",7.3,6.4,8.3,"{""net_additional_dwellings"": 0.613029420375824, ""job_density"": -0.6861856579780579, ""population"": -0.2632252871990204}",7.4,6.3,8.5,"{""net_additional_dwellings"": 2.304567813873291, ""job_density"": 0.39473360776901245, ""population"": -0.2962384521961212}",7.1,5.7,8.5,"{""net_additional_dwellings"": 2.399125576019287, ""job_density"": 1.0584568977355957, ""population"": -0.36786359548568726}",7.9,6.2,9.6,"{""net_additional_dwellings"": 1.229691743850708, ""job_density"": 0.026590578258037567, ""population"": -0.7805806994438171}",7.7,6,9.5,"{""net_additional_dwellings"": 0.6387302279472351, ""job_density"": 0.5975263118743896, ""population"": -0.6507156491279602}",Rossendale,,93
E07000065,203274.5,181522.5,225026.4,"{""net_additional_dwellings"": 8093.662109375, ""job_density"": -426.66632080078125, ""population"": 696.5864868164062}",211092.7,174081.5,248103.9,"{""net_additional_dwellings"": 7050.88037109375, ""job_density"": -4194.470703125, ""population"": -1687.294921875}",204300,162238.6,246361.4,"{""net_additional_dwellings"": 676.7890625, ""job_density"": -7601.0859375, ""population"": -4730.5439453125}",215644.3,162843.7,268445,"{""net_additional_dwellings"": -4142.80322265625, ""job_density"": -167.30589294433594, ""population"": -1248.58642578125}",225372.6,182850.7,267894.4,"{""net_additional_dwellings"": -1957.23486328125, ""job_density"": -1458.5281982421875, ""population"": -1323.27783203125}",7.4,6.5,8.4,"{""net_additional_dwellings"": 0.2561626136302948, ""job_density"": -1.0732204914093018, ""population"": 0.10735682398080826}",7.5,6.4,8.6,"{""net_additional_dwellings"": 0.15473005175590515, ""job_density"": -0.6052316427230835, ""population"": -0.04593643173575401}",7.5,6,8.9,"{""net_additional_dwellings"": 0.19892051815986633, ""job_density"": -0.9472174644470215, ""population"": -0.010501105338335037}",7.2,5.6,8.7,"{""net_additional_dwellings"": -0.22341479361057281, ""job_density"": -1.0228408575057983, ""population"": -0.07537508010864258}",7.4,5.7,9.1,"{""net_additional_dwellings"": 0.03857646882534027, ""job_density"": -0.8815505504608154, ""population"": 0.16539119184017181}",South Ribble,,94
E07000066,226258.3,202046.9,250469.8,"{""net_additional_dwellings"": 2100.663818359375, ""job_density"": 1617.2510986328125, ""population"": 1756.603271484375}",234584.1,193454.1,275714.1,"{""net_additional_dwellings"": 6656.8818359375, ""job_density"": -284.0426025390625, ""population"": 433.41650390625}",235308.4,186863,283753.9,"{""net_additional_dwellings"": 1251.095947265625, ""job_density"": 2288.48779296875, ""population"": -1735.0029296875}",248248.3,187464.6,309032.1,"{""net_additional_dwellings"": -3719.600830078125, ""job_density"": -1966.573974609375, ""population"": -318.3228454589844}",254954,206850.9,303057,"{""net_additional_dwellings"": 674.933349609375, ""job_density"": 174.76461791992188, ""population"": 442.74432373046875}",8.2,7.2,9.3,"{""net_additional_dwellings"": -0.8655555248260498, ""job_density"": -0.45808839797973633, ""population"": 0.07645752280950546}",8.4,7.2,9.7,"{""net_additional_dwellings"": 0.021741315722465515, ""job_density"": -0.14067959785461426, ""population"": 0.07068031281232834}",8.6,6.9,10.2,"{""net_additional_dwellings"": -0.021710515022277832, ""job_density"": -0.6618228554725647, ""population"": 0.0066809020936489105}",8.6,6.7,10.4,"{""net_additional_dwellings"": -0.5659592151641846, ""job_density"": -0.754554033279419, ""population"": 0.0007640793919563293}",8.7,6.7,10.7,"{""net_additional_dwellings"": 0.25804296135902405, ""job_density"": -0.4787898063659668, ""population"": 0.3388453423976898}",West Lancashire,,95
E07000067,200140.6,178724,221557.2,"{""net_additional_dwellings"": -765.3047485351562, ""job_density"": -2892.66162109375, ""population"": 522.4698486328125}",205189.2,169213.1,241165.3,"{""net_additional_dwellings"": -2419.421142578125, ""job_density"": 46.918975830078125, ""population"": -1976.2799072265625}",191977.2,152452.9,231501.6,"{""net_additional_dwellings"": -17656.2890625, ""job_density"": 2212.9365234375, ""population"": -3094.657958984375}",214799.4,162205.6,267393.2,"{""net_additional_dwellings"": -5413.28662109375, ""job_density"": -232.61802673339844, ""population"": -729.8212280273438}",209526.1,169994.1,249058.2,"{""net_additional_dwellings"": -7622.2421875, ""job_density"": -838.8380126953125, ""population"": -1719.9783935546875}",7.9,6.9,8.9,"{""net_additional_dwellings"": -0.21081125736236572, ""job_density"": -1.0910733938217163, ""population"": 0.12175513058900833}",7.7,6.6,8.9,"{""net_additional_dwellings"": -0.6504660844802856, ""job_density"": 0.19244389235973358, ""population"": -0.018996896222233772}",7.6,6.1,9,"{""net_additional_dwellings"": -1.3080633878707886, ""job_density"": 0.21569746732711792, ""population"": -0.05272201821208}",7.8,6.1,9.4,"{""net_additional_dwellings"": -1.3983783721923828, ""job_density"": -0.8877956867218018, ""population"": 0.0049417451955378056}",7.6,5.9,9.4,"{""net_additional_dwellings"": -1.122827172279358, ""job_density"": -0.32945871353149414, ""population"": 0.20358484983444214}",Wyre,,96
E07000068,278853.4,249013.9,308692.9,"{""net_additional_dwellings"": 10413.5185546875, ""job_density"": -3142.95166015625, ""population"": -882.7097778320312}",306376.2,252658.8,360093.6,"{""net_additional_dwellings"": 9618.5361328125, ""job_density"": -7447.61083984375, ""population"": -2806.726806640625}",325990.3,258875.2,393105.4,"{""net_additional_dwellings"": 37691.4140625, ""job_density"": 3315.92724609375, ""population"": -8128.5322265625}",320206.7,241803.9,398609.5,"{""net_additional_dwellings"": 7179.5126953125, ""job_density"": -4784.810546875, ""population"": -1511.4986572265625}",321068.9,260491.7,381646.1,"{""net_additional_dwellings"": 3465.295654296875, ""job_density"": -2067.0732421875, ""population"": -3122.975341796875}",9.1,7.9,10.3,"{""net_additional_dwellings"": -0.28913256525993347, ""job_density"": -0.7930129766464233, ""population"": 0.023933887481689453}",9.7,8.3,11.1,"{""net_additional_dwellings"": 0.2734532952308655, ""job_density"": -0.582251787185669, ""population"": -0.1669268012046814}",9.8,7.9,11.7,"{""net_additional_dwellings"": 0.6677438616752625, ""job_density"": -0.6240572929382324, ""population"": -0.321916401386261}",9.6,7.6,11.7,"{""net_additional_dwellings"": -0.15985067188739777, ""job_density"": -0.7830785512924194, ""population"": -0.3198886513710022}",10.2,7.8,12.5,"{""net_additional_dwellings"": 0.3232423663139343, ""job_density"": -0.5746905207633972, ""population"": -0.10467164218425751}",Blaby,,97
E07000069,270142.4,241235.1,299049.8,"{""net_additional_dwellings"": -9501.423828125, ""job_density"": -221.23504638671875, ""population"": 1499.6893310546875}",277545.5,228883.1,326208,"{""net_additional_dwellings"": -5792.85009765625, ""job_density"": 1049.12255859375, ""population"": 2996.727783203125}",293146.7,232793.5,353499.9,"{""net_additional_dwellings"": -10829.921875, ""job_density"": 2605.27978515625, ""population"": 5146.494140625}",302231.2,228229.7,376232.7,"{""net_additional_dwellings"": -6615.1689453125, ""job_density"": -694.4379272460938, ""population"": 3026.618896484375}",310678.7,252061.8,369295.5,"{""net_additional_dwellings"": -10186.4404296875, ""job_density"": 387.19622802734375, ""population"": 5858.51904296875}",9.3,8.1,10.5,"{""net_additional_dwellings"": -0.8240182995796204, ""job_density"": -0.5413110256195068, ""population"": 0.15229001641273499}",9.3,8,10.7,"{""net_additional_dwellings"": -1.1459944248199463, ""job_density"": 0.29032981395721436, ""population"": 0.28901922702789307}",9.8,7.9,11.7,"{""net_additional_dwellings"": -1.1962354183197021, ""job_density"": 0.1068950742483139, ""population"": 0.29953205585479736}",10.2,8,12.4,"{""net_additional_dwellings"": -2.5951859951019287, ""job_density"": -0.5395870208740234, ""population"": 0.6717787981033325}",10.3,7.9,12.7,"{""net_additional_dwellings"": -1.309934139251709, ""job_density"": -0.011857420206069946, ""population"": 0.8740311861038208}",Charnwood,,98
E07000070,352078.5,314403.3,389753.6,"{""net_additional_dwellings"": -5964.68603515625, ""job_density"": 2158.68896484375, ""population"": -844.548095703125}",368094.1,303555.6,432632.6,"{""net_additional_dwellings"": -3706.281005859375, ""job_density"": -3052.656982421875, ""population"": -3260.228271484375}",361509.7,287081.9,435937.6,"{""net_additional_dwellings"": -13222.376953125, ""job_density"": -7440.013671875, ""population"": -14200.341796875}",387109.9,292325.8,481894.1,"{""net_additional_dwellings"": -10213.2822265625, ""job_density"": -3556.746337890625, ""population"": -4118.24853515625}",413409.6,335410.1,491409,"{""net_additional_dwellings"": -7075.79052734375, ""job_density"": -2227.385498046875, ""population"": -6625.22119140625}",11,9.6,12.4,"{""net_additional_dwellings"": -0.9375093579292297, ""job_density"": -1.092772126197815, ""population"": 0.05091787874698639}",11.5,9.9,13.2,"{""net_additional_dwellings"": -0.6289156675338745, ""job_density"": -0.3501027822494507, ""population"": -0.14342516660690308}",11.8,9.5,14,"{""net_additional_dwellings"": -0.8978466391563416, ""job_density"": -0.7213343977928162, ""population"": -0.2520194351673126}",11.8,9.3,14.3,"{""net_additional_dwellings"": -2.895777702331543, ""job_density"": -1.1810224056243896, ""population"": -0.5842302441596985}",12.7,9.8,15.7,"{""net_additional_dwellings"": -1.898903250694275, ""job_density"": 0.1440725326538086, ""population"": -0.2593372166156769}",Harborough,,99
E07000071,265911,237456.4,294365.6,"{""net_additional_dwellings"": 9787.87109375, ""job_density"": -2882.9228515625, ""population"": 462.1063232421875}",279240.1,230280.5,328199.7,"{""net_additional_dwellings"": 10696.228515625, ""job_density"": -82.61444091796875, ""population"": -1404.0947265625}",305649.5,242722.2,368576.8,"{""net_additional_dwellings"": 6201.6669921875, ""job_density"": -3550.720703125, ""population"": -5034.3115234375}",294776.4,222600.2,366952.6,"{""net_additional_dwellings"": -3339.91748046875, ""job_density"": -228.62652587890625, ""population"": -507.59271240234375}",315426.5,255913.9,374939.1,"{""net_additional_dwellings"": -6029.5673828125, ""job_density"": 1244.482666015625, ""population"": -1268.260986328125}",9.7,8.5,11,"{""net_additional_dwellings"": 0.10099714249372482, ""job_density"": -1.136696457862854, ""population"": 0.035300083458423615}",10,8.5,11.4,"{""net_additional_dwellings"": 0.7878258228302002, ""job_density"": 0.36992350220680237, ""population"": -0.09565232694149017}",10.1,8.2,12,"{""net_additional_dwellings"": 1.0295213460922241, ""job_density"": -0.7362003326416016, ""population"": -0.06289017200469971}",10.4,8.1,12.6,"{""net_additional_dwellings"": -0.42025524377822876, ""job_density"": -0.37810778617858887, ""population"": -0.1350783258676529}",10,7.7,12.3,"{""net_additional_dwellings"": 0.4389893114566803, ""job_density"": -0.6048821210861206, ""population"": 0.21433641016483307}",Hinckley and Bosworth,,100
E07000072,287689.4,256904.4,318474.4,"{""net_additional_dwellings"": 13291.9892578125, ""job_density"": 4834.8095703125, ""population"": -4259.6904296875}",304257.1,250911.2,357602.9,"{""net_additional_dwellings"": 14271.349609375, ""job_density"": -2089.097412109375, ""population"": -8009.775390625}",311830.8,247630.9,376030.7,"{""net_additional_dwellings"": 46440.75, ""job_density"": 3139.02783203125, ""population"": -16139.23828125}",312776.3,236192.8,389359.9,"{""net_additional_dwellings"": 1022.098876953125, ""job_density"": -3611.7021484375, ""population"": -6669.8173828125}",316986,257179.2,376792.9,"{""net_additional_dwellings"": 5430.337890625, ""job_density"": -983.7573852539062, ""population"": -14613.955078125}",10.1,8.8,11.4,"{""net_additional_dwellings"": -0.16873906552791595, ""job_density"": -0.4538530707359314, ""population"": -0.12487932294607162}",10,8.6,11.5,"{""net_additional_dwellings"": 0.7000309824943542, ""job_density"": -0.4746246933937073, ""population"": -0.7621120810508728}",10.2,8.2,12.1,"{""net_additional_dwellings"": 1.1188199520111084, ""job_density"": -0.7403313517570496, ""population"": -0.4927980899810791}",9.6,7.5,11.7,"{""net_additional_dwellings"": 0.5473898649215698, ""job_density"": -0.5766982436180115, ""population"": -0.9294840097427368}",10.5,8.1,13,"{""net_additional_dwellings"": 0.6375957727432251, ""job_density"": -0.009370088577270508, ""population"": -0.7826939225196838}",Melton,,101
E07000073,269362,240538.2,298185.8,"{""net_additional_dwellings"": -6163.1474609375, ""job_density"": -610.70361328125, ""population"": -1047.0179443359375}",290624.3,239668.7,341579.9,"{""net_additional_dwellings"": -3058.66357421875, ""job_density"": -5338.5166015625, ""population"": -2407.16796875}",313688.4,249106.1,378270.8,"{""net_additional_dwellings"": -9842.9384765625, ""job_density"": -9458.2041015625, ""population"": -9418.6201171875}",309779.1,233929.5,385628.7,"{""net_additional_dwellings"": -5100.359375, ""job_density"": -2147.131591796875, ""population"": -1304.135498046875}",332281.3,269588.6,394974,"{""net_additional_dwellings"": -5043.5859375, ""job_density"": 2131.4375, ""population"": -2863.768798828125}",9.1,7.9,10.2,"{""net_additional_dwellings"": -0.637522280216217, ""job_density"": -0.6019793748855591, ""population"": 0.02100604586303234}",9.4,8,10.7,"{""net_additional_dwellings"": -0.415665864944458, ""job_density"": -0.6995252966880798, ""population"": -0.15433144569396973}",9.6,7.8,11.5,"{""net_additional_dwellings"": -1.2675590515136719, ""job_density"": -0.1993063986301422, ""population"": -0.25569602847099304}",9.6,7.6,11.7,"{""net_additional_dwellings"": -2.6291847229003906, ""job_density"": -0.6416720151901245, ""population"": -0.2905689775943756}",10.1,7.8,12.4,"{""net_additional_dwellings"": -1.2908992767333984, ""job_density"": -0.6533502340316772, ""population"": -0.0984613448381424}",North West Leicestershire,,102
E07000074,293673.1,262247.8,325098.5,"{""net_additional_dwellings"": 16555.3828125, ""job_density"": 380.3990478515625, ""population"": -2620.955078125}",304257.1,250911.2,357602.9,"{""net_additional_dwellings"": 22584.591796875, ""job_density"": 5793.8896484375, ""population"": -6505.662109375}",302937.6,240568.6,365306.6,"{""net_additional_dwellings"": 58802.4296875, ""job_density"": 15688.453125, ""population"": -16458.017578125}",323658.1,244410.2,402906,"{""net_additional_dwellings"": 9089.6962890625, ""job_density"": 4074.28759765625, ""population"": -3480.13330078125}",327310.4,265555.6,389065.2,"{""net_additional_dwellings"": 11185.3876953125, ""job_density"": 2879.90478515625, ""population"": -11081.271484375}",11.3,9.9,12.8,"{""net_additional_dwellings"": 0.2499820739030838, ""job_density"": -0.5605446100234985, ""population"": -0.11277810484170914}",11,9.4,12.6,"{""net_additional_dwellings"": 1.4461629390716553, ""job_density"": 0.45979899168014526, ""population"": -0.565536379814148}",11.5,9.3,13.8,"{""net_additional_dwellings"": 1.9216222763061523, ""job_density"": 0.658502459526062, ""population"": -0.47854989767074585}",11.9,9.4,14.5,"{""net_additional_dwellings"": 0.8074173331260681, ""job_density"": 0.015572503209114075, ""population"": -0.9013751149177551}",12.3,9.5,15.2,"{""net_additional_dwellings"": 1.2089579105377197, ""job_density"": -0.026633232831954956, ""population"": -0.6376394033432007}",Oadby and Wigston,,103
E07000075,191051.9,170607.9,211496,"{""net_additional_dwellings"": 10086.85546875, ""job_density"": 1982.97119140625, ""population"": -2553.76123046875}",199708.7,164693.5,234723.9,"{""net_additional_dwellings"": 9569.8603515625, ""job_density"": -2192.73095703125, ""population"": -6815.51904296875}",182285.1,144756.1,219814.1,"{""net_additional_dwellings"": 28871.984375, ""job_density"": -3629.85693359375, ""population"": -16815.427734375}",207531.9,156717.6,258346.2,"{""net_additional_dwellings"": 4372.2783203125, ""job_density"": -1609.55615234375, ""population"": -5850.17333984375}",209564.3,170025.1,249103.6,"{""net_additional_dwellings"": 7543.19921875, ""job_density"": 115.915771484375, ""population"": -9030.1220703125}",7.4,6.5,8.3,"{""net_additional_dwellings"": -0.30940496921539307, ""job_density"": -0.7645775675773621, ""population"": -0.30400770902633667}",7.4,6.3,8.5,"{""net_additional_dwellings"": 0.03662574291229248, ""job_density"": -0.59722501039505, ""population"": -0.5533198118209839}",7.6,6.1,9,"{""net_additional_dwellings"": 0.2815997898578644, ""job_density"": -1.121553897857666, ""population"": -0.4884171783924103}",7.4,5.8,9,"{""net_additional_dwellings"": -0.2670595645904541, ""job_density"": -1.213017463684082, ""population"": -0.840072512626648}",7.5,5.8,9.2,"{""net_additional_dwellings"": 0.6220556497573853, ""job_density"": -0.06124970316886902, ""population"": -0.6803070902824402}",Boston,,104
E07000076,236265.8,210983.5,261548.1,"{""net_additional_dwellings"": -11114.8671875, ""job_density"": 3191.5263671875, ""population"": 2047.7562255859375}",239433.2,197453.1,281413.4,"{""net_additional_dwellings"": -3821.631103515625, ""job_density"": -3046.84423828125, ""population"": 1085.564453125}",233010.3,185038,280982.6,"{""net_additional_dwellings"": -7732.6669921875, ""job_density"": -1608.1494140625, ""population"": 964.9180908203125}",246083.4,185829.7,306337.1,"{""net_additional_dwellings"": -7350.7099609375, ""job_density"": -2242.77197265625, ""population"": 707.9561767578125}",237149.4,192405.6,281893.3,"{""net_additional_dwellings"": -12342.9296875, ""job_density"": -587.1675415039062, ""population"": 1748.4630126953125}",8.2,7.2,9.3,"{""net_additional_dwellings"": -0.9838871955871582, ""job_density"": -1.0444424152374268, ""population"": 0.0020115822553634644}",8.4,7.2,9.7,"{""net_additional_dwellings"": -1.0793225765228271, ""job_density"": -0.17874795198440552, ""population"": -0.006387453526258469}",8.6,6.9,10.2,"{""net_additional_dwellings"": -0.9553033113479614, ""job_density"": -0.2811448276042938, ""population"": -0.04660938307642937}",8.7,6.8,10.5,"{""net_additional_dwellings"": -3.0809695720672607, ""job_density"": -1.2286205291748047, ""population"": 0.2476092427968979}",9.2,7.1,11.3,"{""net_additional_dwellings"": -1.8022119998931885, ""job_density"": -0.17418594658374786, ""population"": 0.6508666276931763}",East Lindsey,,157
E07000077,198122.1,176921.5,219322.7,"{""net_additional_dwellings"": 15263.31640625, ""job_density"": 2138.313232421875, ""population"": 906.3394775390625}",209703.5,172935.9,246471.1,"{""net_additional_dwellings"": 20245.033203125, ""job_density"": -2501.990478515625, ""population"": -2010.8499755859375}",210956.5,167524.7,254388.4,"{""net_additional_dwellings"": 50645.74609375, ""job_density"": -5888.0654296875, ""population"": -8135.615234375}",225032.7,169933.3,280132.2,"{""net_additional_dwellings"": 7475.02734375, ""job_density"": -589.6981201171875, ""population"": -1131.6363525390625}",224577.4,182205.6,266949.2,"{""net_additional_dwellings"": 6598.859375, ""job_density"": -3060.2099609375, ""population"": -2487.663818359375}",6.9,6.1,7.8,"{""net_additional_dwellings"": -0.07425148785114288, ""job_density"": -0.5551428198814392, ""population"": 0.17193014919757843}",7.4,6.3,8.5,"{""net_additional_dwellings"": 1.3588733673095703, ""job_density"": -0.38109487295150757, ""population"": -0.23173096776008606}",7.5,6.1,9,"{""net_additional_dwellings"": 1.4667245149612427, ""job_density"": -0.7904496192932129, ""population"": -0.2774736285209656}",7.6,6,9.2,"{""net_additional_dwellings"": 1.271064043045044, ""job_density"": -0.3761499226093292, ""population"": -0.26840639114379883}",7.4,5.7,9.2,"{""net_additional_dwellings"": 1.4710876941680908, ""job_density"": -0.6731268167495728, ""population"": -0.1522008627653122}",Lincoln,,158
E07000078,253976.5,226799.1,281154,"{""net_additional_dwellings"": -1669.3524169921875, ""job_density"": 721.538330078125, ""population"": 1212.4112548828125}",258068.9,212821.3,303316.5,"{""net_additional_dwellings"": 1785.9468994140625, ""job_density"": -475.3929443359375, ""population"": -465.3695983886719}",280042.7,222387.3,337698.1,"{""net_additional_dwellings"": -2006.8092041015625, ""job_density"": 1405.1083984375, ""population"": -3277.5712890625}",276817.8,209038.7,344596.8,"{""net_additional_dwellings"": -6094.43994140625, ""job_density"": -3092.883544921875, ""population"": -961.4579467773438}",295791.3,239983.3,351599.3,"{""net_additional_dwellings"": -7054.8291015625, ""job_density"": 2842.14404296875, ""population"": 295.64508056640625}",9.1,8,10.3,"{""net_additional_dwellings"": -0.6050138473510742, ""job_density"": -0.4718759059906006, ""population"": 0.08840833604335785}",9.6,8.2,11,"{""net_additional_dwellings"": -0.021911710500717163, ""job_density"": 0.5419837236404419, ""population"": -0.012705782428383827}",9.6,7.8,11.5,"{""net_additional_dwellings"": -0.5677934885025024, ""job_density"": -0.6997483968734741, ""population"": -0.03214064612984657}",10.3,8.1,12.5,"{""net_additional_dwellings"": -2.0136008262634277, ""job_density"": -0.8847285509109497, ""population"": -0.03974144533276558}",10.1,7.8,12.5,"{""net_additional_dwellings"": -0.9096449613571167, ""job_density"": -0.20962011814117432, ""population"": 0.3175951838493347}",North Kesteven,,159
E07000079,252148.5,225166.6,279130.3,"{""net_additional_dwellings"": -4303.94921875, ""job_density"": 4947.02880859375, ""population"": -255.0263671875}",256328.2,211385.8,301270.6,"{""net_additional_dwellings"": -1277.8201904296875, ""job_density"": -1232.06494140625, ""population"": -2221.4013671875}",258195,205037.6,311352.4,"{""net_additional_dwellings"": -12077.787109375, ""job_density"": 2047.6640625, ""population"": -11021.1220703125}",269786.2,203728.9,335843.6,"{""net_additional_dwellings"": -5142.64990234375, ""job_density"": -3098.21875, ""population"": -1534.875244140625}",282837.4,229473.5,336201.3,"{""net_additional_dwellings"": -4382.81005859375, ""job_density"": -61.4591064453125, ""population"": -3486.51025390625}",9.3,8.1,10.5,"{""net_additional_dwellings"": -0.3517411947250366, ""job_density"": -0.4562256336212158, ""population"": 0.050529323518276215}",9.4,8,10.7,"{""net_additional_dwellings"": -0.6862841248512268, ""job_density"": -0.1613694578409195, ""population"": -0.1987539529800415}",9.3,7.5,11.1,"{""net_additional_dwellings"": -1.4474453926086426, ""job_density"": -0.6188086867332458, ""population"": -0.23244717717170715}",9.4,7.4,11.5,"{""net_additional_dwellings"": -2.1763367652893066, ""job_density"": -1.067071557044983, ""population"": -0.5146005153656006}",9.3,7.2,11.5,"{""net_additional_dwellings"": -0.5613415241241455, ""job_density"": -0.19515933096408844, ""population"": -0.2949533760547638}",South Holland,,160
E07000080,263010.9,234866.7,291155.1,"{""net_additional_dwellings"": -3419.111328125, ""job_density"": 4089.72412109375, ""population"": 1265.7315673828125}",272960.1,225101.6,320818.6,"{""net_additional_dwellings"": 262.5133056640625, ""job_density"": -2911.578369140625, ""population"": 762.3064575195312}",287635.5,228416.9,346854,"{""net_additional_dwellings"": 1292.04736328125, ""job_density"": -1661.33154296875, ""population"": -286.5930480957031}",282320.9,213194.4,351447.3,"{""net_additional_dwellings"": -5812.54248046875, ""job_density"": -2413.90966796875, ""population"": -547.3905029296875}",292668.8,237449.9,347887.6,"{""net_additional_dwellings"": -8461.857421875, ""job_density"": 1266.0078125, ""population"": 1374.2635498046875}",9.6,8.3,10.8,"{""net_additional_dwellings"": -0.7997695207595825, ""job_density"": -0.4174090027809143, ""population"": -0.03574676439166069}",9.8,8.4,11.2,"{""net_additional_dwellings"": -0.13730719685554504, ""job_density"": -0.2186933010816574, ""population"": -0.09711559116840363}",10.7,8.6,12.8,"{""net_additional_dwellings"": -0.6937147974967957, ""job_density"": -1.01066255569458, ""population"": -0.09793154895305634}",10.3,8.1,12.6,"{""net_additional_dwellings"": -2.1847939491271973, ""job_density"": -1.0935338735580444, ""population"": 0.25835907459259033}",10.7,8.2,13.1,"{""net_additional_dwellings"": -1.0807069540023804, ""job_density"": 0.11910587549209595, ""population"": 0.6443997621536255}",South Kesteven,,161
E07000137,213559.4,190706.9,236412,"{""net_additional_dwellings"": -1022.7864990234375, ""job_density"": -362.7461853027344, ""population"": -849.9262084960938}",224570.6,185196.3,263944.8,"{""net_additional_dwellings"": -5216.9755859375, ""job_density"": 3496.91845703125, ""population"": -4164.88916015625}",240244.6,190782.9,289706.3,"{""net_additional_dwellings"": -10339.7392578125, ""job_density"": 16358.2373046875, ""population"": -8857.9287109375}",248103.4,187355.1,308851.7,"{""net_additional_dwellings"": -5456.28759765625, ""job_density"": 4823.15625, ""population"": -1468.82470703125}",246957,200362.8,293551.3,"{""net_additional_dwellings"": -5048.66357421875, ""job_density"": 5040.431640625, ""population"": -4446.45361328125}",8.5,7.4,9.5,"{""net_additional_dwellings"": -0.7801815271377563, ""job_density"": -0.6993346810340881, ""population"": 0.07314090430736542}",8.6,7.4,9.8,"{""net_additional_dwellings"": -1.232951045036316, ""job_density"": 0.3555586338043213, ""population"": -0.1910550743341446}",8.4,6.8,10.1,"{""net_additional_dwellings"": -1.4538499116897583, ""job_density"": 0.5285826325416565, ""population"": -0.26252228021621704}",8.9,7,10.8,"{""net_additional_dwellings"": -1.8320679664611816, ""job_density"": -0.23843121528625488, ""population"": -0.43228310346603394}",9.3,7.1,11.4,"{""net_additional_dwellings"": -0.8638612031936646, ""job_density"": 0.2531460225582123, ""population"": -0.29061159491539}",West Lindsey,,162
E07000138,303558,271074.9,336041.1,"{""net_additional_dwellings"": -3923.5400390625, ""job_density"": 985.1456909179688, ""population"": 1428.9866943359375}",302740,249660.2,355819.8,"{""net_additional_dwellings"": 608.83740234375, ""job_density"": 589.088134765625, ""population"": 1283.260498046875}",319187.3,253472.8,384901.8,"{""net_additional_dwellings"": -11250.2314453125, ""job_density"": -3599.763671875, ""population"": 1164.3074951171875}",323039.4,243943,402135.8,"{""net_additional_dwellings"": -4373.79150390625, ""job_density"": -1387.944580078125, ""population"": 280.248291015625}",336598.6,273091.4,400105.9,"{""net_additional_dwellings"": -4430.48779296875, ""job_density"": -2313.31787109375, ""population"": 1232.189697265625}",10.3,9,11.6,"{""net_additional_dwellings"": -0.28374409675598145, ""job_density"": -1.1112557649612427, ""population"": 0.013955657370388508}",10.4,8.9,11.9,"{""net_additional_dwellings"": -0.3868348002433777, ""job_density"": -0.11454318463802338, ""population"": -0.10091632604598999}",10.8,8.7,12.9,"{""net_additional_dwellings"": -1.3130043745040894, ""job_density"": -0.32326453924179077, ""population"": -0.07343575358390808}",10.8,8.5,13.1,"{""net_additional_dwellings"": -2.3796632289886475, ""job_density"": -0.6779084801673889, ""population"": 0.4605034589767456}",11.5,8.8,14.1,"{""net_additional_dwellings"": -0.521033763885498, ""job_density"": -0.4767739772796631, ""population"": 0.6995630860328674}",Breckland,,163
E07000139,344640.6,307761.4,381519.9,"{""net_additional_dwellings"": -2064.81591796875, ""job_density"": 797.7113647460938, ""population"": 983.79296875}",349611.7,288313.8,410909.7,"{""net_additional_dwellings"": 2775.619384765625, ""job_density"": -173.6090087890625, ""population"": -417.919189453125}",348540.3,276782.6,420298.1,"{""net_additional_dwellings"": -15175.5771484375, ""job_density"": 1678.7998046875, ""population"": 798.7899169921875}",357928.4,270289.4,445567.4,"{""net_additional_dwellings"": -4259.6337890625, ""job_density"": -4161.8349609375, ""population"": -1375.2791748046875}",380716.3,308885.2,452547.4,"{""net_additional_dwellings"": -5626.99853515625, ""job_density"": -542.7263793945312, ""population"": -1084.7431640625}",10.4,9,11.7,"{""net_additional_dwellings"": -0.30300259590148926, ""job_density"": -0.9890187978744507, ""population"": -7.904786616563797e-05}",10.8,9.2,12.4,"{""net_additional_dwellings"": -0.19468507170677185, ""job_density"": 0.11178254336118698, ""population"": -0.06280723214149475}",11,8.9,13.2,"{""net_additional_dwellings"": -0.9053701162338257, ""job_density"": -0.2722686529159546, ""population"": -0.0653822049498558}",10.9,8.6,13.3,"{""net_additional_dwellings"": -1.76173734664917, ""job_density"": -1.1299071311950684, ""population"": 0.38283684849739075}",11.4,8.8,14.1,"{""net_additional_dwellings"": -0.7061205506324768, ""job_density"": -0.3317532539367676, ""population"": 0.6141871809959412}",Broadland,,164
E07000140,220726,197106.6,244345.5,"{""net_additional_dwellings"": -2615.5556640625, ""job_density"": -1909.32177734375, ""population"": -364.6822814941406}",231458.4,190876.5,272040.4,"{""net_additional_dwellings"": 1797.912353515625, ""job_density"": 477.693115234375, ""population"": -2511.802490234375}",225112.7,178766.3,271459,"{""net_additional_dwellings"": 21320.16015625, ""job_density"": -1759.2744140625, ""population"": -9041.78515625}",245466.3,185363.7,305568.9,"{""net_additional_dwellings"": 779.007568359375, ""job_density"": -1771.8553466796875, ""population"": -1728.8038330078125}",246024.9,199606.5,292443.3,"{""net_additional_dwellings"": 1559.1527099609375, ""job_density"": 1827.1937255859375, ""population"": -3726.71142578125}",8.3,7.2,9.3,"{""net_additional_dwellings"": -1.125105619430542, ""job_density"": -1.0327008962631226, ""population"": 0.08024582266807556}",8.6,7.4,9.9,"{""net_additional_dwellings"": -0.8515839576721191, ""job_density"": 0.11199630796909332, ""population"": -0.18373680114746094}",8.7,7,10.3,"{""net_additional_dwellings"": -0.5833193063735962, ""job_density"": -0.3365429639816284, ""population"": -0.29158201813697815}",8.9,7,10.8,"{""net_additional_dwellings"": -1.435775876045227, ""job_density"": -0.3428209125995636, ""population"": -0.27704253792762756}",9.3,7.1,11.4,"{""net_additional_dwellings"": -0.25454235076904297, ""job_density"": -0.24829870462417603, ""population"": -0.1624668389558792}",Great Yarmouth,,165
E07000141,286288,255653,316923.1,"{""net_additional_dwellings"": 12018.828125, ""job_density"": 2259.621337890625, ""population"": 2264.990234375}",298232,245942.6,350521.5,"{""net_additional_dwellings"": 17582.265625, ""job_density"": -1105.1854248046875, ""population"": 2405.721435546875}",336633.7,267327.4,405940.1,"{""net_additional_dwellings"": 37819.7578125, ""job_density"": 3899.7705078125, ""population"": 3344.71875}",321582.5,242842.8,400322.2,"{""net_additional_dwellings"": 4406.66650390625, ""job_density"": -4218.31787109375, ""population"": 1085.451171875}",326555,264942.7,388167.3,"{""net_additional_dwellings"": -225.25537109375, ""job_density"": 276.1582336425781, ""population"": 3684.5244140625}",10.1,8.8,11.4,"{""net_additional_dwellings"": -0.01754559576511383, ""job_density"": -0.6637784242630005, ""population"": 0.040287427604198456}",10.6,9.1,12.1,"{""net_additional_dwellings"": 1.446028232574463, ""job_density"": -0.417514443397522, ""population"": 0.163092702627182}",10.9,8.8,13,"{""net_additional_dwellings"": 2.1424310207366943, ""job_density"": -0.6803249716758728, ""population"": 0.00916510634124279}",11,8.6,13.3,"{""net_additional_dwellings"": 0.030379295349121094, ""job_density"": -0.8981252908706665, ""population"": 0.45409640669822693}",10.9,8.4,13.4,"{""net_additional_dwellings"": 0.6394150257110596, ""job_density"": -0.1833144724369049, ""population"": 0.7640944123268127}",King's Lynn and West Norfolk,,166
E07000142,331085.2,295656.5,366513.9,"{""net_additional_dwellings"": 7292.9091796875, ""job_density"": 1392.8048095703125, ""population"": -635.4686889648438}",336801,277749.2,395852.8,"{""net_additional_dwellings"": 8670.7041015625, ""job_density"": -4813.04248046875, ""population"": -3764.666015625}",343935.1,273125.5,414744.6,"{""net_additional_dwellings"": 9795.64453125, ""job_density"": -11007.607421875, ""population"": -9386.9375}",347757.5,262608.8,432906.2,"{""net_additional_dwellings"": -1638.41357421875, ""job_density"": -2566.75537109375, ""population"": -2336.957275390625}",371873.8,301711,442036.5,"{""net_additional_dwellings"": 260.2196350097656, ""job_density"": 1591.7796630859375, ""population"": -4796.2958984375}",11.1,9.7,12.6,"{""net_additional_dwellings"": 0.21463891863822937, ""job_density"": -0.9268409013748169, ""population"": -0.006109461188316345}",11.8,10.1,13.5,"{""net_additional_dwellings"": 0.19185316562652588, ""job_density"": -0.2295103520154953, ""population"": -0.2071077823638916}",11.8,9.5,14.1,"{""net_additional_dwellings"": 0.052881624549627304, ""job_density"": -0.7443497776985168, ""population"": -0.3974795639514923}",11.5,9,13.9,"{""net_additional_dwellings"": 0.0021271929144859314, ""job_density"": -0.845848560333252, ""population"": -0.3800552785396576}",12.4,9.5,15.2,"{""net_additional_dwellings"": 0.6895474195480347, ""job_density"": -0.060280054807662964, ""population"": -0.15099722146987915}",North Norfolk,,167
E07000143,256207.3,228791.1,283623.5,"{""net_additional_dwellings"": 3941.99560546875, ""job_density"": 531.42236328125, ""population"": 1512.155029296875}",266485.8,219762.5,313209.2,"{""net_additional_dwellings"": 7051.259765625, ""job_density"": -8511.92578125, ""population"": 1200.2606201171875}",275183.8,218528.7,331838.8,"{""net_additional_dwellings"": 35564.3671875, ""job_density"": 1990.2611083984375, ""population"": 1107.1220703125}",273504.8,206536.9,340472.6,"{""net_additional_dwellings"": 5365.9404296875, ""job_density"": -2226.76953125, ""population"": -0.532196044921875}",296527.6,240580.7,352474.5,"{""net_additional_dwellings"": 3.519775390625, ""job_density"": -2600.6279296875, ""population"": 1181.003173828125}",8.2,7.2,9.3,"{""net_additional_dwellings"": -0.7692642211914062, ""job_density"": -0.8581449389457703, ""population"": -0.06109211593866348}",8.7,7.5,10,"{""net_additional_dwellings"": 0.011503636837005615, ""job_density"": -0.8576061725616455, ""population"": -0.04359094798564911}",9,7.3,10.8,"{""net_additional_dwellings"": -0.06400734186172485, ""job_density"": -0.7762883901596069, ""population"": -0.04846113920211792}",9,7,10.9,"{""net_additional_dwellings"": -1.0508034229278564, ""job_density"": -0.9922605752944946, ""population"": 0.2539575397968292}",9.6,7.4,11.9,"{""net_additional_dwellings"": -0.20536592602729797, ""job_density"": -0.6854403018951416, ""population"": 0.6389844417572021}",Norwich,,168
E07000144,340217.1,303811.2,376623,"{""net_additional_dwellings"": -8292.1328125, ""job_density"": 1385.927978515625, ""population"": 1877.526123046875}",347982.4,286970.2,408994.7,"{""net_additional_dwellings"": -3784.550048828125, ""job_density"": -829.6273193359375, ""population"": 1705.4254150390625}",347594.4,276031.4,419157.4,"{""net_additional_dwellings"": -18221.5078125, ""job_density"": 1345.27392578125, ""population"": 2263.7353515625}",359785.8,271692,447879.6,"{""net_additional_dwellings"": -7969.1640625, ""job_density"": -3779.02392578125, ""population"": -2009.66357421875}",386706.7,313745.3,459668,"{""net_additional_dwellings"": -5264.49853515625, ""job_density"": 1193.128173828125, ""population"": 2058.979736328125}",10.2,8.9,11.5,"{""net_additional_dwellings"": -1.1932542324066162, ""job_density"": -0.8298147916793823, ""population"": 0.07110317796468735}",10.6,9.1,12.2,"{""net_additional_dwellings"": -0.518546998500824, ""job_density"": 0.015152029693126678, ""population"": 0.027716029435396194}",10.9,8.8,13,"{""net_additional_dwellings"": -0.9087894558906555, ""job_density"": -0.5535802245140076, ""population"": 0.03576194867491722}",10.8,8.5,13.2,"{""net_additional_dwellings"": -3.1187844276428223, ""job_density"": -1.0591843128204346, ""population"": 0.4277613162994385}",11.2,8.6,13.8,"{""net_additional_dwellings"": -1.9295302629470825, ""job_density"": 0.1922864317893982, ""population"": 0.7562083601951599}",South Norfolk,,169
E07000145,199475.5,178130.1,220821,"{""net_additional_dwellings"": 10255.3759765625, ""job_density"": 1255.0994873046875, ""population"": 1301.3597412109375}",200282.7,165166.9,235398.6,"{""net_additional_dwellings"": 15490.6298828125, ""job_density"": 715.9068603515625, ""population"": 858.9542846679688}",213557.5,169590.1,257524.9,"{""net_additional_dwellings"": 34162.3671875, ""job_density"": -608.3115234375, ""population"": 747.3104248046875}",214818.2,162219.8,267416.6,"{""net_additional_dwellings"": 6000.24560546875, ""job_density"": -1179.9246826171875, ""population"": -496.8274230957031}",222403.6,180442,264365.3,"{""net_additional_dwellings"": 6666.01806640625, ""job_density"": 1521.990478515625, ""population"": -1022.2553100585938}",8,7,9,"{""net_additional_dwellings"": -0.2686195373535156, ""job_density"": -0.8562942147254944, ""population"": 0.17550919950008392}",8.1,6.9,9.2,"{""net_additional_dwellings"": 0.6486188769340515, ""job_density"": 0.17237737774848938, ""population"": 0.018650026991963387}",8,6.5,9.6,"{""net_additional_dwellings"": 1.1962743997573853, ""job_density"": -0.11024129390716553, ""population"": -0.034459441900253296}",8.4,6.6,10.2,"{""net_additional_dwellings"": 0.5220454931259155, ""job_density"": -0.7864503860473633, ""population"": 0.07776407897472382}",8,6.2,9.9,"{""net_additional_dwellings"": 0.4539279639720917, ""job_density"": -0.49284517765045166, ""population"": 0.36429136991500854}",Ashfield,,170
E07000146,203642,181850.8,225433.3,"{""net_additional_dwellings"": -6920.52490234375, ""job_density"": 2168.11376953125, ""population"": 1103.7369384765625}",213009.7,175662.4,250357,"{""net_additional_dwellings"": -3608.147216796875, ""job_density"": -2329.55859375, ""population"": 191.35105895996094}",200582.1,159286.1,241878.1,"{""net_additional_dwellings"": -18781.203125, ""job_density"": 3135.09765625, ""population"": -2213.22607421875}",217719.1,164410.5,271027.8,"{""net_additional_dwellings"": -8304.701171875, ""job_density"": -2256.713623046875, ""population"": -412.3023986816406}",222904.7,180848.5,264960.9,"{""net_additional_dwellings"": -8903.46484375, ""job_density"": -661.6251220703125, ""population"": -224.04220581054688}",7.6,6.7,8.6,"{""net_additional_dwellings"": -0.8478352427482605, ""job_density"": -0.7851157188415527, ""population"": 0.19177724421024323}",7.7,6.6,8.8,"{""net_additional_dwellings"": -0.9124486446380615, ""job_density"": -0.5099422931671143, ""population"": 0.10726478695869446}",7.8,6.3,9.3,"{""net_additional_dwellings"": -0.900059700012207, ""job_density"": -0.7772353887557983, ""population"": 0.06816676259040833}",7.9,6.2,9.6,"{""net_additional_dwellings"": -2.5780887603759766, ""job_density"": -0.8184278011322021, ""population"": 0.05329766869544983}",8,6.1,9.8,"{""net_additional_dwellings"": -1.2768899202346802, ""job_density"": -0.49182212352752686, ""population"": 0.30666303634643555}",Bassetlaw,,171
E07000147,263619.2,235409.9,291828.5,"{""net_additional_dwellings"": 12873.447265625, ""job_density"": -451.3790283203125, ""population"": 385.186279296875}",264298.6,217958.7,310638.4,"{""net_additional_dwellings"": 14816.318359375, ""job_density"": 4477.45556640625, ""population"": -1306.5751953125}",264345.4,209921.8,318769,"{""net_additional_dwellings"": 46577.42578125, ""job_density"": 11890.95703125, ""population"": -6813.796875}",278219.9,210097.6,346342.2,"{""net_additional_dwellings"": 3441.4140625, ""job_density"": 2368.000732421875, ""population"": -1024.371826171875}",291497.1,236499.3,346494.8,"{""net_additional_dwellings"": 6291.96533203125, ""job_density"": 3524.531982421875, ""population"": -821.4437255859375}",9.5,8.3,10.7,"{""net_additional_dwellings"": -0.343707799911499, ""job_density"": -0.780331552028656, ""population"": 0.07264278829097748}",9.6,8.2,11,"{""net_additional_dwellings"": 1.166778802871704, ""job_density"": 0.49443191289901733, ""population"": -0.09179859608411789}",9.8,7.9,11.7,"{""net_additional_dwellings"": 0.8792491555213928, ""job_density"": 0.9835357666015625, ""population"": -0.07573315501213074}",9.9,7.7,12,"{""net_additional_dwellings"": 0.4154001474380493, ""job_density"": -0.26777249574661255, ""population"": -0.15561175346374512}",10.3,7.9,12.7,"{""net_additional_dwellings"": 0.4880664646625519, ""job_density"": 0.08468389511108398, ""population"": 0.19913947582244873}",Broxtowe,,172
E07000148,259536.8,231764.3,287309.3,"{""net_additional_dwellings"": 13513.5048828125, ""job_density"": 815.5594482421875, ""population"": 1558.524658203125}",264477.9,218106.6,310849.2,"{""net_additional_dwellings"": 11405.8671875, ""job_density"": 9427.73828125, ""population"": -13.086334228515625}",270067.6,214465.9,325669.3,"{""net_additional_dwellings"": 19409.49609375, ""job_density"": 25587.521484375, ""population"": -2820.113525390625}",276168.6,208548.5,343788.6,"{""net_additional_dwellings"": 1421.65283203125, ""job_density"": 9248.7021484375, ""population"": -1053.4141845703125}",286847.1,232726.6,340967.5,"{""net_additional_dwellings"": -1602.990966796875, ""job_density"": 5565.4873046875, ""population"": -56.0335693359375}",9.1,7.9,10.2,"{""net_additional_dwellings"": -0.20310533046722412, ""job_density"": -0.5242527723312378, ""population"": 0.08455140888690948}",9.2,7.9,10.6,"{""net_additional_dwellings"": 0.5115002393722534, ""job_density"": 1.0767279863357544, ""population"": -0.03171231597661972}",9.3,7.5,11.1,"{""net_additional_dwellings"": 0.8252196311950684, ""job_density"": 1.156549334526062, ""population"": -0.043859921395778656}",9.3,7.3,11.3,"{""net_additional_dwellings"": -0.3886706829071045, ""job_density"": 0.023243457078933716, ""population"": -0.07746277749538422}",9.3,7.1,11.4,"{""net_additional_dwellings"": -0.49265342950820923, ""job_density"": 0.963412344455719, ""population"": 0.3382219970226288}",Gedling,,173
E07000149,187601.5,167526.7,207676.3,"{""net_additional_dwellings"": 5581.87158203125, ""job_density"": -2239.115234375, ""population"": 299.7593688964844}",182772,150726.4,214817.7,"{""net_additional_dwellings"": 4409.0537109375, ""job_density"": -263.73681640625, ""population"": -1843.832275390625}",186048.9,147745.1,224352.8,"{""net_additional_dwellings"": 7891.193359375, ""job_density"": -10134.6201171875, ""population"": -6545.9306640625}",196518.1,148400.5,244635.7,"{""net_additional_dwellings"": 3958.02099609375, ""job_density"": -387.0828857421875, ""population"": -1135.30615234375}",209561.2,170022.5,249099.8,"{""net_additional_dwellings"": 7221.4248046875, ""job_density"": -934.5798950195312, ""population"": -1612.5057373046875}",7.6,6.7,8.6,"{""net_additional_dwellings"": -0.20880845189094543, ""job_density"": -0.9259782433509827, ""population"": 0.18343499302864075}",8,6.8,9.1,"{""net_additional_dwellings"": -0.6504849195480347, ""job_density"": 0.0904708132147789, ""population"": -0.07640879601240158}",7.8,6.3,9.3,"{""net_additional_dwellings"": -0.5802897214889526, ""job_density"": 0.047101691365242004, ""population"": -0.09129796922206879}",7.8,6.2,9.5,"{""net_additional_dwellings"": 0.0856810212135315, ""job_density"": -0.7489997744560242, ""population"": -0.12969043850898743}",7.9,6.1,9.7,"{""net_additional_dwellings"": -0.190630704164505, ""job_density"": -0.8428434729576111, ""population"": 0.2356746345758438}",Mansfield,,174
E07000170,236061.1,210800.7,261321.5,"{""net_additional_dwellings"": -5562.53857421875, ""job_density"": 2535.3974609375, ""population"": 2043.459716796875}",249450.3,205713.8,293186.8,"{""net_additional_dwellings"": -1768.2822265625, ""job_density"": -1990.3475341796875, ""population"": 704.6962890625}",246772.7,195967,297578.4,"{""net_additional_dwellings"": -13946.5859375, ""job_density"": -603.60693359375, ""population"": -335.98651123046875}",255755.4,193133.5,318377.3,"{""net_additional_dwellings"": -7543.44775390625, ""job_density"": -2117.436767578125, ""population"": -275.7404479980469}",270241.4,219254,321228.8,"{""net_additional_dwellings"": -9034.2158203125, ""job_density"": 669.9241333007812, ""population"": 695.2607421875}",8.7,7.6,9.8,"{""net_additional_dwellings"": -0.539901077747345, ""job_density"": -0.539191484451294, ""population"": 0.06339359283447266}",8.8,7.5,10.1,"{""net_additional_dwellings"": -0.5121810436248779, ""job_density"": 0.09148469567298889, ""population"": 0.05658937990665436}",9,7.3,10.8,"{""net_additional_dwellings"": -1.2337570190429688, ""job_density"": -0.642711877822876, ""population"": 0.01774640567600727}",9.3,7.3,11.2,"{""net_additional_dwellings"": -2.1914682388305664, ""job_density"": -0.793597936630249, ""population"": 0.11091357469558716}",9.6,7.4,11.9,"{""net_additional_dwellings"": -1.0070586204528809, ""job_density"": -0.13013845682144165, ""population"": 0.39554041624069214}",Newark and Sherwood,,175
E07000171,342688.4,306018,379358.7,"{""net_additional_dwellings"": -3219.4736328125, ""job_density"": -1816.399658203125, ""population"": 887.3128662109375}",354912.1,292684.9,417139.4,"{""net_additional_dwellings"": 1077.888427734375, ""job_density"": -1873.156494140625, ""population"": 77.05014038085938}",359606.4,285570.4,433642.4,"{""net_additional_dwellings"": -18292.951171875, ""job_density"": -8781.044921875, ""population"": -3787.27783203125}",365966.5,276359.3,455573.6,"{""net_additional_dwellings"": -6542.6240234375, ""job_density"": -3700.37646484375, ""population"": -1343.718994140625}",385197.8,312521.2,457874.5,"{""net_additional_dwellings"": -3047.89990234375, ""job_density"": -941.535888671875, ""population"": -1650.88525390625}",11.3,9.8,12.7,"{""net_additional_dwellings"": -0.4025634527206421, ""job_density"": -1.0434423685073853, ""population"": 0.03526558727025986}",11.5,9.8,13.1,"{""net_additional_dwellings"": -0.14029259979724884, ""job_density"": 0.21418596804141998, ""population"": -0.023717021569609642}",12,9.7,14.3,"{""net_additional_dwellings"": -1.2899574041366577, ""job_density"": -0.5215532183647156, ""population"": -0.050400473177433014}",11.8,9.2,14.3,"{""net_additional_dwellings"": -1.7346186637878418, ""job_density"": -0.8847236037254333, ""population"": 0.09904128313064575}",12.4,9.5,15.3,"{""net_additional_dwellings"": -1.292356014251709, ""job_density"": -0.035188913345336914, ""population"": 0.31027495861053467}",Rushcliffe,,176
E07000172,383698.9,342640.1,424757.7,"{""net_additional_dwellings"": -8026.49951171875, ""job_density"": -4927.865234375, ""population"": 1402.12744140625}",391402.2,322777.1,460027.3,"{""net_additional_dwellings"": -11769.4189453125, ""job_density"": -9308.357421875, ""population"": 907.5119018554688}",431950.2,343020,520880.4,"{""net_additional_dwellings"": -29191.255859375, ""job_density"": -8545.1923828125, ""population"": 8385.974609375}",430941.9,325425.5,536458.3,"{""net_additional_dwellings"": -9728.7880859375, ""job_density"": -6253.28125, ""population"": -163.5663604736328}",457869.1,371481.3,544256.9,"{""net_additional_dwellings"": -4254.701171875, ""job_density"": -6270.40234375, ""population"": 4672.8505859375}",10.8,9.4,12.2,"{""net_additional_dwellings"": -1.3236284255981445, ""job_density"": -0.8916897773742676, ""population"": 0.02590697631239891}",11.8,10.1,13.5,"{""net_additional_dwellings"": -0.5209865570068359, ""job_density"": -0.7307083010673523, ""population"": 0.08666425943374634}",11.6,9.4,13.9,"{""net_additional_dwellings"": -1.0838615894317627, ""job_density"": -0.7775808572769165, ""population"": 0.02471688762307167}",11.9,9.4,14.5,"{""net_additional_dwellings"": -3.0313069820404053, ""job_density"": -0.9984912872314453, ""population"": 0.5765976905822754}",12.3,9.5,15.2,"{""net_additional_dwellings"": -2.414250373840332, ""job_density"": -0.7258342504501343, ""population"": 0.77370685338974}",Cherwell,,177
E07000173,507136.7,452869.1,561404.3,"{""net_additional_dwellings"": 9074.015625, ""job_density"": -8536.736328125, ""population"": 970.9544067382812}",549235.7,452937.4,645534,"{""net_additional_dwellings"": 17007.568359375, ""job_density"": 191.5714111328125, ""population"": 3895.95361328125}",558101.1,443198.9,673003.3,"{""net_additional_dwellings"": 25146.46484375, ""job_density"": -16732.76171875, ""population"": 1737.3531494140625}",677091.2,511304.9,842877.4,"{""net_additional_dwellings"": -582.0770263671875, ""job_density"": 2609.959716796875, ""population"": 3919.672607421875}",702923,570300,835546,"{""net_additional_dwellings"": 1957.910888671875, ""job_density"": -3242.37744140625, ""population"": 1491.5970458984375}",14.2,12.4,16,"{""net_additional_dwellings"": 0.7175087928771973, ""job_density"": -0.7838770151138306, ""population"": 0.02471957728266716}",15.3,13.1,17.5,"{""net_additional_dwellings"": 1.4887089729309082, ""job_density"": -0.8346635103225708, ""population"": 0.10895444452762604}",16.7,13.5,20,"{""net_additional_dwellings"": 1.245445966720581, ""job_density"": -0.30410629510879517, ""population"": 0.09685884416103363}",17.5,13.7,21.2,"{""net_additional_dwellings"": 0.9577715396881104, ""job_density"": -0.951461911201477, ""population"": 0.6045258045196533}",17.4,13.4,21.5,"{""net_additional_dwellings"": 1.8686391115188599, ""job_density"": -0.7185041904449463, ""population"": 0.7682325839996338}",Oxford,,178
E07000174,523086.6,467112.2,579061,"{""net_additional_dwellings"": 354.1650695800781, ""job_density"": -302.942138671875, ""population"": 595.4515380859375}",529941.6,437026.2,622857.1,"{""net_additional_dwellings"": -12800.814453125, ""job_density"": -9977.181640625, ""population"": -547.2093505859375}",536654.4,426167.7,647141.2,"{""net_additional_dwellings"": -26163.5546875, ""job_density"": -7330.7314453125, ""population"": -2891.51513671875}",562309.1,424627.3,699990.8,"{""net_additional_dwellings"": -11151.8828125, ""job_density"": -10860.0732421875, ""population"": -2572.970458984375}",615242.7,499162.7,731322.7,"{""net_additional_dwellings"": -95.77764892578125, ""job_density"": -8294.9638671875, ""population"": -1415.1844482421875}",14.7,12.9,16.6,"{""net_additional_dwellings"": -0.9936316609382629, ""job_density"": -1.049776554107666, ""population"": 0.0165410116314888}",14.7,12.6,16.9,"{""net_additional_dwellings"": -0.4115053713321686, ""job_density"": -0.1058158352971077, ""population"": 0.09600592404603958}",15.1,12.2,18.1,"{""net_additional_dwellings"": -0.8958612680435181, ""job_density"": -0.8391757011413574, ""population"": 0.057954706251621246}",16.9,13.3,20.5,"{""net_additional_dwellings"": -2.7642669677734375, ""job_density"": -1.0452640056610107, ""population"": 0.6502699851989746}",16.7,12.9,20.6,"{""net_additional_dwellings"": -2.5566492080688477, ""job_density"": -0.05229818820953369, ""population"": 0.7574561238288879}",South Oxfordshire,,179
E07000175,406816.1,363283.6,450348.6,"{""net_additional_dwellings"": -12569.1953125, ""job_density"": -4164.2763671875, ""population"": -1685.70166015625}",417498.7,344298,490699.3,"{""net_additional_dwellings"": -15651.8798828125, ""job_density"": -9727.94921875, ""population"": -2796.2724609375}",450292.5,357586,542999,"{""net_additional_dwellings"": -31290.037109375, ""job_density"": -11519.8349609375, ""population"": -2817.052734375}",484573.2,365925.1,603221.4,"{""net_additional_dwellings"": -7102.83984375, ""job_density"": -7470.224609375, ""population"": -3420.48046875}",505324.2,409982.9,600665.5,"{""net_additional_dwellings"": -1724.3028564453125, ""job_density"": -7843.9140625, ""population"": -4607.16796875}",11.2,9.8,12.6,"{""net_additional_dwellings"": -1.1872626543045044, ""job_density"": -1.0157026052474976, ""population"": 0.049214817583560944}",11.2,9.6,12.9,"{""net_additional_dwellings"": -0.6166446208953857, ""job_density"": -0.5807509422302246, ""population"": 0.06643714755773544}",12.3,9.9,14.7,"{""net_additional_dwellings"": -0.8459856510162354, ""job_density"": -0.7409115433692932, ""population"": -0.010349352844059467}",12.9,10.1,15.6,"{""net_additional_dwellings"": -2.9830195903778076, ""job_density"": -0.7904897928237915, ""population"": 0.49054965376853943}",12.9,9.9,15.8,"{""net_additional_dwellings"": -2.4339780807495117, ""job_density"": -0.5866557359695435, ""population"": 0.7561175227165222}",Vale of White Horse,,180
E07000176,420028.7,375082.3,464975,"{""net_additional_dwellings"": -7132.62353515625, ""job_density"": -1324.818359375, ""population"": -1824.3651123046875}",429697.2,354357.8,505036.7,"{""net_additional_dwellings"": -15374.947265625, ""job_density"": -8649.7109375, ""population"": -4220.2490234375}",457148.1,363030.2,551266.1,"{""net_additional_dwellings"": -21839.78125, ""job_density"": -7123.77734375, ""population"": -10280.89453125}",492954.3,372254.1,613654.5,"{""net_additional_dwellings"": -12619.42578125, ""job_density"": -8187.2421875, ""population"": -7216.8828125}",527932.6,428325.7,627539.5,"{""net_additional_dwellings"": -444.67596435546875, ""job_density"": -6811.927734375, ""population"": -8244.630859375}",12.1,10.5,13.6,"{""net_additional_dwellings"": -0.6943743824958801, ""job_density"": -0.8382401466369629, ""population"": 0.08570786565542221}",12.3,10.5,14.1,"{""net_additional_dwellings"": -0.5804687738418579, ""job_density"": -0.40776896476745605, ""population"": 0.03832013159990311}",13.4,10.8,16,"{""net_additional_dwellings"": -0.7226706743240356, ""job_density"": -0.32984504103660583, ""population"": -0.03657209873199463}",15,11.7,18.2,"{""net_additional_dwellings"": -2.6619086265563965, ""job_density"": -0.5151296257972717, ""population"": -0.02980080619454384}",15.5,12,19.1,"{""net_additional_dwellings"": -2.054687261581421, ""job_density"": -0.10968340188264847, ""population"": 0.31248360872268677}",West Oxfordshire,,181
E07000177,214321.2,191387.2,237255.3,"{""net_additional_dwellings"": 411.2879638671875, ""job_density"": 926.6487426757812, ""population"": -74.20834350585938}",222570.4,183546.8,261594,"{""net_additional_dwellings"": 8484.7001953125, ""job_density"": 443.9088134765625, ""population"": -2385.492431640625}",219002.7,173914.3,264091.1,"{""net_additional_dwellings"": 22841.1015625, ""job_density"": 2497.14501953125, ""population"": -7913.98486328125}",230049.4,173721.6,286377.2,"{""net_additional_dwellings"": -7210.7978515625, ""job_density"": -1580.4964599609375, ""population"": -2048.51171875}",236501.1,191879.6,281122.7,"{""net_additional_dwellings"": -831.63720703125, ""job_density"": 2353.724853515625, ""population"": -3334.050537109375}",8.2,7.2,9.3,"{""net_additional_dwellings"": -0.7704488635063171, ""job_density"": -0.6413310766220093, ""population"": 0.12713497877120972}",8.2,7,9.4,"{""net_additional_dwellings"": 0.48879021406173706, ""job_density"": -0.06490213423967361, ""population"": -0.19492462277412415}",8.2,6.6,9.8,"{""net_additional_dwellings"": -0.8183862566947937, ""job_density"": -0.09338021278381348, ""population"": -0.3088151514530182}",8.8,6.9,10.6,"{""net_additional_dwellings"": -0.7807543277740479, ""job_density"": -0.7540903091430664, ""population"": -0.24331706762313843}",8.8,6.8,10.8,"{""net_additional_dwellings"": 0.5464620590209961, ""job_density"": -0.027640551328659058, ""population"": -0.1662209928035736}",Cannock Chase,,182
E07000178,235521.7,210319,260724.3,"{""net_additional_dwellings"": -6556.1025390625, ""job_density"": 450.58062744140625, ""population"": 1653.3116455078125}",237469.5,195833.6,279105.3,"{""net_additional_dwellings"": -1987.8551025390625, ""job_density"": -5468.03857421875, ""population"": 1058.50537109375}",241474.1,191759.3,291188.9,"{""net_additional_dwellings"": -14123.490234375, ""job_density"": -5836.9765625, ""population"": 848.2750244140625}",253881.4,191718.3,316044.4,"{""net_additional_dwellings"": -7161.10791015625, ""job_density"": -1043.69873046875, ""population"": -368.1051025390625}",261058.4,211803.6,310313.3,"{""net_additional_dwellings"": -6096.4423828125, ""job_density"": -4105.35205078125, ""population"": 505.95599365234375}",7.9,6.9,8.9,"{""net_additional_dwellings"": -0.627265989780426, ""job_density"": -0.5006678104400635, ""population"": 0.0614909753203392}",8,6.8,9.2,"{""net_additional_dwellings"": -0.6209643483161926, ""job_density"": -0.40644320845603943, ""population"": 0.006302255671471357}",8.2,6.6,9.8,"{""net_additional_dwellings"": -1.4793728590011597, ""job_density"": -0.6626529693603516, ""population"": -0.003070507198572159}",8.6,6.7,10.4,"{""net_additional_dwellings"": -2.699610710144043, ""job_density"": -0.4480651617050171, ""population"": 0.09399903565645218}",8.7,6.7,10.7,"{""net_additional_dwellings"": -1.0318963527679443, ""job_density"": -0.9991682171821594, ""population"": 0.3728525936603546}",East Staffordshire,,183
E07000179,310432.9,277214.2,343651.7,"{""net_additional_dwellings"": -2768.77001953125, ""job_density"": -3591.21435546875, ""population"": -650.754150390625}",327199.2,269830.8,384567.5,"{""net_additional_dwellings"": 806.55712890625, ""job_density"": -7537.404296875, ""population"": -2728.33935546875}",349160.8,277275.4,421046.3,"{""net_additional_dwellings"": -8690.673828125, ""job_density"": -7163.5234375, ""population"": -9836.1630859375}",342839.4,258895,426783.9,"{""net_additional_dwellings"": -4343.3466796875, ""job_density"": -6128.8740234375, ""population"": -2418.1826171875}",355955,288795.7,423114.3,"{""net_additional_dwellings"": -5614.5146484375, ""job_density"": -5011.9091796875, ""population"": -4002.640625}",10.1,8.8,11.4,"{""net_additional_dwellings"": -0.19753466546535492, ""job_density"": -0.7477864623069763, ""population"": 0.0007874425500631332}",10.6,9.1,12.2,"{""net_additional_dwellings"": -0.2622777223587036, ""job_density"": -0.5753633379936218, ""population"": -0.13959845900535583}",10.9,8.8,13,"{""net_additional_dwellings"": -1.050623893737793, ""job_density"": -0.6923039555549622, ""population"": -0.2814387381076813}",11.3,8.9,13.7,"{""net_additional_dwellings"": -2.2673494815826416, ""job_density"": -0.8909363746643066, ""population"": -0.2989843189716339}",11.9,9.1,14.6,"{""net_additional_dwellings"": -0.7588382363319397, ""job_density"": -0.5426104068756104, ""population"": -0.054515540599823}",Lichfield,,184
E07000180,197047.5,175961.9,218133.1,"{""net_additional_dwellings"": 4318.99169921875, ""job_density"": -2613.80859375, ""population"": 1273.9404296875}",208231.4,171721.8,244740.9,"{""net_additional_dwellings"": 14425.546875, ""job_density"": 1715.1436767578125, ""population"": 184.48348999023438}",198820.8,157887.4,239754.1,"{""net_additional_dwellings"": 27308.05859375, ""job_density"": 4765.9423828125, ""population"": 334.11871337890625}",225340.5,170165.7,280515.3,"{""net_additional_dwellings"": -2528.404052734375, ""job_density"": 749.0038452148438, ""population"": -805.2317504882812}",220144.4,178609,261679.8,"{""net_additional_dwellings"": 6799.58203125, ""job_density"": 1273.47509765625, ""population"": -329.35064697265625}",7.8,6.8,8.7,"{""net_additional_dwellings"": 0.22487197816371918, ""job_density"": -0.9700809717178345, ""population"": 0.19999057054519653}",7.9,6.7,9,"{""net_additional_dwellings"": 0.6957082748413086, ""job_density"": 0.24658358097076416, ""population"": -0.0014297440648078918}",8,6.4,9.5,"{""net_additional_dwellings"": 0.4053950905799866, ""job_density"": -0.057387061417102814, ""population"": -0.05175498127937317}",7.9,6.2,9.6,"{""net_additional_dwellings"": 0.6956409215927124, ""job_density"": -0.7732112407684326, ""population"": 0.10943335294723511}",7.9,6.1,9.8,"{""net_additional_dwellings"": 0.9357072710990906, ""job_density"": -0.750502347946167, ""population"": 0.35683292150497437}",Newcastle-under-Lyme,,185
E07000181,293291.5,261907,324676,"{""net_additional_dwellings"": 8485.634765625, ""job_density"": 3998.397705078125, ""population"": -1080.779296875}",303968.2,250673,357263.3,"{""net_additional_dwellings"": 16479.990234375, ""job_density"": 7120.822265625, ""population"": -3922.696533203125}",321966.7,255680,388253.4,"{""net_additional_dwellings"": 11166.7490234375, ""job_density"": 18391.625, ""population"": -7343.1064453125}",334735.6,252775.4,416695.9,"{""net_additional_dwellings"": -4358.14404296875, ""job_density"": 4909.81689453125, ""population"": -2135.86962890625}",333906.8,270907.4,396906.2,"{""net_additional_dwellings"": -6208.3046875, ""job_density"": 3380.836181640625, ""population"": -2082.87060546875}",10.2,8.9,11.5,"{""net_additional_dwellings"": 0.2128552496433258, ""job_density"": -0.6405140161514282, ""population"": 0.040881477296352386}",10.8,9.3,12.4,"{""net_additional_dwellings"": 1.1023660898208618, ""job_density"": 0.6897481679916382, ""population"": -0.18124507367610931}",11,8.9,13.1,"{""net_additional_dwellings"": 0.5935752391815186, ""job_density"": 0.46407806873321533, ""population"": -0.10941460728645325}",10.4,8.1,12.6,"{""net_additional_dwellings"": -0.7418978810310364, ""job_density"": -0.42748337984085083, ""population"": -0.21823889017105103}",10.6,8.1,13,"{""net_additional_dwellings"": 0.4853953719139099, ""job_density"": 0.06800952553749084, ""population"": 0.21450765430927277}",South Staffordshire,,186
E07000192,245637.9,219352.7,271923.1,"{""net_additional_dwellings"": -716.9371948242188, ""job_density"": 3362.96875, ""population"": 1004.0730590820312}",254378.2,209777.7,298978.7,"{""net_additional_dwellings"": 948.1746826171875, ""job_density"": -2524.157958984375, ""population"": 1274.3876953125}",269093.6,213692.5,324494.8,"{""net_additional_dwellings"": -2400.41552734375, ""job_density"": -4200.55322265625, ""population"": 1483.5289306640625}",271836.9,205277.5,338396.4,"{""net_additional_dwellings"": -4968.38330078125, ""job_density"": -2900.7373046875, ""population"": -544.4525146484375}",285589.8,231706.5,339473,"{""net_additional_dwellings"": -7180.375, ""job_density"": -4141.32958984375, ""population"": 1538.58935546875}",8.6,7.5,9.7,"{""net_additional_dwellings"": -0.5507230758666992, ""job_density"": -0.6971285939216614, ""population"": 0.024244993925094604}",8.9,7.6,10.2,"{""net_additional_dwellings"": -0.15171422064304352, ""job_density"": -0.3487330377101898, ""population"": -0.007401208393275738}",9,7.3,10.8,"{""net_additional_dwellings"": -0.9368491172790527, ""job_density"": -0.7681530714035034, ""population"": 0.01591501571238041}",8.9,7,10.9,"{""net_additional_dwellings"": -2.1361491680145264, ""job_density"": -0.6717797517776489, ""population"": 0.4075145125389099}",8.6,6.6,10.6,"{""net_additional_dwellings"": -0.6293216347694397, ""job_density"": -0.6511642932891846, ""population"": 0.694527268409729}",Stafford,,187
E07000193,225264.7,201159.6,249369.8,"{""net_additional_dwellings"": 15591.64453125, ""job_density"": -3401.5625, ""population"": -413.52093505859375}",240025.7,197941.7,282109.8,"{""net_additional_dwellings"": 25028.3046875, ""job_density"": -77.6016845703125, ""population"": -2638.8017578125}",241802.5,192020,291584.9,"{""net_additional_dwellings"": 61243.34765625, ""job_density"": -603.3623046875, ""population"": -9912.763671875}",256496.7,193693.3,319300.1,"{""net_additional_dwellings"": 9663.6982421875, ""job_density"": 45.015960693359375, ""population"": -1116.2191162109375}",257293.9,208749.4,305838.5,"{""net_additional_dwellings"": 8472.91015625, ""job_density"": -1081.4033203125, ""population"": -3329.751708984375}",8.1,7.1,9.2,"{""net_additional_dwellings"": 0.08647138625383377, ""job_density"": -1.0262788534164429, ""population"": 0.038828279823064804}",8.5,7.3,9.7,"{""net_additional_dwellings"": 2.119697332382202, ""job_density"": 0.32710522413253784, ""population"": -0.23221726715564728}",8.5,6.9,10.1,"{""net_additional_dwellings"": 2.0131747722625732, ""job_density"": -0.2159295529127121, ""population"": -0.37262266874313354}",8.4,6.6,10.2,"{""net_additional_dwellings"": 0.837312638759613, ""job_density"": -0.17954708635807037, ""population"": -0.2823634147644043}",8.8,6.8,10.8,"{""net_additional_dwellings"": 0.6792405843734741, ""job_density"": -0.18550139665603638, ""population"": -0.16786819696426392}",Staffordshire Moorlands,,188
E07000194,223337,199438.2,247235.8,"{""net_additional_dwellings"": 6854.0625, ""job_density"": -2268.5634765625, ""population"": -4517.0703125}",236546.6,195072.5,278020.7,"{""net_additional_dwellings"": 11769.6748046875, ""job_density"": -448.07122802734375, ""population"": -8054.716796875}",232274,184453.3,280094.8,"{""net_additional_dwellings"": 17773.18359375, ""job_density"": -3523.92431640625, ""population"": -18996.666015625}",241579,182428.2,300729.8,"{""net_additional_dwellings"": -2347.58447265625, ""job_density"": -1662.767333984375, ""population"": -7087.40625}",247401.1,200723,294079.1,"{""net_additional_dwellings"": 3975.01220703125, ""job_density"": -1380.855712890625, ""population"": -13081.87109375}",9.2,8,10.4,"{""net_additional_dwellings"": -0.6105633974075317, ""job_density"": -0.9388056397438049, ""population"": -0.20353910326957703}",9.2,7.8,10.5,"{""net_additional_dwellings"": 0.09875955432653427, ""job_density"": 0.011951513588428497, ""population"": -0.39699432253837585}",9.3,7.5,11.1,"{""net_additional_dwellings"": 0.17571210861206055, ""job_density"": -0.38168638944625854, ""population"": -0.5910195708274841}",9.3,7.3,11.3,"{""net_additional_dwellings"": 0.5372406244277954, ""job_density"": -1.0459468364715576, ""population"": -0.8971190452575684}",9.7,7.4,11.9,"{""net_additional_dwellings"": 0.4883365333080292, ""job_density"": -0.8224866986274719, ""population"": -0.7460848093032837}",Tamworth,,189
E07000195,378099.2,337639.6,418558.8,"{""net_additional_dwellings"": 4528.5322265625, ""job_density"": -1225.5140380859375, ""population"": -2627.116943359375}",394923.3,325680.9,464165.8,"{""net_additional_dwellings"": 5174.072265625, ""job_density"": -6521.1337890625, ""population"": -5547.06396484375}",413177.3,328112.1,498242.6,"{""net_additional_dwellings"": -8513.2607421875, ""job_density"": -7446.83251953125, ""population"": -16076.4365234375}",416019.5,314156.9,517882.2,"{""net_additional_dwellings"": -4161.36328125, ""job_density"": -577.8322143554688, ""population"": -3315.61767578125}",428576.4,347715.4,509437.4,"{""net_additional_dwellings"": -7011.0263671875, ""job_density"": -363.5775146484375, ""population"": -6774.12109375}",12.4,10.8,14,"{""net_additional_dwellings"": 0.5799896121025085, ""job_density"": -1.3465830087661743, ""population"": -0.05258890986442566}",13.4,11.5,15.4,"{""net_additional_dwellings"": 0.4381263852119446, ""job_density"": 0.4829931855201721, ""population"": -0.19318656623363495}",13.4,10.8,15.9,"{""net_additional_dwellings"": -0.5651243329048157, ""job_density"": -0.4937859773635864, ""population"": -0.29244816303253174}",13.9,11,16.9,"{""net_additional_dwellings"": -0.1748887002468109, ""job_density"": -0.44451674818992615, ""population"": -0.6018107533454895}",14.3,11,17.7,"{""net_additional_dwellings"": 0.4440658986568451, ""job_density"": -0.1305769681930542, ""population"": -0.2507338523864746}",Babergh,,190
E07000196,260545.2,232664.8,288425.5,"{""net_additional_dwellings"": 15360.6083984375, ""job_density"": -1537.813232421875, ""population"": 1666.079833984375}",268337.2,221289.2,315385.1,"{""net_additional_dwellings"": 22206.25390625, ""job_density"": -4336.00341796875, ""population"": 2218.3759765625}",287296.1,228147.4,346444.8,"{""net_additional_dwellings"": 59766.10546875, ""job_density"": -7828.134765625, ""population"": -564.254150390625}",281974.9,212933.1,351016.6,"{""net_additional_dwellings"": 7735.3642578125, ""job_density"": -4437.54931640625, ""population"": -978.342041015625}",297275.5,241187.5,353363.6,"{""net_additional_dwellings"": 8308.92578125, ""job_density"": -5648.1611328125, ""population"": 1037.69921875}",8.8,7.7,9.9,"{""net_additional_dwellings"": -0.2760545313358307, ""job_density"": -0.6111174821853638, ""population"": -0.08414360880851746}",9.1,7.8,10.4,"{""net_additional_dwellings"": 1.9330222606658936, ""job_density"": -0.7068082094192505, ""population"": -0.10398028790950775}",9.2,7.4,10.9,"{""net_additional_dwellings"": 1.5421602725982666, ""job_density"": -0.710371196269989, ""population"": -0.043407462537288666}",9.4,7.4,11.4,"{""net_additional_dwellings"": 0.2774583101272583, ""job_density"": -0.3337951600551605, ""population"": 0.24903126060962677}",9.5,7.3,11.7,"{""net_additional_dwellings"": 0.42589277029037476, ""job_density"": -1.2213642597198486, ""population"": 0.6076521277427673}",Ipswich,,191
E07000197,344633.2,307754.7,381511.6,"{""net_additional_dwellings"": -3288.8037109375, ""job_density"": 4322.74609375, ""population"": -749.2456665039062}",365253.6,301213.1,429294,"{""net_additional_dwellings"": 2618.843994140625, ""job_density"": -3142.2236328125, ""population"": -3367.986083984375}",385407,306059.2,464754.9,"{""net_additional_dwellings"": -21249.546875, ""job_density"": 1196.52294921875, ""population"": -11351.484375}",381158,287831.2,474484.8,"{""net_additional_dwellings"": -5456.3203125, ""job_density"": -2775.81201171875, ""population"": -2378.795166015625}",393423,319194.5,467651.5,"{""net_additional_dwellings"": -4392.5791015625, ""job_density"": 17.142364501953125, ""population"": -4578.02783203125}",11.2,9.8,12.7,"{""net_additional_dwellings"": -0.5349677205085754, ""job_density"": -0.9886470437049866, ""population"": -0.012810463085770607}",11.7,10,13.4,"{""net_additional_dwellings"": 0.023884907364845276, ""job_density"": -0.3983175754547119, ""population"": -0.11851366609334946}",12.2,9.8,14.5,"{""net_additional_dwellings"": -1.075958490371704, ""job_density"": -0.8486382961273193, ""population"": -0.28728601336479187}",12,9.4,14.6,"{""net_additional_dwellings"": -1.9086356163024902, ""job_density"": -1.063481330871582, ""population"": -0.2973727285861969}",11.9,9.1,14.6,"{""net_additional_dwellings"": -1.5662282705307007, ""job_density"": -0.4316357672214508, ""population"": -0.15848983824253082}",Mid Suffolk,,192
E07000198,773294.6,690546,856043.1,"{""net_additional_dwellings"": 6967.73193359375, ""job_density"": -11232.2470703125, ""population"": 6002.69775390625}",756973.1,624251.9,889694.3,"{""net_additional_dwellings"": 7911.5556640625, ""job_density"": -26446.1484375, ""population"": 3793.0009765625}",756076.7,600415.1,911738.2,"{""net_additional_dwellings"": 4136.84716796875, ""job_density"": -20679.5234375, ""population"": 9770.533203125}",750573.4,566795,934351.9,"{""net_additional_dwellings"": 3366.0849609375, ""job_density"": -25895.095703125, ""population"": 4075.23779296875}",794112.8,644284.7,943940.9,"{""net_additional_dwellings"": 2913.009765625, ""job_density"": -24584.15625, ""population"": 6669.47119140625}",19.8,17.3,22.3,"{""net_additional_dwellings"": 0.5556474924087524, ""job_density"": -1.2736138105392456, ""population"": 0.21022263169288635}",19.9,17,22.8,"{""net_additional_dwellings"": 1.0336925983428955, ""job_density"": -0.411855012178421, ""population"": 0.28916123509407043}",19.3,15.6,23,"{""net_additional_dwellings"": -0.1690479815006256, ""job_density"": -0.9102047681808472, ""population"": 0.1254262924194336}",18.7,14.6,22.7,"{""net_additional_dwellings"": -0.278829962015152, ""job_density"": -0.9628260731697083, ""population"": 0.5802686810493469}",19.3,14.8,23.7,"{""net_additional_dwellings"": -0.09933903068304062, ""job_density"": -0.2908615171909332, ""population"": 0.7292188405990601}",Elmbridge,,193
E07000199,567808.4,507048.4,628568.3,"{""net_additional_dwellings"": 14498.7236328125, ""job_density"": -10053.4677734375, ""population"": -584.0408325195312}",576093.2,475085.9,677100.5,"{""net_additional_dwellings"": 14975.9365234375, ""job_density"": -17990.390625, ""population"": -2041.760986328125}",624539.3,495958.8,753119.9,"{""net_additional_dwellings"": 76770.671875, ""job_density"": -6940.24462890625, ""population"": -14276.9873046875}",649482.8,490456.5,808509.1,"{""net_additional_dwellings"": 10972.259765625, ""job_density"": -14516.1484375, ""population"": -7785.12451171875}",711490.9,577251.4,845730.5,"{""net_additional_dwellings"": 3909.20751953125, ""job_density"": -10988.6845703125, ""population"": -6601.00927734375}",17.5,15.3,19.7,"{""net_additional_dwellings"": 0.1884073168039322, ""job_density"": -1.3294076919555664, ""population"": -0.21879500150680542}",18.6,15.9,21.3,"{""net_additional_dwellings"": 1.6111998558044434, ""job_density"": 0.2388765513896942, ""population"": -0.42465096712112427}",19.4,15.7,23.1,"{""net_additional_dwellings"": 2.3268401622772217, ""job_density"": -0.19755318760871887, ""population"": -0.6918344497680664}",21,16.5,25.5,"{""net_additional_dwellings"": 0.1462731957435608, ""job_density"": -0.6200897097587585, ""population"": -1.0478049516677856}",21.2,16.3,26,"{""net_additional_dwellings"": 0.9312559366226196, ""job_density"": -0.19205495715141296, ""population"": -0.7497972249984741}",Epsom and Ewell,,194
E07000200,569800.7,508827.5,630773.8,"{""net_additional_dwellings"": 1922.7017822265625, ""job_density"": -6643.85693359375, ""population"": 2347.48486328125}",612782.2,505342.2,720222.2,"{""net_additional_dwellings"": -2398.013427734375, ""job_density"": -4353.4814453125, ""population"": 4569.126953125}",568899.5,451774.1,686024.9,"{""net_additional_dwellings"": -22549.150390625, ""job_density"": 4723.029296875, ""population"": -826.7214965820312}",661686.5,499672.1,823700.9,"{""net_additional_dwellings"": -10994.0791015625, ""job_density"": -3252.56591796875, ""population"": -2700.880126953125}",702359.6,569842.9,834876.2,"{""net_additional_dwellings"": -843.2901611328125, ""job_density"": -7309.1181640625, ""population"": -1414.7197265625}",14,12.2,15.7,"{""net_additional_dwellings"": 0.4989851713180542, ""job_density"": -0.9798853397369385, ""population"": -0.1012585461139679}",15.3,13.1,17.5,"{""net_additional_dwellings"": -0.059872016310691833, ""job_density"": -0.8583360910415649, ""population"": 0.04574199020862579}",17,13.8,20.3,"{""net_additional_dwellings"": 0.3551962375640869, ""job_density"": -0.386463463306427, ""population"": 0.017684530466794968}",18.5,14.5,22.5,"{""net_additional_dwellings"": -0.5172768235206604, ""job_density"": -0.7583866119384766, ""population"": 0.398617148399353}",17.9,13.7,22,"{""net_additional_dwellings"": -0.980129599571228, ""job_density"": -1.213956594467163, ""population"": 0.7076936960220337}",Guildford,,195
E07000202,577062.5,515312.3,638812.7,"{""net_additional_dwellings"": 10273.736328125, ""job_density"": -7262.89697265625, ""population"": 305.873046875}",607002,500575.4,713428.6,"{""net_additional_dwellings"": 16152.033203125, ""job_density"": -9779.544921875, ""population"": 1086.625732421875}",613789.8,487422.4,740157.3,"{""net_additional_dwellings"": 44785.58984375, ""job_density"": 5123.27734375, ""population"": -9642.8798828125}",670204.6,506104.6,834304.7,"{""net_additional_dwellings"": 7125.25927734375, ""job_density"": -6731.3037109375, ""population"": -7883.63134765625}",718592.1,583012.7,854171.4,"{""net_additional_dwellings"": 167.033447265625, ""job_density"": -10346.220703125, ""population"": -6280.9013671875}",15.3,13.3,17.2,"{""net_additional_dwellings"": 0.3363829255104065, ""job_density"": -1.4070749282836914, ""population"": -0.13503402471542358}",15.3,13.1,17.5,"{""net_additional_dwellings"": 0.9865076541900635, ""job_density"": -1.0846781730651855, ""population"": -0.4402868449687958}",17,13.8,20.3,"{""net_additional_dwellings"": 1.5398091077804565, ""job_density"": -0.7689477205276489, ""population"": -0.6809065341949463}",17.7,13.9,21.5,"{""net_additional_dwellings"": -0.022553205490112305, ""job_density"": -0.6865296959877014, ""population"": -1.0564758777618408}",17.9,13.7,22,"{""net_additional_dwellings"": 0.677575945854187, ""job_density"": -1.052502989768982, ""population"": -0.6359347701072693}",Mole Valley,,196
E07000203,520063.8,464412.9,575714.7,"{""net_additional_dwellings"": -3173.22998046875, ""job_density"": -3844.47509765625, ""population"": 982.574462890625}",551933.9,455162.5,648705.3,"{""net_additional_dwellings"": -11217.4560546875, ""job_density"": -12257.3779296875, ""population"": 1838.8922119140625}",564401.5,448202.2,680600.8,"{""net_additional_dwellings"": -22327.8671875, ""job_density"": -4845.2294921875, ""population"": -3125.267822265625}",631858.8,477147.7,786569.9,"{""net_additional_dwellings"": -4679.35400390625, ""job_density"": -18839.11328125, ""population"": -2303.602783203125}",663380.2,538217.9,788542.6,"{""net_additional_dwellings"": -209.75982666015625, ""job_density"": -11363.3740234375, ""population"": 260.2779846191406}",14.7,12.8,16.6,"{""net_additional_dwellings"": -0.08876283466815948, ""job_density"": -0.7786878347396851, ""population"": 0.04686504602432251}",15.3,13.1,17.6,"{""net_additional_dwellings"": -0.11897657811641693, ""job_density"": -0.5839862823486328, ""population"": 0.13518913090229034}",16,12.9,19.1,"{""net_additional_dwellings"": -0.7264863848686218, ""job_density"": -0.602584719657898, ""population"": 0.06961537152528763}",18.4,14.4,22.4,"{""net_additional_dwellings"": -1.896552324295044, ""job_density"": -0.46198269724845886, ""population"": 0.559346079826355}",18.2,14,22.4,"{""net_additional_dwellings"": -0.86061030626297, ""job_density"": -0.5515927076339722, ""population"": 0.7833864688873291}",Reigate and Banstead,,197
E07000207,508303.1,453910.6,562695.5,"{""net_additional_dwellings"": 7575.76025390625, ""job_density"": -5223.5234375, ""population"": 782.5403442382812}",534022.1,440391.2,627653,"{""net_additional_dwellings"": 14743.8134765625, ""job_density"": 293.646240234375, ""population"": -3760.5029296875}",569992.5,452642.1,687342.9,"{""net_additional_dwellings"": 6294.78125, ""job_density"": -18553.24609375, ""population"": -14427.2470703125}",626699,473251.3,780146.7,"{""net_additional_dwellings"": -3744.25439453125, ""job_density"": -2819.957763671875, ""population"": -9806.87109375}",641674.4,520607.4,762741.4,"{""net_additional_dwellings"": -4365.97216796875, ""job_density"": -7869.83984375, ""population"": -8568.3974609375}",13.8,12,15.6,"{""net_additional_dwellings"": 0.3158051669597626, ""job_density"": -0.8363646864891052, ""population"": -0.021062646061182022}",14.2,12.2,16.3,"{""net_additional_dwellings"": 0.40764838457107544, ""job_density"": -0.768989086151123, ""population"": -0.3668579161167145}",14.9,12,17.8,"{""net_additional_dwellings"": 0.876916229724884, ""job_density"": -0.6864885091781616, ""population"": -0.4386548697948456}",14.3,11.2,17.4,"{""net_additional_dwellings"": -0.7853686809539795, ""job_density"": -0.9962238073348999, ""population"": -1.136019229888916}",15.2,11.7,18.7,"{""net_additional_dwellings"": 0.41895338892936707, ""job_density"": -0.8262858986854553, ""population"": -0.6675713658332825}",Runnymede,,198
E07000208,455018.9,406328.3,503709.5,"{""net_additional_dwellings"": 9083.029296875, ""job_density"": -4239.2412109375, ""population"": -358.915771484375}",468822.1,386622.9,551021.4,"{""net_additional_dwellings"": 13510.3896484375, ""job_density"": -9832.2802734375, ""population"": -2813.1806640625}",488520.9,387943.9,589097.9,"{""net_additional_dwellings"": 39278.37890625, ""job_density"": -3441.0654296875, ""population"": -14917.1474609375}",551738.5,416644.9,686832.1,"{""net_additional_dwellings"": -3281.23291015625, ""job_density"": -12501.32421875, ""population"": -7511.310546875}",586986.8,476237.9,697735.6,"{""net_additional_dwellings"": 3815.30322265625, ""job_density"": -7060.6220703125, ""population"": -7512.3232421875}",12.2,10.6,13.7,"{""net_additional_dwellings"": -0.11701743304729462, ""job_density"": -1.3834716081619263, ""population"": -0.033379606902599335}",12.6,10.7,14.4,"{""net_additional_dwellings"": 0.40368396043777466, ""job_density"": 0.27721714973449707, ""population"": -0.2025909721851349}",14.3,11.5,17,"{""net_additional_dwellings"": 0.8502055406570435, ""job_density"": -0.5722172856330872, ""population"": -0.47310206294059753}",14.6,11.5,17.8,"{""net_additional_dwellings"": 0.9623528122901917, ""job_density"": -0.7908362150192261, ""population"": -0.30518242716789246}",17,13.1,20.9,"{""net_additional_dwellings"": 0.29486677050590515, ""job_density"": -0.9743674993515015, ""population"": -0.11174032092094421}",Spelthorne,,199
E07000209,473011.2,422395.3,523627.1,"{""net_additional_dwellings"": 8031.9716796875, ""job_density"": -6366.67919921875, ""population"": -1456.1209716796875}",511479.2,421800.8,601157.6,"{""net_additional_dwellings"": 8136.9140625, ""job_density"": -18522.3515625, ""population"": -4610.23876953125}",514149.1,408295.7,620002.4,"{""net_additional_dwellings"": 14560.96484375, ""job_density"": -17055.537109375, ""population"": -14817.8671875}",564893.2,426578.7,703207.7,"{""net_additional_dwellings"": 4956.16455078125, ""job_density"": -7166.84912109375, ""population"": -9144.4521484375}",628883.1,510229.5,747536.7,"{""net_additional_dwellings"": 5189.7138671875, ""job_density"": -9096.9130859375, ""population"": -9236.94140625}",12.9,11.2,14.5,"{""net_additional_dwellings"": 0.10853096097707748, ""job_density"": -1.1124168634414673, ""population"": -0.11294431984424591}",13.1,11.2,15,"{""net_additional_dwellings"": 0.2424803525209427, ""job_density"": -1.1281399726867676, ""population"": -0.3237711191177368}",14.4,11.6,17.2,"{""net_additional_dwellings"": 0.6939406991004944, ""job_density"": -0.8500488996505737, ""population"": -0.41525372862815857}",15.8,12.4,19.2,"{""net_additional_dwellings"": -0.04815122112631798, ""job_density"": -0.8538022041320801, ""population"": -0.9885956048965454}",16.1,12.4,19.8,"{""net_additional_dwellings"": 1.1719943284988403, ""job_density"": -0.9619520902633667, ""population"": -0.2660347521305084}",Surrey Heath,,200
E07000210,569847.2,508869.1,630825.4,"{""net_additional_dwellings"": 9268.8388671875, ""job_density"": -9374.646484375, ""population"": -484.72442626953125}",575907.3,474932.6,676882,"{""net_additional_dwellings"": 15477.69921875, ""job_density"": -18128.853515625, ""population"": -1525.9713134765625}",592579.4,470578.8,714580.1,"{""net_additional_dwellings"": 45266.96875, ""job_density"": -5889.17431640625, ""population"": -11528.828125}",622682.9,470218.5,775147.2,"{""net_additional_dwellings"": 5863.4609375, ""job_density"": -17237.41796875, ""population"": -9562.4404296875}",707179.7,573753.6,840605.8,"{""net_additional_dwellings"": 4940.60595703125, ""job_density"": -10769.80859375, ""population"": -4744.75732421875}",16,14,18.1,"{""net_additional_dwellings"": 0.09649534523487091, ""job_density"": -1.536130666732788, ""population"": -0.0436876118183136}",17,14.5,19.4,"{""net_additional_dwellings"": 1.15688157081604, ""job_density"": -0.30519554018974304, ""population"": -0.27251431345939636}",17.7,14.3,21.1,"{""net_additional_dwellings"": 1.3221458196640015, ""job_density"": -0.8245869278907776, ""population"": -0.5424109697341919}",18.3,14.4,22.2,"{""net_additional_dwellings"": -0.22308483719825745, ""job_density"": -1.1214253902435303, ""population"": -1.1149489879608154}",18.4,14.1,22.6,"{""net_additional_dwellings"": 0.7307383418083191, ""job_density"": -0.788416862487793, ""population"": -0.5917493104934692}",Tandridge,,201
E07000211,563950.6,503603.5,624297.8,"{""net_additional_dwellings"": -426.01739501953125, ""job_density"": -10830.2421875, ""population"": 1969.7813720703125}",574228.1,473547.8,674908.3,"{""net_additional_dwellings"": -6299.384765625, ""job_density"": -12596.3330078125, ""population"": 1522.053955078125}",588816.4,467590.5,710042.3,"{""net_additional_dwellings"": -30775.369140625, ""job_density"": -11332.6953125, ""population"": -759.810302734375}",625697.1,472494.7,778899.5,"{""net_additional_dwellings"": -14982.12109375, ""job_density"": -15181.9365234375, ""population"": -3014.114501953125}",676040.1,548489.2,803590.9,"{""net_additional_dwellings"": -1688.740478515625, ""job_density"": -13534.435546875, ""population"": -1762.719482421875}",17.5,15.3,19.7,"{""net_additional_dwellings"": -0.27337542176246643, ""job_density"": -1.3062454462051392, ""population"": 0.08201760053634644}",17.8,15.2,20.3,"{""net_additional_dwellings"": 0.13074271380901337, ""job_density"": -0.5613614916801453, ""population"": -0.06295491755008698}",18.6,15,22.2,"{""net_additional_dwellings"": -0.44689494371414185, ""job_density"": -0.8309772610664368, ""population"": -0.07152301073074341}",19.9,15.6,24.2,"{""net_additional_dwellings"": -2.3557639122009277, ""job_density"": -1.077659249305725, ""population"": 0.0715218260884285}",19.4,14.9,23.9,"{""net_additional_dwellings"": -1.1654629707336426, ""job_density"": -0.3038513660430908, ""population"": 0.36095184087753296}",Waverley,,202
E07000212,476354.6,425380.9,527328.3,"{""net_additional_dwellings"": 12646.10546875, ""job_density"": -3639.368408203125, ""population"": 222.60572814941406}",515736.5,425311.7,606161.3,"{""net_additional_dwellings"": 14232.31640625, ""job_density"": -17171.373046875, ""population"": -3266.383544921875}",547870.4,435074.5,660666.3,"{""net_additional_dwellings"": 23567.375, ""job_density"": -16049.71875, ""population"": -11963.71875}",582654.9,439991.5,725318.4,"{""net_additional_dwellings"": 2961.371337890625, ""job_density"": -15335.41015625, ""population"": -8192.904296875}",628337.3,509786.7,746887.9,"{""net_additional_dwellings"": -2250.70654296875, ""job_density"": -10729.6376953125, ""population"": -6229.248046875}",12.9,11.3,14.6,"{""net_additional_dwellings"": 0.0644577294588089, ""job_density"": -1.9692022800445557, ""population"": -0.002715146169066429}",13.4,11.5,15.4,"{""net_additional_dwellings"": 1.111750602722168, ""job_density"": -0.23081740736961365, ""population"": -0.21761123836040497}",14.7,11.9,17.6,"{""net_additional_dwellings"": 1.6863222122192383, ""job_density"": -1.1589686870574951, ""population"": -0.42953523993492126}",15.8,12.4,19.2,"{""net_additional_dwellings"": -0.260820597410202, ""job_density"": -1.0690577030181885, ""population"": -0.7694967985153198}",16.9,13,20.8,"{""net_additional_dwellings"": -0.2520482540130615, ""job_density"": -0.5688239336013794, ""population"": -0.11274322867393494}",Woking,,203
E07000213,278102.8,248343.6,307862,"{""net_additional_dwellings"": 11850.8486328125, ""job_density"": -1947.83349609375, ""population"": -723.6798095703125}",288065.8,237558.8,338572.9,"{""net_additional_dwellings"": 17326.8984375, ""job_density"": -4162.9130859375, ""population"": -5959.26171875}",298000.1,236647.6,359352.5,"{""net_additional_dwellings"": 46688.81640625, ""job_density"": -7082.642578125, ""population"": -15687.5390625}",316493.1,238999.5,393986.6,"{""net_additional_dwellings"": 2683.1875, ""job_density"": 3117.2041015625, ""population"": -4531.41552734375}",330398.3,268060.9,392735.7,"{""net_additional_dwellings"": 4530.73046875, ""job_density"": 7262.44775390625, ""population"": -11976.48828125}",9,7.8,10.1,"{""net_additional_dwellings"": 0.04292967915534973, ""job_density"": -0.8973976969718933, ""population"": -0.26427116990089417}",9.4,8.1,10.8,"{""net_additional_dwellings"": 1.5394833087921143, ""job_density"": -0.7415264844894409, ""population"": -0.6593462228775024}",9.5,7.7,11.4,"{""net_additional_dwellings"": 1.632871150970459, ""job_density"": -0.4992901682853699, ""population"": -0.5179986357688904}",10.1,7.9,12.3,"{""net_additional_dwellings"": 1.1487998962402344, ""job_density"": -0.4795081317424774, ""population"": -0.9027455449104309}",9.7,7.5,12,"{""net_additional_dwellings"": 1.7203543186187744, ""job_density"": -0.8667384386062622, ""population"": -0.736047089099884}",North Warwickshire,,204
E07000214,239327,213717.2,264936.9,"{""net_additional_dwellings"": -3992.70654296875, ""job_density"": -1090.85009765625, ""population"": 1744.31103515625}",248451.8,204890.4,292013.2,"{""net_additional_dwellings"": -610.8643798828125, ""job_density"": 1977.9696044921875, ""population"": 1884.3218994140625}",248636.9,197447.4,299826.4,"{""net_additional_dwellings"": -15130.2255859375, ""job_density"": 7405.0234375, ""population"": 899.480712890625}",261431.3,197419.7,325443,"{""net_additional_dwellings"": -5646.513671875, ""job_density"": 167.4600830078125, ""population"": -2127.06787109375}",273088.1,221563.6,324612.6,"{""net_additional_dwellings"": -5381.53173828125, ""job_density"": 1569.58837890625, ""population"": 1818.0338134765625}",8.9,7.7,10,"{""net_additional_dwellings"": -0.7553656101226807, ""job_density"": -0.7969579696655273, ""population"": -0.03566758707165718}",8.9,7.6,10.2,"{""net_additional_dwellings"": -0.6464783549308777, ""job_density"": 0.35850590467453003, ""population"": 0.005971740931272507}",9.2,7.5,11,"{""net_additional_dwellings"": -1.568466305732727, ""job_density"": 0.11117936670780182, ""population"": 0.005515668541193008}",9.3,7.3,11.3,"{""net_additional_dwellings"": -2.3199188709259033, ""job_density"": -0.7338145971298218, ""population"": 0.4831497073173523}",10.1,7.8,12.4,"{""net_additional_dwellings"": -0.7990580201148987, ""job_density"": -0.1468251347541809, ""population"": 0.6977282762527466}",Nuneaton and Bedworth,,205
E07000215,270722.3,241752.9,299691.7,"{""net_additional_dwellings"": -9545.908203125, ""job_density"": 149.45932006835938, ""population"": -650.9158935546875}",290361.4,239451.9,341270.9,"{""net_additional_dwellings"": -4443.7041015625, ""job_density"": -5500.908203125, ""population"": -1794.446044921875}",308075.4,244648.7,371502.2,"{""net_additional_dwellings"": -21457.724609375, ""job_density"": -2909.267578125, ""population"": -4146.36474609375}",297731.5,224831.7,370631.2,"{""net_additional_dwellings"": -9943.9345703125, ""job_density"": -5049.3466796875, ""population"": -1641.2080078125}",317417.6,257529.3,377305.9,"{""net_additional_dwellings"": -9289.8408203125, ""job_density"": -699.3711547851562, ""population"": -1307.1142578125}",8.9,7.8,10.1,"{""net_additional_dwellings"": -1.045788288116455, ""job_density"": -0.664399266242981, ""population"": 0.09518822282552719}",9.3,8,10.7,"{""net_additional_dwellings"": -0.617848813533783, ""job_density"": -0.19810006022453308, ""population"": -0.0123357605189085}",9.7,7.8,11.5,"{""net_additional_dwellings"": -0.9822635650634766, ""job_density"": -0.7450276017189026, ""population"": -0.06107384338974953}",9.3,7.3,11.2,"{""net_additional_dwellings"": -3.0958824157714844, ""job_density"": -1.2793002128601074, ""population"": -0.15205982327461243}",9.8,7.6,12.1,"{""net_additional_dwellings"": -1.7394449710845947, ""job_density"": -0.013122886419296265, ""population"": 0.2989511489868164}",Rugby,,206
E07000216,397123.8,354628.4,439619.1,"{""net_additional_dwellings"": -12390.5712890625, ""job_density"": -2117.9267578125, ""population"": -1655.4508056640625}",416999.4,343886.3,490112.6,"{""net_additional_dwellings"": -24862.359375, ""job_density"": -7402.5107421875, ""population"": -2574.8154296875}",442837.1,351665.5,534008.7,"{""net_additional_dwellings"": -35025.51953125, ""job_density"": -19712.509765625, ""population"": -3342.97119140625}",472365.6,356706.5,588024.6,"{""net_additional_dwellings"": -6731.01708984375, ""job_density"": -8728.6396484375, ""population"": -5348.796875}",494836.2,401473.7,588198.7,"{""net_additional_dwellings"": -2257.89697265625, ""job_density"": -9445.9072265625, ""population"": -5839.40625}",11.6,10.1,13.1,"{""net_additional_dwellings"": -1.3229979276657104, ""job_density"": -0.8025534152984619, ""population"": 0.06418885290622711}",12,10.2,13.7,"{""net_additional_dwellings"": -0.5257394313812256, ""job_density"": -0.5066110491752625, ""population"": 0.049289461225271225}",12.9,10.5,15.4,"{""net_additional_dwellings"": -0.8833755254745483, ""job_density"": -0.837921142578125, ""population"": 0.0015714550390839577}",13.2,10.4,16,"{""net_additional_dwellings"": -2.7781119346618652, ""job_density"": -1.035725474357605, ""population"": 0.44521623849868774}",13.9,10.7,17.1,"{""net_additional_dwellings"": -2.849924325942993, ""job_density"": -0.6787499189376831, ""population"": 0.7450665831565857}",Stratford-on-Avon,,207
E07000217,370870.9,331184.8,410557,"{""net_additional_dwellings"": -6538.59423828125, ""job_density"": -3213.979736328125, ""population"": -146.78387451171875}",391413.7,322786.6,460040.9,"{""net_additional_dwellings"": -12593.041015625, ""job_density"": -9607.330078125, ""population"": -1274.248291015625}",431047,342302.8,519791.3,"{""net_additional_dwellings"": -13306.1240234375, ""job_density"": -14600.2861328125, ""population"": -2075.587890625}",439802.5,332116.5,547488.5,"{""net_additional_dwellings"": -9223.5068359375, ""job_density"": -7557.98046875, ""population"": -3438.736572265625}",456262.9,370178.1,542347.6,"{""net_additional_dwellings"": -3826.071044921875, ""job_density"": -8160.77197265625, ""population"": -795.09716796875}",11,9.6,12.4,"{""net_additional_dwellings"": -0.743680477142334, ""job_density"": -1.1625466346740723, ""population"": 0.014667198061943054}",12,10.3,13.7,"{""net_additional_dwellings"": -0.24031856656074524, ""job_density"": -0.9229651689529419, ""population"": -0.018524976447224617}",12.6,10.2,15,"{""net_additional_dwellings"": -0.9609918594360352, ""job_density"": -0.5155227780342102, ""population"": 0.022086510434746742}",13.4,10.5,16.2,"{""net_additional_dwellings"": -2.9339499473571777, ""job_density"": -0.9076626300811768, ""population"": 0.5212297439575195}",13.3,10.2,16.4,"{""net_additional_dwellings"": -2.0435171127319336, ""job_density"": -1.0671775341033936, ""population"": 0.7690967917442322}",Warwick,,208
E07000218,428677.2,382805.4,474549.1,"{""net_additional_dwellings"": 21829.576171875, ""job_density"": -4603.0380859375, ""population"": -2641.54736328125}",460587.7,379832.2,541343.2,"{""net_additional_dwellings"": 26012.03515625, ""job_density"": -9144.8818359375, ""population"": -6362.8173828125}",483372.4,383855.4,582889.4,"{""net_additional_dwellings"": 76603.03125, ""job_density"": -5189.5888671875, ""population"": -19329.8515625}",507194,383007.2,631380.8,"{""net_additional_dwellings"": 6380.986328125, ""job_density"": -1971.134033203125, ""population"": -1652.6273193359375}",516177.4,418788.4,613566.4,"{""net_additional_dwellings"": 6287.056640625, ""job_density"": -2370.73583984375, ""population"": -9638.818359375}",14,12.3,15.8,"{""net_additional_dwellings"": 0.6546701192855835, ""job_density"": -0.9654864072799683, ""population"": -0.20867902040481567}",14.8,12.7,17,"{""net_additional_dwellings"": 1.8311073780059814, ""job_density"": 0.5097646713256836, ""population"": -0.38866865634918213}",15,12.1,17.9,"{""net_additional_dwellings"": 2.329667568206787, ""job_density"": 0.020718425512313843, ""population"": -0.4522894024848938}",17.6,13.8,21.3,"{""net_additional_dwellings"": 1.9815727472305298, ""job_density"": -0.25415170192718506, ""population"": -0.5032706260681152}",16,12.3,19.6,"{""net_additional_dwellings"": 1.2446129322052002, ""job_density"": -0.8851109743118286, ""population"": -0.7348670363426208}",Adur,,310
E07000219,380345.9,339645.9,421045.9,"{""net_additional_dwellings"": -3666.39794921875, ""job_density"": 54.734619140625, ""population"": 1184.6431884765625}",404900.5,333908.7,475892.3,"{""net_additional_dwellings"": -4904.04443359375, ""job_density"": -150.357421875, ""population"": 2125.644287109375}",421835.3,334987.6,508683,"{""net_additional_dwellings"": -13627.921875, ""job_density"": 6932.966796875, ""population"": 9313.5751953125}",419039.8,316437.6,521641.9,"{""net_additional_dwellings"": -4671.35107421875, ""job_density"": 392.54986572265625, ""population"": 2544.459716796875}",438379.6,355669,521090.3,"{""net_additional_dwellings"": -3253.26953125, ""job_density"": 3598.77783203125, ""population"": 5226.32275390625}",13.3,11.6,15,"{""net_additional_dwellings"": -0.1486949920654297, ""job_density"": -0.9919053316116333, ""population"": 0.03275233134627342}",14,12,16.1,"{""net_additional_dwellings"": -0.3838353157043457, ""job_density"": 0.719832181930542, ""population"": 0.14527739584445953}",13.6,11,16.3,"{""net_additional_dwellings"": -0.8516916036605835, ""job_density"": 0.8032580018043518, ""population"": 0.012210292741656303}",14.7,11.6,17.9,"{""net_additional_dwellings"": -2.3670005798339844, ""job_density"": -0.2541736364364624, ""population"": 0.6284270286560059}",14.9,11.4,18.3,"{""net_additional_dwellings"": -1.1057188510894775, ""job_density"": 0.37739595770835876, ""population"": 0.8443204164505005}",Arun,,311
E07000220,475472.9,424593.6,526352.3,"{""net_additional_dwellings"": -5905.38232421875, ""job_density"": -6265.630859375, ""population"": 1149.8812255859375}",511527,421840.2,601213.8,"{""net_additional_dwellings"": -6555.80859375, ""job_density"": -4995.49951171875, ""population"": -1979.9132080078125}",523236,415511.9,630960.2,"{""net_additional_dwellings"": -21678.00390625, ""job_density"": -13753.2724609375, ""population"": -5052.0185546875}",616521.4,465565.7,767477.1,"{""net_additional_dwellings"": -4915.73046875, ""job_density"": -850.441162109375, ""population"": -3425.56298828125}",643273.2,521904.6,764641.9,"{""net_additional_dwellings"": -3181.832275390625, ""job_density"": -6536.88330078125, ""population"": -4561.97216796875}",14.9,13,16.8,"{""net_additional_dwellings"": -0.24627900123596191, ""job_density"": -0.8585236072540283, ""population"": 0.046064261347055435}",15.5,13.2,17.7,"{""net_additional_dwellings"": -0.1599850207567215, ""job_density"": -0.6368665099143982, ""population"": 0.031242216005921364}",15.6,12.6,18.6,"{""net_additional_dwellings"": -1.0911625623703003, ""job_density"": -0.4508099853992462, ""population"": -0.09047245234251022}",17.8,14,21.7,"{""net_additional_dwellings"": -2.406456708908081, ""job_density"": -0.7306323647499084, ""population"": -0.06692610681056976}",17.3,13.3,21.3,"{""net_additional_dwellings"": -1.5149229764938354, ""job_density"": -1.1586605310440063, ""population"": 0.39402419328689575}",Chichester,,312
E07000221,342121.6,305511.9,378731.3,"{""net_additional_dwellings"": 5000.3525390625, ""job_density"": -1788.0283203125, ""population"": 602.24365234375}",376571.9,310547,442596.8,"{""net_additional_dwellings"": 8781.1044921875, ""job_density"": 1880.1212158203125, ""population"": -232.43011474609375}",413518.9,328383.4,498654.5,"{""net_additional_dwellings"": 32176.46484375, ""job_density"": -7953.74658203125, ""population"": -7177.2177734375}",410449.2,309950.4,510948,"{""net_additional_dwellings"": 4759.7275390625, ""job_density"": 7215.673828125, ""population"": -2200.95654296875}",433003.6,351307.2,514699.9,"{""net_additional_dwellings"": 6832.990234375, ""job_density"": 3597.166748046875, ""population"": -1178.96923828125}",10,8.7,11.2,"{""net_additional_dwellings"": 0.029843769967556, ""job_density"": -1.0845699310302734, ""population"": 0.0648491159081459}",10.6,9,12.1,"{""net_additional_dwellings"": -0.6318905353546143, ""job_density"": -0.6751914620399475, ""population"": 0.02499387226998806}",11.2,9.1,13.4,"{""net_additional_dwellings"": 0.04302123188972473, ""job_density"": -0.48963189125061035, ""population"": -0.06341532617807388}",11.3,8.9,13.8,"{""net_additional_dwellings"": 0.21899302303791046, ""job_density"": -0.41774222254753113, ""population"": -0.05712638422846794}",12.2,9.3,15,"{""net_additional_dwellings"": -0.1996815800666809, ""job_density"": -0.6693078279495239, ""population"": 0.33159947395324707}",Crawley,,313
E07000222,470645.8,420283,521008.5,"{""net_additional_dwellings"": -4486.18603515625, ""job_density"": -462.065673828125, ""population"": -59.85517883300781}",486245.5,400991.4,571499.7,"{""net_additional_dwellings"": -10928.53125, ""job_density"": -6864.20556640625, ""population"": 588.19287109375}",506703.8,402383.3,611024.3,"{""net_additional_dwellings"": 6717.93603515625, ""job_density"": -3948.87548828125, ""population"": -2453.57861328125}",569784.2,430272.1,709296.2,"{""net_additional_dwellings"": -2313.59423828125, ""job_density"": -11570.0, ""population"": -2726.691650390625}",607214.8,492649.4,721780.2,"{""net_additional_dwellings"": 11637.37109375, ""job_density"": -5022.0654296875, ""population"": -2972.492919921875}",13.9,12.1,15.7,"{""net_additional_dwellings"": -0.6241477727890015, ""job_density"": -1.0254147052764893, ""population"": -0.007737446576356888}",14.8,12.6,16.9,"{""net_additional_dwellings"": -0.3350459039211273, ""job_density"": 0.25192105770111084, ""population"": 0.036929648369550705}",15.3,12.3,18.2,"{""net_additional_dwellings"": -1.2134419679641724, ""job_density"": -0.42383086681365967, ""population"": -0.03079347312450409}",15.9,12.5,19.3,"{""net_additional_dwellings"": -2.4053666591644287, ""job_density"": -0.719904899597168, ""population"": 0.3954440653324127}",18.2,14,22.4,"{""net_additional_dwellings"": -0.7650826573371887, ""job_density"": -0.24023392796516418, ""population"": 0.7456099987030029}",Horsham,,314
E08000035,446634.5,398841.1,494427.9,"{""net_additional_dwellings"": -8213.083984375, ""job_density"": -289.2353515625, ""population"": -103.09918212890625}",448679.5,370011.9,527347.2,"{""net_additional_dwellings"": -14872.2646484375, ""job_density"": -5949.57861328125, ""population"": -544.826416015625}",482997.8,383557.9,582437.6,"{""net_additional_dwellings"": -21796.3515625, ""job_density"": -7826.49560546875, ""population"": 1491.8291015625}",544642,411286,677998,"{""net_additional_dwellings"": -11914.3955078125, ""job_density"": -10740.818359375, ""population"": -1220.5274658203125}",582650.1,472719.4,692580.7,"{""net_additional_dwellings"": -3016.63671875, ""job_density"": -5914.7060546875, ""population"": -1921.8822021484375}",13.5,11.8,15.2,"{""net_additional_dwellings"": -0.858626127243042, ""job_density"": -0.7438243627548218, ""population"": 0.010007128119468689}",14,12,16,"{""net_additional_dwellings"": -0.40601736307144165, ""job_density"": 0.396884024143219, ""population"": 0.14861874282360077}",15.2,12.3,18.1,"{""net_additional_dwellings"": -0.9212502241134644, ""job_density"": -0.4026714265346527, ""population"": 0.01249733380973339}",16.1,12.7,19.6,"{""net_additional_dwellings"": -2.631510019302368, ""job_density"": -0.5277349948883057, ""population"": 0.5899724364280701}",17.6,13.5,21.6,"{""net_additional_dwellings"": -1.9645682573318481, ""job_density"": -0.027104564011096954, ""population"": 0.7782564759254456}",Mid Sussex,,315
E08000036,367473.6,328151.1,406796.2,"{""net_additional_dwellings"": 12503.365234375, ""job_density"": -527.3923950195312, ""population"": -424.12152099609375}",376584.9,310557.7,442612.1,"{""net_additional_dwellings"": 15697.052734375, ""job_density"": -6217.91796875, ""population"": -2940.376953125}",384561.5,305387.7,463735.3,"{""net_additional_dwellings"": 44833.5078125, ""job_density"": -8245.771484375, ""population"": -9277.98828125}",388051.3,293036.7,483066,"{""net_additional_dwellings"": 7761.3212890625, ""job_density"": -1697.0596923828125, ""population"": -2162.023193359375}",408022.3,331039.3,485005.3,"{""net_additional_dwellings"": 9079.27734375, ""job_density"": -3965.87939453125, ""population"": -3055.9248046875}",12,10.4,13.5,"{""net_additional_dwellings"": 0.19266141951084137, ""job_density"": -1.0109429359436035, ""population"": 0.07120968401432037}",12.6,10.8,14.5,"{""net_additional_dwellings"": 1.6739110946655273, ""job_density"": -0.5332460403442383, ""population"": -0.056511349976062775}",13,10.5,15.5,"{""net_additional_dwellings"": 1.3983941078186035, ""job_density"": -0.6838091611862183, ""population"": -0.07734131813049316}",13.1,10.3,15.9,"{""net_additional_dwellings"": -0.5201910138130188, ""job_density"": -0.8140242099761963, ""population"": -0.18485429883003235}",13.8,10.6,17,"{""net_additional_dwellings"": -0.13170376420021057, ""job_density"": -0.5702798962593079, ""population"": 0.21567490696907043}",Worthing,,316
E08000037,338702.5,302458.7,374946.3,"{""net_additional_dwellings"": 13948.0390625, ""job_density"": -3275.446533203125, ""population"": -467.70074462890625}",371140.3,306067.7,436212.9,"{""net_additional_dwellings"": 21385.369140625, ""job_density"": -10512.12109375, ""population"": -3207.956787109375}",354333.3,281383,427283.7,"{""net_additional_dwellings"": 46692.80859375, ""job_density"": -20822.12109375, ""population"": -11721.00390625}",384904.7,290660.5,479148.9,"{""net_additional_dwellings"": 7706.34765625, ""job_density"": -3511.83935546875, ""population"": -3214.289794921875}",400270.5,324750,475791,"{""net_additional_dwellings"": 6211.56103515625, ""job_density"": -2364.35009765625, ""population"": -5514.32080078125}",11.6,10.1,13.1,"{""net_additional_dwellings"": 0.12945063412189484, ""job_density"": -1.2948534488677979, ""population"": -0.00019224360585212708}",11.8,10.1,13.5,"{""net_additional_dwellings"": 1.1607171297073364, ""job_density"": -0.823715090751648, ""population"": -0.23646733164787292}",12,9.7,14.3,"{""net_additional_dwellings"": 1.5847338438034058, ""job_density"": -1.1674752235412598, ""population"": -0.3766436278820038}",12,9.4,14.6,"{""net_additional_dwellings"": 0.13942191004753113, ""job_density"": -1.4056050777435303, ""population"": -0.31421226263046265}",12.2,9.4,15.1,"{""net_additional_dwellings"": 0.7720984816551208, ""job_density"": -0.7152702808380127, ""population"": -0.16290415823459625}",Bromsgrove,,317
E09000001,350063.1,312603.6,387522.6,"{""net_additional_dwellings"": 4094.422607421875, ""job_density"": 2908.2705078125, ""population"": -1880.7740478515625}",361390.9,298027.7,424754.1,"{""net_additional_dwellings"": 8825.4208984375, ""job_density"": -5211.69677734375, ""population"": -5899.8388671875}",353085.1,280391.7,425778.4,"{""net_additional_dwellings"": 25855.11328125, ""job_density"": -2787.8876953125, ""population"": -18811.69921875}",366924,277082.4,456765.6,"{""net_additional_dwellings"": 2837.6572265625, ""job_density"": -3904.427001953125, ""population"": -5275.546875}",391628.8,317738.8,465518.7,"{""net_additional_dwellings"": 3294.89404296875, ""job_density"": 457.890869140625, ""population"": -11430.623046875}",11.3,9.9,12.8,"{""net_additional_dwellings"": -0.04124398157000542, ""job_density"": -0.9028809666633606, ""population"": -0.22282542288303375}",11.5,9.8,13.1,"{""net_additional_dwellings"": -0.03872491419315338, ""job_density"": -0.2452562153339386, ""population"": -0.29706060886383057}",11.5,9.3,13.7,"{""net_additional_dwellings"": 0.0055738091468811035, ""job_density"": -0.9437741041183472, ""population"": -0.5737357139587402}",11.8,9.2,14.3,"{""net_additional_dwellings"": 0.18377870321273804, ""job_density"": -1.4797823429107666, ""population"": -0.9180458188056946}",12.3,9.5,15.1,"{""net_additional_dwellings"": -0.4256412982940674, ""job_density"": -0.33715716004371643, ""population"": -0.7298510670661926}",Malvern Hills,,318
E09000002,245987.9,219665.2,272310.5,"{""net_additional_dwellings"": 11541.716796875, ""job_density"": 2330.671630859375, ""population"": -456.351806640625}",257098.9,212021.4,302176.5,"{""net_additional_dwellings"": 20002.40625, ""job_density"": -3407.228271484375, ""population"": -3343.838623046875}",264369.9,209941.3,318798.6,"{""net_additional_dwellings"": 50297.3125, ""job_density"": -2878.73046875, ""population"": -11220.8173828125}",275811.8,208279,343344.5,"{""net_additional_dwellings"": 4824.80712890625, ""job_density"": -2305.00732421875, ""population"": -2068.89501953125}",287196.7,233010.2,341383.1,"{""net_additional_dwellings"": 5102.99853515625, ""job_density"": 661.7020263671875, ""population"": -4537.14794921875}",9.6,8.4,10.8,"{""net_additional_dwellings"": -0.020429909229278564, ""job_density"": -0.8940873146057129, ""population"": -0.20989219844341278}",9.8,8.3,11.2,"{""net_additional_dwellings"": 1.3465431928634644, ""job_density"": -0.19252678751945496, ""population"": -0.2648329734802246}",9.6,7.8,11.5,"{""net_additional_dwellings"": 1.1411701440811157, ""job_density"": -1.1068379878997803, ""population"": -0.5110788345336914}",9.9,7.8,12,"{""net_additional_dwellings"": 1.2444555759429932, ""job_density"": -1.4489222764968872, ""population"": -0.8589814901351929}",10.3,7.9,12.6,"{""net_additional_dwellings"": 1.1469084024429321, ""job_density"": -0.4913680851459503, ""population"": -0.5771716237068176}",Redditch,,319
E09000003,259029.6,231311.4,286747.8,"{""net_additional_dwellings"": 10760.6337890625, ""job_density"": -2304.43212890625, ""population"": 232.21389770507812}",266293.1,219603.5,312982.7,"{""net_additional_dwellings"": 16605.978515625, ""job_density"": -5177.7744140625, ""population"": -2528.923095703125}",280337.2,222621.2,338053.2,"{""net_additional_dwellings"": 39349.03125, ""job_density"": -7897.92822265625, ""population"": -9311.26953125}",286677.8,216484.6,356871.1,"{""net_additional_dwellings"": -987.748046875, ""job_density"": -5010.919921875, ""population"": -1706.3101806640625}",298054.8,241819.8,354289.9,"{""net_additional_dwellings"": 5837.439453125, ""job_density"": -4805.20654296875, ""population"": -2754.1669921875}",8.8,7.7,10,"{""net_additional_dwellings"": 0.40279144048690796, ""job_density"": -0.6898043155670166, ""population"": 0.028514642268419266}",9.4,8,10.7,"{""net_additional_dwellings"": 1.0669574737548828, ""job_density"": -0.6826455593109131, ""population"": -0.19943170249462128}",9.5,7.6,11.3,"{""net_additional_dwellings"": 1.1703083515167236, ""job_density"": -0.7165399789810181, ""population"": -0.3019779622554779}",9.3,7.3,11.4,"{""net_additional_dwellings"": 1.1125388145446777, ""job_density"": -0.45175671577453613, ""population"": -0.33064591884613037}",9.6,7.4,11.8,"{""net_additional_dwellings"": 0.5668675899505615, ""job_density"": -1.0831670761108398, ""population"": -0.06804870069026947}",Worcester,,320
E09000004,336721.6,300689.7,372753.4,"{""net_additional_dwellings"": -5466.470703125, ""job_density"": 2141.957275390625, ""population"": 184.940673828125}",329420.1,271662.4,387177.8,"{""net_additional_dwellings"": -2570.244140625, ""job_density"": -6187.95703125, ""population"": -380.76055908203125}",351096.9,278812.9,423381,"{""net_additional_dwellings"": -3701.49755859375, ""job_density"": -5312.47314453125, ""population"": -654.7259521484375}",351804.7,265665.1,437944.3,"{""net_additional_dwellings"": -4134.939453125, ""job_density"": -3828.349365234375, ""population"": -1304.060546875}",386618.8,313674.1,459563.6,"{""net_additional_dwellings"": -3447.08642578125, ""job_density"": 57.8155517578125, ""population"": -577.904541015625}",11.3,9.8,12.7,"{""net_additional_dwellings"": -0.9410255551338196, ""job_density"": -1.2758240699768066, ""population"": 0.07839052379131317}",11.2,9.6,12.8,"{""net_additional_dwellings"": -0.28876787424087524, ""job_density"": -0.13885128498077393, ""population"": -0.032038554549217224}",10.8,8.8,12.9,"{""net_additional_dwellings"": -1.2269306182861328, ""job_density"": -1.0037075281143188, ""population"": 0.007772347889840603}",11.2,8.8,13.6,"{""net_additional_dwellings"": -2.26863694190979, ""job_density"": -1.4162598848342896, ""population"": 0.4428028464317322}",12,9.2,14.8,"{""net_additional_dwellings"": -1.2743257284164429, ""job_density"": -0.0530795156955719, ""population"": 0.6149283647537231}",Wychavon,,321
E09000005,248051.6,221508.2,274595.1,"{""net_additional_dwellings"": 12732.6787109375, ""job_density"": -2436.712890625, ""population"": 749.4617919921875}",249886.1,206073.2,293699,"{""net_additional_dwellings"": 15140.4306640625, ""job_density"": -765.191650390625, ""population"": -2356.109619140625}",253957.8,201672.8,306242.8,"{""net_additional_dwellings"": 26312.10546875, ""job_density"": -5206.525390625, ""population"": -8530.8759765625}",266068.5,200921.5,331215.6,"{""net_additional_dwellings"": 688.888916015625, ""job_density"": -2585.524169921875, ""population"": -1035.1842041015625}",278572.3,226013.1,331131.5,"{""net_additional_dwellings"": 378.31494140625, ""job_density"": 376.906494140625, ""population"": -2706.714111328125}",9.3,8.1,10.5,"{""net_additional_dwellings"": 0.11722557991743088, ""job_density"": -1.0546131134033203, ""population"": 0.019958965480327606}",9.9,8.5,11.3,"{""net_additional_dwellings"": 0.7518208622932434, ""job_density"": 0.3646237254142761, ""population"": -0.24399492144584656}",10,8.1,11.9,"{""net_additional_dwellings"": 0.7417354583740234, ""job_density"": -0.6293639540672302, ""population"": -0.30055323243141174}",10.1,7.9,12.3,"{""net_additional_dwellings"": -0.4030287265777588, ""job_density"": -0.507915198802948, ""population"": -0.35238686203956604}",10,7.7,12.3,"{""net_additional_dwellings"": 0.10348604619503021, ""job_density"": -0.6229498386383057, ""population"": -0.11802434921264648}",Wyre Forest,,322
E09000006,646142.8,577000.5,715285.2,"{""net_additional_dwellings"": 5489.787109375, ""job_density"": -9263.013671875, ""population"": 6153.8525390625}",676902.1,558219.9,795584.4,"{""net_additional_dwellings"": 6129.37841796875, ""job_density"": -28742.48828125, ""population"": 5237.19091796875}",660909.1,524840.7,796977.4,"{""net_additional_dwellings"": 12839.5986328125, ""job_density"": -11297.380859375, ""population"": 8860.44140625}",683714.2,516306.3,851122.1,"{""net_additional_dwellings"": 9140.8310546875, ""job_density"": -26162.94921875, ""population"": 3044.87646484375}",738815.5,599420.6,878210.4,"{""net_additional_dwellings"": 6576.7958984375, ""job_density"": -15711.98046875, ""population"": 1405.8221435546875}",19.8,17.2,22.3,"{""net_additional_dwellings"": -0.04392459988594055, ""job_density"": -1.2775827646255493, ""population"": -0.011790167540311813}",18.5,15.8,21.2,"{""net_additional_dwellings"": -0.5683189034461975, ""job_density"": -0.8624777793884277, ""population"": 0.08404359221458435}",19.9,16.1,23.7,"{""net_additional_dwellings"": -0.6107009649276733, ""job_density"": -0.5471850633621216, ""population"": 0.01763349026441574}",20.7,16.3,25.2,"{""net_additional_dwellings"": -0.44748350977897644, ""job_density"": -0.7922265529632568, ""population"": 0.4743625819683075}",21.1,16.3,26,"{""net_additional_dwellings"": 0.06225033849477768, ""job_density"": -0.8382531404495239, ""population"": 0.7686142325401306}",St Albans,,323
E09000007,474306.8,423552.3,525061.4,"{""net_additional_dwellings"": 6329.951171875, ""job_density"": -5029.44677734375, ""population"": 602.4993896484375}",521946.2,430432.6,613459.8,"{""net_additional_dwellings"": 2474.3095703125, ""job_density"": 359.4385986328125, ""population"": -1643.5169677734375}",548974.1,435951,661997.3,"{""net_additional_dwellings"": 9215.3359375, ""job_density"": -19271.53125, ""population"": -5882.62646484375}",628580.8,474672.3,782489.2,"{""net_additional_dwellings"": 4833.24560546875, ""job_density"": -2090.677490234375, ""population"": -7131.64990234375}",644388.3,522809.3,765967.3,"{""net_additional_dwellings"": 3397.342529296875, ""job_density"": -4980.9150390625, ""population"": -3881.1875}",11.9,10.4,13.5,"{""net_additional_dwellings"": -0.3996807336807251, ""job_density"": -0.6590285301208496, ""population"": 0.0894307866692543}",13.6,11.7,15.6,"{""net_additional_dwellings"": 1.2193727493286133, ""job_density"": -0.7468393445014954, ""population"": 0.10382222384214401}",15,12.1,17.8,"{""net_additional_dwellings"": 0.35352131724357605, ""job_density"": -0.5333124995231628, ""population"": -0.10030118376016617}",16.2,12.7,19.7,"{""net_additional_dwellings"": -1.2895863056182861, ""job_density"": -0.7058262825012207, ""population"": -0.18499499559402466}",16.2,12.5,20,"{""net_additional_dwellings"": 1.0855929851531982, ""job_density"": -0.950878381729126, ""population"": 0.36559122800827026}",Welwyn Hatfield,,324
E09000008,459868.2,410658.7,509077.7,"{""net_additional_dwellings"": -7811.62451171875, ""job_density"": -5458.1337890625, ""population"": -104.377197265625}",488144.4,402557.4,573731.5,"{""net_additional_dwellings"": -13812.07421875, ""job_density"": -10822.935546875, ""population"": 1367.5123291015625}",511556.7,406237,616876.3,"{""net_additional_dwellings"": -21092.85546875, ""job_density"": 3491.014404296875, ""population"": -2565.65380859375}",576529.4,435365.8,717693,"{""net_additional_dwellings"": -9325.28515625, ""job_density"": -12703.923828125, ""population"": -3616.640380859375}",635899.4,515922,755876.8,"{""net_additional_dwellings"": -573.0205078125, ""job_density"": -9459.150390625, ""population"": -1492.3992919921875}",13.2,11.5,14.9,"{""net_additional_dwellings"": -0.8340842723846436, ""job_density"": -1.0529747009277344, ""population"": 0.02571284770965576}",13.8,11.8,15.8,"{""net_additional_dwellings"": -0.368130087852478, ""job_density"": -0.7869182825088501, ""population"": 0.11057943105697632}",14.7,11.9,17.5,"{""net_additional_dwellings"": -0.8551983833312988, ""job_density"": -0.9590326547622681, ""population"": 0.05195997282862663}",17.3,13.6,21,"{""net_additional_dwellings"": -3.056661367416382, ""job_density"": -0.9395409822463989, ""population"": 0.6170830726623535}",16.5,12.7,20.3,"{""net_additional_dwellings"": -2.0314979553222656, ""job_density"": -0.7013231515884399, ""population"": 0.7833009958267212}",East Hertfordshire,,325
E09000009,348886,311552.5,386219.5,"{""net_additional_dwellings"": 13559.7080078125, ""job_density"": -6312.2646484375, ""population"": -1635.9892578125}",376044.1,310111.7,441976.5,"{""net_additional_dwellings"": 21226.962890625, ""job_density"": -7451.6689453125, ""population"": -4081.37255859375}",408438.8,324349.2,492528.5,"{""net_additional_dwellings"": 59680.2578125, ""job_density"": -11740.94921875, ""population"": -13218.482421875}",384740.2,290536.3,478944.1,"{""net_additional_dwellings"": 6204.6650390625, ""job_density"": -6693.96826171875, ""population"": -3891.53955078125}",405993.7,329393.4,482594,"{""net_additional_dwellings"": 9578.0400390625, ""job_density"": -6205.654296875, ""population"": -5909.41552734375}",9.6,8.3,10.8,"{""net_additional_dwellings"": 0.07496536523103714, ""job_density"": -0.8842801451683044, ""population"": -0.12182015180587769}",10.3,8.8,11.8,"{""net_additional_dwellings"": 1.389487385749817, ""job_density"": -0.7101714015007019, ""population"": -0.21195507049560547}",10.4,8.4,12.4,"{""net_additional_dwellings"": 1.8063164949417114, ""job_density"": -0.9911457896232605, ""population"": -0.4040415287017822}",11.2,8.8,13.7,"{""net_additional_dwellings"": 0.4865397810935974, ""job_density"": -0.551821231842041, ""population"": -0.7539311051368713}",11.9,9.2,14.7,"{""net_additional_dwellings"": 0.4367173910140991, ""job_density"": -0.9714820384979248, ""population"": -0.5626034736633301}",Stevenage,,326
E09000010,313893,280304,347482,"{""net_additional_dwellings"": -6488.56640625, ""job_density"": 1895.9305419921875, ""population"": 1436.08203125}",324864.7,267905.7,381823.7,"{""net_additional_dwellings"": -4766.80322265625, ""job_density"": -1784.1632080078125, ""population"": 3620.72900390625}",332428.5,263987.9,400869.1,"{""net_additional_dwellings"": -10945.0341796875, ""job_density"": -7825.59423828125, ""population"": 9080.005859375}",342230.7,258435.3,426026.2,"{""net_additional_dwellings"": -6763.8525390625, ""job_density"": -4588.45556640625, ""population"": 5267.06494140625}",368083.2,298635.7,437530.8,"{""net_additional_dwellings"": -8756.595703125, ""job_density"": -978.5820922851562, ""population"": 11235.5537109375}",9.9,8.6,11.1,"{""net_additional_dwellings"": -0.8165614604949951, ""job_density"": -0.5132709741592407, ""population"": 0.17291909456253052}",10,8.5,11.4,"{""net_additional_dwellings"": -0.6596253514289856, ""job_density"": -0.12756755948066711, ""population"": 0.28017786145210266}",10.5,8.4,12.5,"{""net_additional_dwellings"": -0.9100908041000366, ""job_density"": -0.8070598840713501, ""population"": 0.4380795955657959}",10.1,7.9,12.3,"{""net_additional_dwellings"": -2.825777530670166, ""job_density"": -0.9525399804115295, ""population"": 0.781575083732605}",11.2,8.6,13.7,"{""net_additional_dwellings"": -1.505135416984558, ""job_density"": 0.03789004683494568, ""population"": 0.7682161927223206}",East Suffolk,,327
E09000011,332208.7,296659.7,367757.6,"{""net_additional_dwellings"": -7872.8203125, ""job_density"": -2595.99755859375, ""population"": 1342.432373046875}",342324.5,282304.2,402344.7,"{""net_additional_dwellings"": -4340.0498046875, ""job_density"": -11511.10546875, ""population"": 2774.279296875}",357836.2,284164.6,431507.7,"{""net_additional_dwellings"": -7044.802734375, ""job_density"": -12147.669921875, ""population"": 5481.70654296875}",365455.7,275973.6,454937.7,"{""net_additional_dwellings"": -6743.02099609375, ""job_density"": -4671.724609375, ""population"": 5354.60693359375}",376958.1,305836,448080.1,"{""net_additional_dwellings"": -7016.791015625, ""job_density"": -2127.875244140625, ""population"": 8986.896484375}",9.4,8.2,10.6,"{""net_additional_dwellings"": -0.8595598936080933, ""job_density"": -1.0672509670257568, ""population"": 0.11970175802707672}",10.2,8.7,11.7,"{""net_additional_dwellings"": -0.6558175683021545, ""job_density"": -1.0041258335113525, ""population"": 0.20924112200737}",10.5,8.5,12.6,"{""net_additional_dwellings"": -0.9081661701202393, ""job_density"": -0.6178070306777954, ""population"": 0.2862967550754547}",10.9,8.6,13.3,"{""net_additional_dwellings"": -3.1412506103515625, ""job_density"": -1.0249340534210205, ""population"": 0.6733150482177734}",11.1,8.5,13.7,"{""net_additional_dwellings"": -1.6338599920272827, ""job_density"": -0.5616623163223267, ""population"": 0.9149202108383179}",West Suffolk,,328
E09000012,188609.2,168426.6,208791.9,"{""net_additional_dwellings"": -2450.772216796875, ""job_density"": -1306.35791015625, ""population"": 1279.3326416015625}",186014.6,153400.4,218628.8,"{""net_additional_dwellings"": -1327.62548828125, ""job_density"": -718.568603515625, ""population"": 3666.0546875}",191342.9,151949.1,230736.7,"{""net_additional_dwellings"": -11317.8896484375, ""job_density"": -2086.70947265625, ""population"": 7524.544921875}",200751.8,151597.6,249906,"{""net_additional_dwellings"": -5769.42138671875, ""job_density"": -2235.408935546875, ""population"": 754.703369140625}",219755.4,178293.4,261217.4,"{""net_additional_dwellings"": -5898.98974609375, ""job_density"": 2127.940673828125, ""population"": 3962.77099609375}",7.3,6.4,8.2,"{""net_additional_dwellings"": -0.42797887325286865, ""job_density"": -0.6817324161529541, ""population"": 0.1284918487071991}",7.4,6.3,8.4,"{""net_additional_dwellings"": -0.781570553779602, ""job_density"": 0.339470773935318, ""population"": 0.3270476460456848}",7.4,6,8.8,"{""net_additional_dwellings"": -1.4619207382202148, ""job_density"": -0.19511151313781738, ""population"": 0.4046608507633209}",7.8,6.1,9.5,"{""net_additional_dwellings"": -1.9688732624053955, ""job_density"": -0.4648705720901489, ""population"": 0.7189251780509949}",7.3,5.6,9,"{""net_additional_dwellings"": -0.7223325371742249, ""job_density"": -0.012404918670654297, ""population"": 0.7687373161315918}",Bolton,,329
E09000013,239199.2,213603,264795.4,"{""net_additional_dwellings"": 8354.7724609375, ""job_density"": -3078.67431640625, ""population"": 2043.8900146484375}",237883.6,196175.2,279592.1,"{""net_additional_dwellings"": 11307.224609375, ""job_density"": -791.2234497070312, ""population"": 4313.23974609375}",241581.7,191844.7,291318.7,"{""net_additional_dwellings"": 38605.60546875, ""job_density"": 4396.0400390625, ""population"": 5410.74853515625}",255266.1,192764,317768.2,"{""net_additional_dwellings"": 5439.58837890625, ""job_density"": -1039.3382568359375, ""population"": 3192.6015625}",257714.8,209090.8,306338.8,"{""net_additional_dwellings"": 5784.43798828125, ""job_density"": 570.426513671875, ""population"": 7227.828125}",8.7,7.6,9.8,"{""net_additional_dwellings"": -0.23024198412895203, ""job_density"": -1.1867165565490723, ""population"": 0.19216081500053406}",8.6,7.4,9.9,"{""net_additional_dwellings"": 0.702466607093811, ""job_density"": 0.29027295112609863, ""population"": 0.39625102281570435}",9,7.3,10.7,"{""net_additional_dwellings"": 0.8075459003448486, ""job_density"": -0.25700196623802185, ""population"": 0.30505049228668213}",9.3,7.3,11.3,"{""net_additional_dwellings"": 0.40149199962615967, ""job_density"": -0.6292883157730103, ""population"": 0.41715478897094727}",9.7,7.4,11.9,"{""net_additional_dwellings"": 0.9219180345535278, ""job_density"": -0.06303483247756958, ""population"": 0.7590710520744324}",Bury,,330
E09000014,267290.7,238688.5,295892.9,"{""net_additional_dwellings"": -15058.1640625, ""job_density"": 963.4781494140625, ""population"": 1588.9561767578125}",263300.7,217135.8,309465.6,"{""net_additional_dwellings"": -16215.1015625, ""job_density"": -4254.96875, ""population"": 6349.98291015625}",266739.9,211823.3,321656.5,"{""net_additional_dwellings"": -35051.93359375, ""job_density"": -9128.0400390625, ""population"": 16869.59375}",272768.3,205980.8,339555.9,"{""net_additional_dwellings"": -12681.3857421875, ""job_density"": 395.077392578125, ""population"": 2415.492431640625}",270611.6,219554.3,321668.8,"{""net_additional_dwellings"": -15091.1318359375, ""job_density"": -2696.366455078125, ""population"": 6046.333984375}",8.1,7,9.1,"{""net_additional_dwellings"": -1.3679256439208984, ""job_density"": -0.46891096234321594, ""population"": 0.23708568513393402}",8.1,6.9,9.2,"{""net_additional_dwellings"": -1.281273365020752, ""job_density"": -0.5668759346008301, ""population"": 0.3936845660209656}",8.3,6.7,9.9,"{""net_additional_dwellings"": -1.0720957517623901, ""job_density"": -0.5767712593078613, ""population"": 0.5306186676025391}",8.6,6.7,10.4,"{""net_additional_dwellings"": -3.5663459300994873, ""job_density"": -0.8032698035240173, ""population"": 0.7145995497703552}",8.1,6.2,10,"{""net_additional_dwellings"": -3.2626659870147705, ""job_density"": -0.8726558685302734, ""population"": 0.633091926574707}",Manchester,,331
E09000015,187832.4,167732.9,207931.9,"{""net_additional_dwellings"": 431.6073913574219, ""job_density"": -880.4926147460938, ""population"": 1111.6446533203125}",185626.5,153080.3,218172.6,"{""net_additional_dwellings"": 2293.1533203125, ""job_density"": -297.1138610839844, ""population"": 3361.550537109375}",188149.3,149413,226885.6,"{""net_additional_dwellings"": 8566.640625, ""job_density"": 3067.8447265625, ""population"": 6013.53662109375}",194869.1,147155.3,242583,"{""net_additional_dwellings"": -4260.02783203125, ""job_density"": 1445.89306640625, ""population"": 1916.6898193359375}",196364.7,159315.9,233413.5,"{""net_additional_dwellings"": 266.37188720703125, ""job_density"": 1501.014404296875, ""population"": 3743.68603515625}",7.3,6.4,8.3,"{""net_additional_dwellings"": -0.966023325920105, ""job_density"": -0.842908501625061, ""population"": 0.1802215278148651}",7.7,6.6,8.9,"{""net_additional_dwellings"": -0.23364987969398499, ""job_density"": 0.29221147298812866, ""population"": 0.30414581298828125}",7.2,5.8,8.6,"{""net_additional_dwellings"": -1.1349891424179077, ""job_density"": 0.23091328144073486, ""population"": 0.4105581045150757}",8.2,6.5,10,"{""net_additional_dwellings"": -1.3182358741760254, ""job_density"": -0.7463483810424805, ""population"": 0.6947630047798157}",7.4,5.7,9.1,"{""net_additional_dwellings"": -0.08982332795858383, ""job_density"": -0.5410649180412292, ""population"": 0.7369349002838135}",Oldham,,332
E09000016,187800.4,167704.3,207896.5,"{""net_additional_dwellings"": -4877.71044921875, ""job_density"": -853.49951171875, ""population"": 739.23828125}",182540.5,150535.4,214545.5,"{""net_additional_dwellings"": -2042.939208984375, ""job_density"": 803.606201171875, ""population"": 3313.348388671875}",187083.9,148567,225600.9,"{""net_additional_dwellings"": -2172.822265625, ""job_density"": 1586.1083984375, ""population"": 6147.10546875}",192967.5,145719.2,240215.7,"{""net_additional_dwellings"": -5437.447265625, ""job_density"": 442.4327697753906, ""population"": 1393.01806640625}",213101.1,172894.6,253307.7,"{""net_additional_dwellings"": -8523.607421875, ""job_density"": -344.70184326171875, ""population"": 3400.086181640625}",7.3,6.4,8.3,"{""net_additional_dwellings"": -1.1243234872817993, ""job_density"": -0.8131228089332581, ""population"": 0.10800991207361221}",7.6,6.5,8.6,"{""net_additional_dwellings"": -1.007824420928955, ""job_density"": 0.2182486206293106, ""population"": 0.17261242866516113}",7.2,5.8,8.5,"{""net_additional_dwellings"": -1.4505752325057983, ""job_density"": 0.24011263251304626, ""population"": 0.34237319231033325}",7.7,6.1,9.4,"{""net_additional_dwellings"": -2.4501190185546875, ""job_density"": -0.7484296560287476, ""population"": 0.5967368483543396}",7.4,5.7,9.1,"{""net_additional_dwellings"": -1.0169718265533447, ""job_density"": -0.13815218210220337, ""population"": 0.7354833483695984}",Rochdale,,333
E09000017,234085.2,209036.2,259134.1,"{""net_additional_dwellings"": -18926.78515625, ""job_density"": 3833.22021484375, ""population"": 2750.1376953125}",230080.6,189740.2,270420.9,"{""net_additional_dwellings"": -17199.609375, ""job_density"": -1892.06591796875, ""population"": 3915.4990234375}",219190.5,174063.4,264317.5,"{""net_additional_dwellings"": -45034.97265625, ""job_density"": 314.37548828125, ""population"": 8931.46875}",242118.4,182835.6,301401.3,"{""net_additional_dwellings"": -13816.408203125, ""job_density"": -2174.8212890625, ""population"": 2226.172119140625}",244593.5,198445.1,290741.8,"{""net_additional_dwellings"": -17265.8671875, ""job_density"": -2081.88232421875, ""population"": 7245.43359375}",8.2,7.2,9.3,"{""net_additional_dwellings"": -1.5661677122116089, ""job_density"": -0.5273445248603821, ""population"": 0.16780680418014526}",8,6.8,9.1,"{""net_additional_dwellings"": -1.534273386001587, ""job_density"": -0.2035267949104309, ""population"": 0.29359111189842224}",8,6.4,9.5,"{""net_additional_dwellings"": -1.0554437637329102, ""job_density"": -0.26568740606307983, ""population"": 0.40376952290534973}",8.2,6.4,9.9,"{""net_additional_dwellings"": -3.644627094268799, ""job_density"": -0.9477697610855103, ""population"": 0.6802268028259277}",8.8,6.8,10.9,"{""net_additional_dwellings"": -3.1956071853637695, ""job_density"": -0.2794153094291687, ""population"": 0.7326810956001282}",Salford,,334
E09000018,286905.3,256204.2,317606.5,"{""net_additional_dwellings"": -5710.73828125, ""job_density"": 2198.345458984375, ""population"": 2874.71142578125}",313332.4,258395.3,368269.4,"{""net_additional_dwellings"": 2264.471435546875, ""job_density"": -4550.61328125, ""population"": 4949.0712890625}",317874.1,252430,383318.2,"{""net_additional_dwellings"": 14047.6630859375, ""job_density"": -1797.294921875, ""population"": 8497.30078125}",313932.4,237065.9,390799,"{""net_additional_dwellings"": -4455.8310546875, ""job_density"": -4641.30224609375, ""population"": 2932.953369140625}",325151.1,263803.7,386498.5,"{""net_additional_dwellings"": -2491.086669921875, ""job_density"": -3914.701416015625, ""population"": 6944.84228515625}",9.6,8.4,10.8,"{""net_additional_dwellings"": -0.4199947416782379, ""job_density"": -0.4239249527454376, ""population"": 0.12692801654338837}",9.7,8.3,11.1,"{""net_additional_dwellings"": -0.3629205822944641, ""job_density"": -0.35798564553260803, ""population"": 0.39975976943969727}",9.8,8,11.7,"{""net_additional_dwellings"": -1.183330774307251, ""job_density"": -0.5601266622543335, ""population"": 0.4903668761253357}",10.3,8.1,12.5,"{""net_additional_dwellings"": -2.0455942153930664, ""job_density"": -0.8355954885482788, ""population"": 0.7753682136535645}",10.7,8.2,13.1,"{""net_additional_dwellings"": -0.27478718757629395, ""job_density"": -0.472087025642395, ""population"": 0.7968647480010986}",Stockport,,335
E09000019,208411.4,186109.7,230713,"{""net_additional_dwellings"": 6101.7626953125, ""job_density"": -1642.6298828125, ""population"": 1222.0233154296875}",213570.2,176124.7,251015.8,"{""net_additional_dwellings"": 7032.3623046875, ""job_density"": 6629.958984375, ""population"": 3849.3193359375}",226567,179921.3,273212.8,"{""net_additional_dwellings"": 11725.6640625, ""job_density"": 23958.65234375, ""population"": 7235.9990234375}",219599.7,165830.5,273368.8,"{""net_additional_dwellings"": 2106.9404296875, ""job_density"": 2919.34765625, ""population"": 2229.6767578125}",231099.2,187496.9,274701.5,"{""net_additional_dwellings"": -155.87179565429688, ""job_density"": 5925.9794921875, ""population"": 4280.56689453125}",8.2,7.1,9.2,"{""net_additional_dwellings"": -0.16403284668922424, ""job_density"": -0.9530057907104492, ""population"": 0.1806904375553131}",8.2,7,9.4,"{""net_additional_dwellings"": -0.2763645648956299, ""job_density"": 0.5516826510429382, ""population"": 0.2681393623352051}",8.3,6.7,9.9,"{""net_additional_dwellings"": -0.32855623960494995, ""job_density"": 1.0198235511779785, ""population"": 0.3527705669403076}",9.1,7.1,11,"{""net_additional_dwellings"": -0.1923844814300537, ""job_density"": 0.17921775579452515, ""population"": 0.6518582105636597}",8.2,6.3,10.2,"{""net_additional_dwellings"": 0.34002965688705444, ""job_density"": 0.5566821694374084, ""population"": 0.7638429999351501}",Tameside,,336
E09000020,411775.3,367712.1,455838.5,"{""net_additional_dwellings"": -5359.86376953125, ""job_density"": 29.554931640625, ""population"": 3092.688720703125}",437132.2,360489.1,513775.2,"{""net_additional_dwellings"": -11521.2685546875, ""job_density"": 754.0503540039062, ""population"": 9685.724609375}",435556,345883.4,525228.5,"{""net_additional_dwellings"": -11280.22265625, ""job_density"": -10865.109375, ""population"": 13457.509765625}",441063.5,333068.8,549058.2,"{""net_additional_dwellings"": -4007.7529296875, ""job_density"": 2763.598388671875, ""population"": 5331.05810546875}",474207.8,384737.3,563678.3,"{""net_additional_dwellings"": -2540.89404296875, ""job_density"": -701.4495239257812, ""population"": 10361.14453125}",11,9.6,12.4,"{""net_additional_dwellings"": -0.4788280427455902, ""job_density"": -0.5002415776252747, ""population"": 0.18138590455055237}",11.4,9.8,13.1,"{""net_additional_dwellings"": -0.5318472981452942, ""job_density"": -0.4528293013572693, ""population"": 0.24306383728981018}",11.9,9.6,14.2,"{""net_additional_dwellings"": -0.09577488899230957, ""job_density"": -0.4463176131248474, ""population"": 0.3904218375682831}",12,9.4,14.6,"{""net_additional_dwellings"": -2.857383966445923, ""job_density"": -0.5123251676559448, ""population"": 0.7603621482849121}",12.5,9.6,15.4,"{""net_additional_dwellings"": -1.6957722902297974, ""job_density"": -0.9976553916931152, ""population"": 0.7044413089752197}",Trafford,,337
E09000021,180070,160801.1,199338.9,"{""net_additional_dwellings"": -13634.572265625, ""job_density"": -1443.973388671875, ""population"": 1304.17138671875}",179757.3,148240.2,211274.5,"{""net_additional_dwellings"": -10227.5458984375, ""job_density"": 2557.779296875, ""population"": 3121.514404296875}",180038.2,142971.8,217104.6,"{""net_additional_dwellings"": -14169.220703125, ""job_density"": 2681.630859375, ""population"": 10217.2587890625}",196419,148325.7,244512.3,"{""net_additional_dwellings"": -8832.8232421875, ""job_density"": 1122.68115234375, ""population"": 2171.682373046875}",193791,157227.8,230354.3,"{""net_additional_dwellings"": -11110.1181640625, ""job_density"": 749.646728515625, ""population"": 5057.4208984375}",7.1,6.2,8,"{""net_additional_dwellings"": -1.4550162553787231, ""job_density"": -0.7664504647254944, ""population"": 0.13127437233924866}",7.2,6.1,8.2,"{""net_additional_dwellings"": -1.353771686553955, ""job_density"": 0.2154874950647354, ""population"": 0.24623608589172363}",7,5.7,8.4,"{""net_additional_dwellings"": -1.3711936473846436, ""job_density"": 0.3719232678413391, ""population"": 0.36220088601112366}",7.2,5.7,8.8,"{""net_additional_dwellings"": -2.9536283016204834, ""job_density"": -0.6056562662124634, ""population"": 0.7287147641181946}",6.8,5.3,8.4,"{""net_additional_dwellings"": -2.542332649230957, ""job_density"": -0.07546377182006836, ""population"": 0.7062464952468872}",Wigan,,338
E09000022,184135.8,164431.8,203839.8,"{""net_additional_dwellings"": -6964.23583984375, ""job_density"": 1304.23828125, ""population"": 868.8419799804688}",174892.4,144228.3,205556.6,"{""net_additional_dwellings"": -6047.2666015625, ""job_density"": -1659.0999755859375, ""population"": 945.535400390625}",184679.9,146657.9,222701.9,"{""net_additional_dwellings"": -2838.1884765625, ""job_density"": 3223.7431640625, ""population"": 4090.921630859375}",203081.9,153357.1,252806.6,"{""net_additional_dwellings"": -7460.85498046875, ""job_density"": -2681.34814453125, ""population"": 162.80258178710938}",205610.8,166817.5,244404.2,"{""net_additional_dwellings"": -10689.1181640625, ""job_density"": 818.1102294921875, ""population"": 1084.690673828125}",6.5,5.6,7.3,"{""net_additional_dwellings"": -1.1328718662261963, ""job_density"": -0.6597104072570801, ""population"": -0.03167999908328056}",6.8,5.8,7.7,"{""net_additional_dwellings"": -1.1168372631072998, ""job_density"": 0.07545136660337448, ""population"": 0.12108144164085388}",6.6,5.3,7.9,"{""net_additional_dwellings"": -0.5017598867416382, ""job_density"": -0.5120445489883423, ""population"": -0.016330018639564514}",7.3,5.7,8.8,"{""net_additional_dwellings"": -3.103452205657959, ""job_density"": -0.546579122543335, ""population"": 0.4157918691635132}",6.9,5.3,8.4,"{""net_additional_dwellings"": -1.480209469795227, ""job_density"": -0.18264466524124146, ""population"": 0.7814955711364746}",Knowsley,,339
E09000023,176744.8,157831.7,195657.9,"{""net_additional_dwellings"": -11250.892578125, ""job_density"": 472.4473571777344, ""population"": 1376.615234375}",178169.5,146930.8,209408.3,"{""net_additional_dwellings"": -9302.0546875, ""job_density"": -3529.59912109375, ""population"": 3194.960205078125}",176320.2,140019.3,212621.2,"{""net_additional_dwellings"": -19821.828125, ""job_density"": -2838.11328125, ""population"": 11513.53515625}",185963.4,140430.1,231496.6,"{""net_additional_dwellings"": -9128.44921875, ""job_density"": -2962.302490234375, ""population"": 3476.653564453125}",187229.8,151904.5,222555.1,"{""net_additional_dwellings"": -11951.046875, ""job_density"": -5261.1279296875, ""population"": 5119.173828125}",6,5.3,6.8,"{""net_additional_dwellings"": -1.3796473741531372, ""job_density"": -0.5278927087783813, ""population"": 0.1707552969455719}",6.2,5.3,7.1,"{""net_additional_dwellings"": -1.4669036865234375, ""job_density"": -0.5692383050918579, ""population"": 0.26394662261009216}",6.1,4.9,7.2,"{""net_additional_dwellings"": -0.7999988794326782, ""job_density"": -0.4210578501224518, ""population"": 0.3881569504737854}",6.4,5,7.8,"{""net_additional_dwellings"": -3.4243805408477783, ""job_density"": -0.6961974501609802, ""population"": 0.757644772529602}",6.1,4.7,7.4,"{""net_additional_dwellings"": -2.49155592918396, ""job_density"": -0.7050423622131348, ""population"": 0.6565504670143127}",Liverpool,,340
E09000024,174376,155716.4,193035.6,"{""net_additional_dwellings"": -2440.67529296875, ""job_density"": -877.6414184570312, ""population"": 1190.3662109375}",166509.9,137315.5,195704.3,"{""net_additional_dwellings"": -1007.6339111328125, ""job_density"": 3245.93701171875, ""population"": 2553.5029296875}",170909,135722.1,206095.8,"{""net_additional_dwellings"": 4711.38427734375, ""job_density"": 14656.740234375, ""population"": 5408.43017578125}",173822.6,131262,216383.1,"{""net_additional_dwellings"": 1398.862548828125, ""job_density"": 2320.593505859375, ""population"": 1311.5830078125}",170744,138529.1,202958.9,"{""net_additional_dwellings"": 1724.205322265625, ""job_density"": 2662.0693359375, ""population"": 2946.25341796875}",6.7,5.8,7.5,"{""net_additional_dwellings"": -0.9560419321060181, ""job_density"": -0.6512361764907837, ""population"": 0.1582675725221634}",6.5,5.6,7.5,"{""net_additional_dwellings"": -0.6602671146392822, ""job_density"": -0.005237370729446411, ""population"": 0.1999129354953766}",6.6,5.3,7.8,"{""net_additional_dwellings"": -0.8367534875869751, ""job_density"": 0.6327975988388062, ""population"": 0.2658136785030365}",6.6,5.2,8.1,"{""net_additional_dwellings"": -2.0397157669067383, ""job_density"": -0.2561073303222656, ""population"": 0.5735061168670654}",6.7,5.1,8.2,"{""net_additional_dwellings"": -0.2826153039932251, ""job_density"": -0.2364715337753296, ""population"": 0.7499448657035828}",St. Helens,,341
E09000025,209595.4,187167,232023.7,"{""net_additional_dwellings"": -8846.3369140625, ""job_density"": 17.9615478515625, ""population"": 1396.7705078125}",215280.1,177534.8,253025.5,"{""net_additional_dwellings"": -5579.240234375, ""job_density"": 6216.3623046875, ""population"": 4331.81005859375}",219074.9,173971.6,264178.2,"{""net_additional_dwellings"": -13364.7333984375, ""job_density"": 11171.443359375, ""population"": 7634.2060546875}",231120.1,174530.2,287710,"{""net_additional_dwellings"": -9093.16796875, ""job_density"": 2333.300537109375, ""population"": 2049.743408203125}",244172.8,198103.9,290241.8,"{""net_additional_dwellings"": -11419.1767578125, ""job_density"": 3626.315185546875, ""population"": 5771.89599609375}",8.2,7.1,9.2,"{""net_additional_dwellings"": -0.8718471527099609, ""job_density"": -0.7337886095046997, ""population"": 0.1890835464000702}",8.2,7,9.4,"{""net_additional_dwellings"": -1.333466649055481, ""job_density"": 0.1726282238960266, ""population"": 0.26281338930130005}",8,6.4,9.5,"{""net_additional_dwellings"": -1.2413206100463867, ""job_density"": 0.5589351058006287, ""population"": 0.42592018842697144}",8.5,6.6,10.3,"{""net_additional_dwellings"": -2.8288393020629883, ""job_density"": -0.22405484318733215, ""population"": 0.6372818946838379}",8.2,6.3,10,"{""net_additional_dwellings"": -1.2324284315109253, ""job_density"": 0.08244210481643677, ""population"": 0.8018391132354736}",Sefton,,342
E09000026,217049,193823.1,240275,"{""net_additional_dwellings"": -5556.44677734375, ""job_density"": -162.2703857421875, ""population"": 2287.13232421875}",215868,178019.5,253716.4,"{""net_additional_dwellings"": -3193.632568359375, ""job_density"": 4314.95703125, ""population"": 4238.17138671875}",214767,170550.6,258983.4,"{""net_additional_dwellings"": -5633.23193359375, ""job_density"": 5947.54296875, ""population"": 10304.404296875}",227116.4,171506.8,282726,"{""net_additional_dwellings"": -6634.232421875, ""job_density"": 3168.931640625, ""population"": 2337.741943359375}",240443.2,195077.9,285808.5,"{""net_additional_dwellings"": -8608.845703125, ""job_density"": 3371.23046875, ""population"": 5312.24609375}",8.2,7.1,9.2,"{""net_additional_dwellings"": -0.8933306932449341, ""job_density"": -0.8716164827346802, ""population"": 0.18407028913497925}",8.4,7.2,9.6,"{""net_additional_dwellings"": -1.066238284111023, ""job_density"": 0.27066367864608765, ""population"": 0.36188334226608276}",8,6.5,9.6,"{""net_additional_dwellings"": -1.4627562761306763, ""job_density"": 0.8546300530433655, ""population"": 0.43966424465179443}",8.2,6.5,10,"{""net_additional_dwellings"": -2.3245737552642822, ""job_density"": -0.4709646701812744, ""population"": 0.6650734543800354}",8.2,6.3,10,"{""net_additional_dwellings"": -0.7053353190422058, ""job_density"": 0.3994263708591461, ""population"": 0.8100989460945129}",Wirral,,343
E09000027,165551.7,147836.4,183267.1,"{""net_additional_dwellings"": -10242.001953125, ""job_density"": -3025.099853515625, ""population"": 1059.25927734375}",163596.1,134912.5,192279.6,"{""net_additional_dwellings"": -5775.412109375, ""job_density"": 149.33282470703125, ""population"": 2695.130615234375}",163070.2,129497.2,196643.2,"{""net_additional_dwellings"": -13919.7998046875, ""job_density"": -8387.767578125, ""population"": 6456.95947265625}",170893.1,129049.8,212736.4,"{""net_additional_dwellings"": -7392.65185546875, ""job_density"": -1922.904541015625, ""population"": 1295.6915283203125}",176589.8,143271.9,209907.6,"{""net_additional_dwellings"": -10796.630859375, ""job_density"": -60.30035400390625, ""population"": 3343.81884765625}",6.6,5.7,7.4,"{""net_additional_dwellings"": -1.110480546951294, ""job_density"": -0.7879636287689209, ""population"": 0.020297424867749214}",6.6,5.7,7.6,"{""net_additional_dwellings"": -1.1019880771636963, ""job_density"": 0.08473585546016693, ""population"": 0.2535402178764343}",6.4,5.2,7.7,"{""net_additional_dwellings"": -1.1124849319458008, ""job_density"": -0.41921624541282654, ""population"": 0.357582151889801}",6.6,5.2,8,"{""net_additional_dwellings"": -2.693065881729126, ""job_density"": -0.412799596786499, ""population"": 0.7327221632003784}",6.4,4.9,7.9,"{""net_additional_dwellings"": -2.1771321296691895, ""job_density"": -0.3934231400489807, ""population"": 0.6937938332557678}",Doncaster,,345
E09000028,184412.7,164679.1,204146.3,"{""net_additional_dwellings"": -4685.10986328125, ""job_density"": -4982.15380859375, ""population"": 1146.359619140625}",186906.2,154135.7,219676.8,"{""net_additional_dwellings"": -6255.01904296875, ""job_density"": -960.1614990234375, ""population"": 3190.016845703125}",186273.6,147923.5,224623.7,"{""net_additional_dwellings"": -10028.0, ""job_density"": -7990.3974609375, ""population"": 7693.37744140625}",202925,153238.7,252611.3,"{""net_additional_dwellings"": -6883.79833984375, ""job_density"": -76.71673583984375, ""population"": 1276.39013671875}",219391.5,177998.1,260784.8,"{""net_additional_dwellings"": -9809.4423828125, ""job_density"": -1370.49072265625, ""population"": 3649.489990234375}",7,6.1,7.8,"{""net_additional_dwellings"": -0.7686527967453003, ""job_density"": -0.9727131724357605, ""population"": 0.16401217877864838}",7.1,6.1,8.2,"{""net_additional_dwellings"": -1.060431718826294, ""job_density"": 0.2276328206062317, ""population"": 0.2925196886062622}",7,5.7,8.3,"{""net_additional_dwellings"": -1.267320156097412, ""job_density"": -0.2871701419353485, ""population"": 0.3962467610836029}",7.3,5.8,8.9,"{""net_additional_dwellings"": -2.6123783588409424, ""job_density"": -0.25868403911590576, ""population"": 0.754744291305542}",6.9,5.3,8.5,"{""net_additional_dwellings"": -1.6651322841644287, ""job_density"": -0.6194674968719482, ""population"": 0.7206469774246216}",Rotherham,,346
E09000029,198628,177373.3,219882.8,"{""net_additional_dwellings"": -12373.4453125, ""job_density"": 138.911376953125, ""population"": 1460.4324951171875}",214578.9,176956.5,252201.4,"{""net_additional_dwellings"": -5799.3955078125, ""job_density"": -7255.33642578125, ""population"": 3818.363037109375}",207251.7,164582.6,249920.8,"{""net_additional_dwellings"": -11546.3369140625, ""job_density"": -2479.31982421875, ""population"": 7919.3017578125}",220338,166388.1,274287.9,"{""net_additional_dwellings"": -9902.248046875, ""job_density"": -2425.123291015625, ""population"": 1299.0208740234375}",225306,182796.8,267815.3,"{""net_additional_dwellings"": -12258.9169921875, ""job_density"": -1532.16162109375, ""population"": 4933.20458984375}",6.6,5.7,7.4,"{""net_additional_dwellings"": -1.055290937423706, ""job_density"": -0.9074622392654419, ""population"": 0.11816083639860153}",6.6,5.6,7.5,"{""net_additional_dwellings"": -0.9655306935310364, ""job_density"": -0.9175963401794434, ""population"": 0.3521174192428589}",6.5,5.3,7.8,"{""net_additional_dwellings"": -1.2398555278778076, ""job_density"": -0.7427868247032166, ""population"": 0.43287134170532227}",6.7,5.2,8.1,"{""net_additional_dwellings"": -3.1701855659484863, ""job_density"": -0.749703049659729, ""population"": 0.7275246381759644}",6.6,5.1,8.1,"{""net_additional_dwellings"": -2.3588740825653076, ""job_density"": -0.6471342444419861, ""population"": 0.8280470371246338}",Newcastle upon Tyne,,348
E09000030,198778.4,177507.5,220049.2,"{""net_additional_dwellings"": -1841.9869384765625, ""job_density"": -1267.28955078125, ""population"": 1154.070068359375}",213425.7,176005.5,250846,"{""net_additional_dwellings"": 1674.548095703125, ""job_density"": -693.65576171875, ""population"": 4413.384765625}",207950.3,165137.3,250763.2,"{""net_additional_dwellings"": -3085.36767578125, ""job_density"": -5707.2431640625, ""population"": 5718.49169921875}",220796.9,166734.6,274859.1,"{""net_additional_dwellings"": -4991.90087890625, ""job_density"": -2246.08056640625, ""population"": 2534.80419921875}",224641.8,182257.9,267025.8,"{""net_additional_dwellings"": -6406.998046875, ""job_density"": 105.29397583007812, ""population"": 4487.8115234375}",7.4,6.5,8.4,"{""net_additional_dwellings"": -0.3357789218425751, ""job_density"": -1.0207699537277222, ""population"": 0.18822088837623596}",7.8,6.6,8.9,"{""net_additional_dwellings"": -0.5161451101303101, ""job_density"": 0.08385354280471802, ""population"": 0.296337366104126}",7.7,6.3,9.2,"{""net_additional_dwellings"": -0.8841201066970825, ""job_density"": -0.5579904317855835, ""population"": 0.2920264005661011}",7.9,6.2,9.6,"{""net_additional_dwellings"": -1.3930118083953857, ""job_density"": -0.49500730633735657, ""population"": 0.3832354247570038}",7.8,6,9.6,"{""net_additional_dwellings"": -0.7839754223823547, ""job_density"": -0.35724419355392456, ""population"": 0.7878677845001221}",North Tyneside,,349
E09000031,153444.8,137025,169864.5,"{""net_additional_dwellings"": 12462.0380859375, ""job_density"": -2535.908203125, ""population"": 638.7994995117188}",161680.6,133332.9,190028.3,"{""net_additional_dwellings"": 17852.35546875, ""job_density"": 4828.01806640625, ""population"": 1229.319091796875}",164522,130650.1,198393.9,"{""net_additional_dwellings"": 67037.453125, ""job_density"": 22090.19140625, ""population"": 746.546875}",173026.3,130660.7,215391.9,"{""net_additional_dwellings"": 4980.87353515625, ""job_density"": 3969.40869140625, ""population"": -911.8336181640625}",171577.7,139205.5,203949.8,"{""net_additional_dwellings"": 9094.458984375, ""job_density"": 5646.60205078125, ""population"": -142.05914306640625}",6.2,5.4,6.9,"{""net_additional_dwellings"": 0.22230041027069092, ""job_density"": -0.6860569715499878, ""population"": -0.1816886067390442}",6.3,5.4,7.2,"{""net_additional_dwellings"": 1.9494013786315918, ""job_density"": 0.6887823939323425, ""population"": -0.16717350482940674}",6.4,5.2,7.7,"{""net_additional_dwellings"": 1.545743465423584, ""job_density"": 1.2086855173110962, ""population"": -0.08658808469772339}",6.2,4.9,7.6,"{""net_additional_dwellings"": 1.2066895961761475, ""job_density"": -0.058113448321819305, ""population"": 0.1779671460390091}",6.4,5,7.9,"{""net_additional_dwellings"": 1.0129704475402832, ""job_density"": 0.8928360939025879, ""population"": 0.5627284049987793}",South Tyneside,,350
E09000032,139344.5,124433.6,154255.5,"{""net_additional_dwellings"": -6284.24755859375, ""job_density"": 1896.5848388671875, ""population"": 914.5693969726562}",153730.8,126777,180684.6,"{""net_additional_dwellings"": -2379.633544921875, ""job_density"": 151.263427734375, ""population"": 2829.5}",156125.7,123982.5,188269,"{""net_additional_dwellings"": -4140.2626953125, ""job_density"": 848.8564453125, ""population"": 6933.36083984375}",169188.7,127762.7,210614.6,"{""net_additional_dwellings"": -6238.5869140625, ""job_density"": -1646.95654296875, ""population"": 1449.891845703125}",168844.9,136988.3,200701.4,"{""net_additional_dwellings"": -4998.0078125, ""job_density"": 1801.012451171875, ""population"": 3561.860107421875}",5.6,4.9,6.3,"{""net_additional_dwellings"": -0.9401348829269409, ""job_density"": -0.24143022298812866, ""population"": 0.10871101170778275}",5.6,4.8,6.5,"{""net_additional_dwellings"": -0.526853084564209, ""job_density"": -0.13462182879447937, ""population"": 0.2545336186885834}",5.5,4.4,6.5,"{""net_additional_dwellings"": -1.1447863578796387, ""job_density"": -0.27390119433403015, ""population"": 0.3821633458137512}",5.6,4.4,6.8,"{""net_additional_dwellings"": -3.0880250930786133, ""job_density"": -0.7654455900192261, ""population"": 0.6370553970336914}",5.5,4.2,6.8,"{""net_additional_dwellings"": -1.4115203619003296, ""job_density"": 0.07349500060081482, ""population"": 0.6126115322113037}",Sunderland,,351
E09000033,247602,221106.6,274097.3,"{""net_additional_dwellings"": -17106.134765625, ""job_density"": 2487.7666015625, ""population"": 1031.174560546875}",249007.8,205348.9,292666.7,"{""net_additional_dwellings"": -17239.576171875, ""job_density"": -2477.273681640625, ""population"": 4440.19384765625}",251237.6,199512.6,302962.6,"{""net_additional_dwellings"": -45460.8828125, ""job_density"": 2448.09765625, ""population"": 15759.8916015625}",249137.7,188136.1,310139.2,"{""net_additional_dwellings"": -14657.59375, ""job_density"": -2518.20458984375, ""population"": 1189.0045166015625}",259827.8,210805.2,308850.4,"{""net_additional_dwellings"": -15602.2373046875, ""job_density"": -171.475830078125, ""population"": 4100.76953125}",7.7,6.7,8.7,"{""net_additional_dwellings"": -1.4973152875900269, ""job_density"": -0.37168028950691223, ""population"": 0.1815587729215622}",8.2,7,9.4,"{""net_additional_dwellings"": -1.520267367362976, ""job_density"": -0.5134151577949524, ""population"": 0.4018309414386749}",8.4,6.7,10,"{""net_additional_dwellings"": -1.007300615310669, ""job_density"": -0.6926012635231018, ""population"": 0.45182710886001587}",8.4,6.6,10.2,"{""net_additional_dwellings"": -3.5263688564300537, ""job_density"": -1.0837451219558716, ""population"": 0.6972318291664124}",8.4,6.5,10.4,"{""net_additional_dwellings"": -3.414299726486206, ""job_density"": -0.1906784474849701, ""population"": 0.7513892650604248}",Birmingham,,352
N09000001,238619.3,213085.2,264153.4,"{""net_additional_dwellings"": -10428.01953125, ""job_density"": 4313.96875, ""population"": 1848.947998046875}",254321.8,209731.2,298912.4,"{""net_additional_dwellings"": -3339.662841796875, ""job_density"": -2748.42431640625, ""population"": 4282.9423828125}",254965.9,202473.4,307458.4,"{""net_additional_dwellings"": -13712.2744140625, ""job_density"": 3084.06298828125, ""population"": 11860.8388671875}",260835,196969.4,324700.6,"{""net_additional_dwellings"": -3757.02099609375, ""job_density"": -2040.3406982421875, ""population"": 3686.375732421875}",260107.1,211031.8,309182.5,"{""net_additional_dwellings"": -11051.1767578125, ""job_density"": -86.02426147460938, ""population"": 5208.8916015625}",7.8,6.8,8.8,"{""net_additional_dwellings"": -1.3456170558929443, ""job_density"": -0.48142629861831665, ""population"": 0.16876724362373352}",8.3,7.1,9.5,"{""net_additional_dwellings"": -0.22791559994220734, ""job_density"": -0.3475522994995117, ""population"": 0.4386442005634308}",8.7,7,10.3,"{""net_additional_dwellings"": -1.0148918628692627, ""job_density"": -0.8062056303024292, ""population"": 0.4373759627342224}",8.7,6.8,10.5,"{""net_additional_dwellings"": -2.065654754638672, ""job_density"": -1.00241219997406, ""population"": 0.6891857385635376}",9,6.9,11,"{""net_additional_dwellings"": -2.0057740211486816, ""job_density"": -0.055836886167526245, ""population"": 0.7524454593658447}",Coventry,,353
N09000002,230517,205849.9,255184.2,"{""net_additional_dwellings"": 1171.9564208984375, ""job_density"": -273.7061767578125, ""population"": 2375.549072265625}",232054.4,191368,272740.9,"{""net_additional_dwellings"": 1106.136962890625, ""job_density"": 1174.1680908203125, ""population"": 3725.4375}",240742.4,191178.2,290306.6,"{""net_additional_dwellings"": 21349.546875, ""job_density"": 5774.2509765625, ""population"": 10147.765625}",246568.7,186196.2,306941.3,"{""net_additional_dwellings"": 2542.17041015625, ""job_density"": -789.04248046875, ""population"": 2103.34619140625}",248397.6,201531.5,295263.6,"{""net_additional_dwellings"": 4318.07568359375, ""job_density"": 1169.2333984375, ""population"": 5651.86962890625}",8.4,7.3,9.4,"{""net_additional_dwellings"": -0.7728805541992188, ""job_density"": -0.760474443435669, ""population"": 0.24157294631004333}",8.8,7.5,10.1,"{""net_additional_dwellings"": -0.281216561794281, ""job_density"": 0.2501453757286072, ""population"": 0.5190303921699524}",8.7,7.1,10.4,"{""net_additional_dwellings"": -0.9388803839683533, ""job_density"": 0.01442629098892212, ""population"": 0.4573308527469635}",9,7.1,11,"{""net_additional_dwellings"": -1.0365307331085205, ""job_density"": -0.43632712960243225, ""population"": 0.7506403923034668}",9.4,7.2,11.5,"{""net_additional_dwellings"": -0.5627321004867554, ""job_density"": -0.4577358067035675, ""population"": 0.7332903146743774}",Dudley,,354
N09000003,201548.8,179981.5,223116,"{""net_additional_dwellings"": -4917.609375, ""job_density"": -1207.149658203125, ""population"": 1677.2994384765625}",207488.1,171108.9,243867.3,"{""net_additional_dwellings"": -1760.119140625, ""job_density"": 332.9873046875, ""population"": 3964.939697265625}",206039.9,163620.3,248459.5,"{""net_additional_dwellings"": 5953.826171875, ""job_density"": 2426.46533203125, ""population"": 10342.955078125}",218333.4,164874.3,271792.5,"{""net_additional_dwellings"": -5214.291015625, ""job_density"": 1026.3388671875, ""population"": 3021.24169921875}",216465.8,175624.4,257307.1,"{""net_additional_dwellings"": -1878.979248046875, ""job_density"": 1124.62353515625, ""population"": 5098.1904296875}",7.6,6.6,8.6,"{""net_additional_dwellings"": -0.7509244680404663, ""job_density"": -0.863911509513855, ""population"": 0.17416822910308838}",7.6,6.5,8.7,"{""net_additional_dwellings"": -1.1067650318145752, ""job_density"": 0.12161219120025635, ""population"": 0.3683542311191559}",7.7,6.2,9.1,"{""net_additional_dwellings"": -1.5529775619506836, ""job_density"": 0.571098804473877, ""population"": 0.42239144444465637}",8,6.3,9.8,"{""net_additional_dwellings"": -1.9290549755096436, ""job_density"": -0.7508538961410522, ""population"": 0.7012507319450378}",8.3,6.4,10.2,"{""net_additional_dwellings"": -0.5103643536567688, ""job_density"": -0.018960177898406982, ""population"": 0.7649144530296326}",Sandwell,,355
N09000004,358815.7,320419.6,397211.7,"{""net_additional_dwellings"": -7279.09326171875, ""job_density"": -1322.223388671875, ""population"": -821.4547119140625}",392317.7,323532.1,461103.3,"{""net_additional_dwellings"": -4646.65771484375, ""job_density"": -2591.234375, ""population"": 4307.64404296875}",396796.8,315104.1,478489.6,"{""net_additional_dwellings"": -11098.859375, ""job_density"": -10118.95703125, ""population"": 9078.671875}",413285.8,312092.4,514479.1,"{""net_additional_dwellings"": -3530.370849609375, ""job_density"": 5402.8583984375, ""population"": 4860.9560546875}",444362.5,360523,528202,"{""net_additional_dwellings"": -4017.9140625, ""job_density"": 1867.633056640625, ""population"": 8662.638671875}",10.1,8.8,11.3,"{""net_additional_dwellings"": -0.42909419536590576, ""job_density"": -0.780726432800293, ""population"": 0.11072777211666107}",10.3,8.8,11.8,"{""net_additional_dwellings"": -0.2027057409286499, ""job_density"": -0.4400051236152649, ""population"": 0.18033941090106964}",11.2,9.1,13.4,"{""net_additional_dwellings"": -1.073039174079895, ""job_density"": -0.4386797845363617, ""population"": 0.24088038504123688}",10.9,8.6,13.3,"{""net_additional_dwellings"": -2.357079029083252, ""job_density"": -0.5767941474914551, ""population"": 0.45059511065483093}",10.6,8.1,13,"{""net_additional_dwellings"": -1.2847439050674438, ""job_density"": -0.9195330739021301, ""population"": 0.7370712757110596}",Solihull,,356
N09000005,202174.6,180540.3,223808.8,"{""net_additional_dwellings"": 2764.38134765625, ""job_density"": -1199.589111328125, ""population"": 1828.487060546875}",207938.1,171480,244396.2,"{""net_additional_dwellings"": 7353.47998046875, ""job_density"": 1633.7054443359375, ""population"": 4926.56982421875}",210436.9,167112,253761.8,"{""net_additional_dwellings"": 20762.80078125, ""job_density"": 5015.00390625, ""population"": 8267.3076171875}",221860,167537.4,276182.6,"{""net_additional_dwellings"": -5380.6103515625, ""job_density"": 843.532958984375, ""population"": 2564.45263671875}",221883.1,180019.6,263746.5,"{""net_additional_dwellings"": -6477.91796875, ""job_density"": -511.49688720703125, ""population"": 5910.09912109375}",7.9,6.9,8.9,"{""net_additional_dwellings"": -0.5779827833175659, ""job_density"": -1.0919342041015625, ""population"": 0.21566520631313324}",8.1,6.9,9.3,"{""net_additional_dwellings"": 0.5792348384857178, ""job_density"": -0.03007596731185913, ""population"": 0.3695482015609741}",8.2,6.6,9.7,"{""net_additional_dwellings"": -0.42538949847221375, ""job_density"": -0.25107887387275696, ""population"": 0.5011402368545532}",8.4,6.6,10.2,"{""net_additional_dwellings"": -1.165299415588379, ""job_density"": -0.49945932626724243, ""population"": 0.705349862575531}",8.2,6.3,10.1,"{""net_additional_dwellings"": 0.061977192759513855, ""job_density"": -0.6274334788322449, ""population"": 0.8117316961288452}",Walsall,,357
N09000006,204493.7,182611.3,226376.2,"{""net_additional_dwellings"": -6966.626953125, ""job_density"": -2726.7119140625, ""population"": 1940.576904296875}",214483,176877.4,252088.6,"{""net_additional_dwellings"": -5224.35107421875, ""job_density"": -622.8013916015625, ""population"": 3652.287841796875}",203155.7,161329.9,244981.5,"{""net_additional_dwellings"": -8670.0419921875, ""job_density"": -8001.53564453125, ""population"": 7893.337890625}",225400.3,170210.9,280589.7,"{""net_additional_dwellings"": -8081.59765625, ""job_density"": -1908.458984375, ""population"": 2096.802490234375}",220276.5,178716.1,261836.8,"{""net_additional_dwellings"": -9936.0771484375, ""job_density"": -167.01422119140625, ""population"": 4511.06591796875}",7.6,6.6,8.6,"{""net_additional_dwellings"": -1.0513672828674316, ""job_density"": -0.9206447005271912, ""population"": 0.16022218763828278}",7.6,6.5,8.7,"{""net_additional_dwellings"": -0.9592849612236023, ""job_density"": 0.39865773916244507, ""population"": 0.3631502091884613}",7.6,6.1,9.1,"{""net_additional_dwellings"": -1.5995018482208252, ""job_density"": -0.44445350766181946, ""population"": 0.4323755204677582}",7.7,6.1,9.4,"{""net_additional_dwellings"": -2.1566309928894043, ""job_density"": -0.4615551233291626, ""population"": 0.6782375574111938}",7.5,5.8,9.3,"{""net_additional_dwellings"": -1.1934653520584106, ""job_density"": -0.1398445963859558, ""population"": 0.7645657658576965}",Wolverhampton,,358
N09000007,180494,161179.7,199808.3,"{""net_additional_dwellings"": -10546.203125, ""job_density"": -1707.526123046875, ""population"": 1182.9019775390625}",181365.1,149566.1,213164.2,"{""net_additional_dwellings"": -5478.2275390625, ""job_density"": 3078.013671875, ""population"": 2947.2158203125}",186191.1,147857.9,224524.2,"{""net_additional_dwellings"": -6503.822265625, ""job_density"": 3693.939453125, ""population"": 12768.994140625}",199907.5,150960,248855,"{""net_additional_dwellings"": -7187.21728515625, ""job_density"": 1074.60546875, ""population"": 2703.115966796875}",214355.7,173912.4,254798.9,"{""net_additional_dwellings"": -10417.26953125, ""job_density"": -1494.453857421875, ""population"": 5405.26220703125}",6.7,5.8,7.5,"{""net_additional_dwellings"": -0.845209538936615, ""job_density"": -1.0156551599502563, ""population"": 0.18523937463760376}",6.8,5.8,7.7,"{""net_additional_dwellings"": -0.7112375497817993, ""job_density"": -0.057144954800605774, ""population"": 0.32231903076171875}",7,5.7,8.4,"{""net_additional_dwellings"": -1.204319953918457, ""job_density"": 0.07638797163963318, ""population"": 0.376468300819397}",7.4,5.8,9,"{""net_additional_dwellings"": -2.8990564346313477, ""job_density"": -0.6557462811470032, ""population"": 0.7314102053642273}",6.9,5.3,8.5,"{""net_additional_dwellings"": -1.93180513381958, ""job_density"": -0.704778254032135, ""population"": 0.6663203835487366}",Bradford,,359
N09000008,180276.9,160985.8,199567.9,"{""net_additional_dwellings"": 9323.4833984375, ""job_density"": 4502.03564453125, ""population"": 946.173583984375}",183626.2,151430.8,215821.7,"{""net_additional_dwellings"": 10673.50390625, ""job_density"": -1769.9552001953125, ""population"": 3817.797119140625}",182808.4,145171.7,220445.2,"{""net_additional_dwellings"": 25752.328125, ""job_density"": -2380.26025390625, ""population"": 4835.2392578125}",200560.3,151453,249667.7,"{""net_additional_dwellings"": 891.4203491210938, ""job_density"": -2165.83154296875, ""population"": 1545.703369140625}",209707.4,170141.2,249273.6,"{""net_additional_dwellings"": 4848.21826171875, ""job_density"": -1059.316162109375, ""population"": 4062.839111328125}",6.3,5.5,7.2,"{""net_additional_dwellings"": -0.3153689503669739, ""job_density"": -0.8259681463241577, ""population"": 0.1533854603767395}",6.6,5.6,7.6,"{""net_additional_dwellings"": 0.13861185312271118, ""job_density"": -0.47076615691185, ""population"": 0.21416111290454865}",6.8,5.5,8.1,"{""net_additional_dwellings"": -0.06034001708030701, ""job_density"": -1.1189740896224976, ""population"": 0.22689205408096313}",7.2,5.6,8.7,"{""net_additional_dwellings"": -0.7495474815368652, ""job_density"": -1.0197268724441528, ""population"": 0.3937465250492096}",6.9,5.3,8.5,"{""net_additional_dwellings"": 0.40414080023765564, ""job_density"": -0.35496044158935547, ""population"": 0.7095441222190857}",Calderdale,,360
N09000009,200625.6,179157.1,222094.1,"{""net_additional_dwellings"": -8925.095703125, ""job_density"": -3880.789306640625, ""population"": 1452.1181640625}",208564.4,171996.5,245132.3,"{""net_additional_dwellings"": -3940.15234375, ""job_density"": 1746.2733154296875, ""population"": 4266.970703125}",202196.2,160567.9,243824.5,"{""net_additional_dwellings"": -6202.0927734375, ""job_density"": 3634.48828125, ""population"": 12961.0126953125}",222380.7,167930.6,276830.7,"{""net_additional_dwellings"": -7646.3203125, ""job_density"": 1486.1571044921875, ""population"": 2608.6328125}",206610.8,167628.8,245592.8,"{""net_additional_dwellings"": -11924.072265625, ""job_density"": -1281.727783203125, ""population"": 4481.484375}",7.7,6.7,8.7,"{""net_additional_dwellings"": -0.6635652184486389, ""job_density"": -1.1349961757659912, ""population"": 0.23662731051445007}",7.8,6.7,8.9,"{""net_additional_dwellings"": -0.580440104007721, ""job_density"": 0.11555538326501846, ""population"": 0.44747886061668396}",7.7,6.2,9.2,"{""net_additional_dwellings"": -1.2784476280212402, ""job_density"": -0.006189562380313873, ""population"": 0.4665401875972748}",7.9,6.2,9.6,"{""net_additional_dwellings"": -3.1133317947387695, ""job_density"": -0.5214123725891113, ""population"": 0.7640348672866821}",7.5,5.8,9.3,"{""net_additional_dwellings"": -1.4866238832473755, ""job_density"": -0.4097997844219208, ""population"": 0.7782478928565979}",Kirklees,,361
N09000010,247881.9,221356.6,274407.2,"{""net_additional_dwellings"": -17263.830078125, ""job_density"": -670.8978271484375, ""population"": 1537.077880859375}",251428.5,207345.2,295511.8,"{""net_additional_dwellings"": -18193.01171875, ""job_density"": -8203.9736328125, ""population"": 5381.849609375}",253878.8,201610.1,306147.5,"{""net_additional_dwellings"": -45244.5390625, ""job_density"": -10365.427734375, ""population"": 15987.4677734375}",272143.6,205509,338778.1,"{""net_additional_dwellings"": -14232.107421875, ""job_density"": 215.21661376953125, ""population"": 4089.478759765625}",282078.6,228857.8,335299.3,"{""net_additional_dwellings"": -13986.2451171875, ""job_density"": -937.9456787109375, ""population"": 7203.31787109375}",7.6,6.6,8.5,"{""net_additional_dwellings"": -1.4495370388031006, ""job_density"": -1.0033570528030396, ""population"": 0.16934308409690857}",7.6,6.5,8.7,"{""net_additional_dwellings"": -1.505918264389038, ""job_density"": -1.1600732803344727, ""population"": 0.3952585756778717}",7.9,6.4,9.4,"{""net_additional_dwellings"": -1.0775935649871826, ""job_density"": -0.7259713411331177, ""population"": 0.46002158522605896}",7.8,6.1,9.5,"{""net_additional_dwellings"": -3.6731457710266113, ""job_density"": -1.2510159015655518, ""population"": 0.7022402286529541}",8.2,6.3,10.1,"{""net_additional_dwellings"": -3.419532299041748, ""job_density"": -1.1953613758087158, ""population"": 0.8417938351631165}",Leeds,,209
N09000011,192112.9,171555.3,212670.5,"{""net_additional_dwellings"": -12056.1806640625, ""job_density"": 3031.5458984375, ""population"": 1300.789306640625}",202519.8,167011.7,238027.9,"{""net_additional_dwellings"": -8527.0185546875, ""job_density"": 56.4404296875, ""population"": 3306.845458984375}",200155.4,158947.3,241363.5,"{""net_additional_dwellings"": -16013.259765625, ""job_density"": 764.64697265625, ""population"": 12651.5615234375}",218113.4,164708.2,271518.6,"{""net_additional_dwellings"": -9857.8779296875, ""job_density"": -1211.319091796875, ""population"": 4065.896240234375}",212095.8,172078.9,252112.7,"{""net_additional_dwellings"": -13576.466796875, ""job_density"": 1365.3646240234375, ""population"": 4983.95654296875}",7.6,6.6,8.6,"{""net_additional_dwellings"": -1.3504374027252197, ""job_density"": -0.49510401487350464, ""population"": 0.15955406427383423}",7.6,6.5,8.7,"{""net_additional_dwellings"": -1.1215400695800781, ""job_density"": 0.027686215937137604, ""population"": 0.35799744725227356}",7.5,6.1,9,"{""net_additional_dwellings"": -1.127907156944275, ""job_density"": -0.22408057749271393, ""population"": 0.40598249435424805}",7.6,5.9,9.2,"{""net_additional_dwellings"": -3.1617469787597656, ""job_density"": -0.8352965116500854, ""population"": 0.7264375686645508}",7.6,5.9,9.4,"{""net_additional_dwellings"": -2.708390474319458, ""job_density"": 0.1407880187034607, ""population"": 0.774903416633606}",Wakefield,,210
S12000005,157329.8,140494.3,174165.4,"{""net_additional_dwellings"": 8800.9619140625, ""job_density"": 4622.41015625, ""population"": 716.6535034179688}",164599.3,135739.9,193458.8,"{""net_additional_dwellings"": 13948.9033203125, ""job_density"": -1536.166015625, ""population"": 2443.2607421875}",168654.8,133932,203377.5,"{""net_additional_dwellings"": 20528.185546875, ""job_density"": 7211.4013671875, ""population"": 4010.2255859375}",179099.3,135246.7,222951.8,"{""net_additional_dwellings"": 3446.7236328125, ""job_density"": -1653.8857421875, ""population"": 1272.423095703125}",184626.6,149792.4,219460.7,"{""net_additional_dwellings"": 2166.57421875, ""job_density"": -1439.0289306640625, ""population"": 3581.922119140625}",5.8,5.1,6.6,"{""net_additional_dwellings"": -0.11745035648345947, ""job_density"": -0.4786551892757416, ""population"": 0.11464383453130722}",6.1,5.2,7,"{""net_additional_dwellings"": 1.0343927145004272, ""job_density"": -0.36210933327674866, ""population"": 0.1871694028377533}",6.1,5,7.3,"{""net_additional_dwellings"": 0.9338289499282837, ""job_density"": -0.3130388855934143, ""population"": 0.22460506856441498}",6.2,4.9,7.5,"{""net_additional_dwellings"": 0.08544208109378815, ""job_density"": -0.36746302247047424, ""population"": 0.39689651131629944}",6.5,5,8,"{""net_additional_dwellings"": 0.2089959979057312, ""job_density"": -0.3174116015434265, ""population"": 0.6674633026123047}",Gateshead,,211
S12000006,1178111.8,1052044.6,1304178.9,"{""net_additional_dwellings"": 13370.193359375, ""job_density"": 16268.0625, ""population"": 53299.19921875}",1068812.4,881415.9,1256208.8,"{""net_additional_dwellings"": 12415.841796875, ""job_density"": 21179.25, ""population"": 24408.998046875}",1010430.8,802402.6,1218458.9,"{""net_additional_dwellings"": 44439.859375, ""job_density"": 8195.3837890625, ""population"": -193.409423828125}",941009.7,710602.8,1171416.6,"{""net_additional_dwellings"": -7458.9384765625, ""job_density"": -8226.6728515625, ""population"": -3843.6025390625}",910819.9,738972.3,1082667.5,"{""net_additional_dwellings"": 485.7825927734375, ""job_density"": -10505.224609375, ""population"": -1268.6505126953125}",22.5,19.6,25.4,"{""net_additional_dwellings"": 0.2907063364982605, ""job_density"": -1.1960337162017822, ""population"": 0.7290281057357788}",16.8,14.4,19.2,"{""net_additional_dwellings"": 1.1232787370681763, ""job_density"": -1.359951376914978, ""population"": -0.6403941512107849}",16,12.9,19.1,"{""net_additional_dwellings"": 1.5041449069976807, ""job_density"": -1.9609346389770508, ""population"": -0.6907877326011658}",13.3,10.5,16.2,"{""net_additional_dwellings"": 0.5450223684310913, ""job_density"": -1.0891218185424805, ""population"": -1.2293570041656494}",14.2,10.9,17.5,"{""net_additional_dwellings"": 1.121016025543213, ""job_density"": -2.1646456718444824, ""population"": -0.8084726929664612}",City of London,,212
S12000008,405128.1,361776.2,448480,"{""net_additional_dwellings"": -3443.00439453125, ""job_density"": 1094.977783203125, ""population"": 3633.825927734375}",436276.5,359783.5,512769.5,"{""net_additional_dwellings"": -10673.8271484375, ""job_density"": 7900.365234375, ""population"": 8309.595703125}",474492.3,376803.5,572181.1,"{""net_additional_dwellings"": -36717.9296875, ""job_density"": 28150.244140625, ""population"": 12014.6240234375}",484080.8,365553.3,602608.3,"{""net_additional_dwellings"": -8192.2431640625, ""job_density"": 3688.63134765625, ""population"": 6757.86083984375}",503406.4,408426.9,598385.8,"{""net_additional_dwellings"": -5257.27783203125, ""job_density"": 4641.0126953125, ""population"": 10146.2041015625}",12.1,10.6,13.7,"{""net_additional_dwellings"": -1.042752981185913, ""job_density"": -0.18542549014091492, ""population"": 0.05778738856315613}",13.1,11.2,15,"{""net_additional_dwellings"": -0.8703668117523193, ""job_density"": 1.598085880279541, ""population"": 0.19125334918498993}",14.5,11.7,17.3,"{""net_additional_dwellings"": -1.1067206859588623, ""job_density"": 1.6455204486846924, ""population"": 0.2640354633331299}",14.4,11.3,17.5,"{""net_additional_dwellings"": -2.4467835426330566, ""job_density"": 0.5351561307907104, ""population"": 0.39692363142967224}",14.3,11,17.6,"{""net_additional_dwellings"": -2.2870635986328125, ""job_density"": 1.416945457458496, ""population"": 0.805475652217865}",Barking and Dagenham,,213
S12000010,620551.4,554147.6,686955.3,"{""net_additional_dwellings"": -14810.3466796875, ""job_density"": -6993.205078125, ""population"": -2590.51611328125}",652222.9,537867.7,766578.1,"{""net_additional_dwellings"": -18136.099609375, ""job_density"": -12881.4541015625, ""population"": -3010.673095703125}",627002.8,497915.1,756090.6,"{""net_additional_dwellings"": -43654.421875, ""job_density"": -579.8583984375, ""population"": -8577.90625}",629704.9,475521.2,783888.6,"{""net_additional_dwellings"": -17007.732421875, ""job_density"": -6741.9970703125, ""population"": -7567.8203125}",696773.6,565310.8,828236.3,"{""net_additional_dwellings"": -7394.91650390625, ""job_density"": -14916.478515625, ""population"": -4689.267578125}",18.2,15.9,20.5,"{""net_additional_dwellings"": -1.4452722072601318, ""job_density"": -0.7732612490653992, ""population"": 0.27876347303390503}",16.3,13.9,18.7,"{""net_additional_dwellings"": -1.5132684707641602, ""job_density"": 0.6275204420089722, ""population"": 0.23690757155418396}",15.9,12.8,18.9,"{""net_additional_dwellings"": -1.8564543724060059, ""job_density"": 0.1929025948047638, ""population"": 0.4055706262588501}",17.9,14.1,21.8,"{""net_additional_dwellings"": -3.1360340118408203, ""job_density"": -0.4435616731643677, ""population"": 0.3756512403488159}",19,14.6,23.3,"{""net_additional_dwellings"": -3.7677500247955322, ""job_density"": -0.0028142929077148438, ""population"": 0.7747189998626709}",Barnet,,214
S12000011,463731,414108.1,513353.9,"{""net_additional_dwellings"": -1126.1036376953125, ""job_density"": -1402.3746337890625, ""population"": 2045.842041015625}",463454.6,382196.4,544712.8,"{""net_additional_dwellings"": 621.291259765625, ""job_density"": -4271.61279296875, ""population"": 3860.90625}",532662.1,422997.3,642326.9,"{""net_additional_dwellings"": -15231.953125, ""job_density"": 24740.48046875, ""population"": 12939.869140625}",558279.1,421584.1,694974.2,"{""net_additional_dwellings"": -4989.88623046875, ""job_density"": -1790.5556640625, ""population"": 5734.23828125}",580356.7,470858.7,689854.6,"{""net_additional_dwellings"": -6534.30419921875, ""job_density"": 80.238037109375, ""population"": 12420.2294921875}",13.8,12.1,15.6,"{""net_additional_dwellings"": 0.4448184370994568, ""job_density"": -0.9985355138778687, ""population"": 0.1614053100347519}",14.8,12.6,16.9,"{""net_additional_dwellings"": -0.1140698790550232, ""job_density"": 1.405587077140808, ""population"": 0.2779030203819275}",15.7,12.7,18.7,"{""net_additional_dwellings"": -0.31902551651000977, ""job_density"": 1.4751901626586914, ""population"": 0.46613726019859314}",16.6,13,20.1,"{""net_additional_dwellings"": -0.7179819345474243, ""job_density"": 0.6520050168037415, ""population"": 0.42509639263153076}",16.8,12.9,20.6,"{""net_additional_dwellings"": 0.03798440098762512, ""job_density"": 1.1793469190597534, ""population"": 0.7388792037963867}",Bexley,,215
S12000013,571715.3,510537.3,632893.3,"{""net_additional_dwellings"": -16131.197265625, ""job_density"": -6864.78759765625, ""population"": -3450.745361328125}",561475.8,463031.4,659920.2,"{""net_additional_dwellings"": -26168.892578125, ""job_density"": -8648.3662109375, ""population"": -2561.751220703125}",554821.8,440594.7,669048.9,"{""net_additional_dwellings"": -53123.4296875, ""job_density"": -2968.900390625, ""population"": 3587.513671875}",588401.8,444331.2,732472.3,"{""net_additional_dwellings"": -20323.08203125, ""job_density"": -6336.73779296875, ""population"": -6043.62353515625}",656811,532888.1,780733.9,"{""net_additional_dwellings"": -13707.919921875, ""job_density"": -11345.44921875, ""population"": -127.034912109375}",15.4,13.4,17.3,"{""net_additional_dwellings"": -1.4793230295181274, ""job_density"": -0.7619615793228149, ""population"": 0.14065858721733093}",15.3,13.1,17.5,"{""net_additional_dwellings"": -1.650718092918396, ""job_density"": 0.908982515335083, ""population"": 0.17181582748889923}",14.5,11.7,17.2,"{""net_additional_dwellings"": -2.352811813354492, ""job_density"": 0.17853319644927979, ""population"": 0.3485125005245209}",17.9,14.1,21.8,"{""net_additional_dwellings"": -3.1183464527130127, ""job_density"": -0.5456497073173523, ""population"": 0.3257068991661072}",17.4,13.4,21.4,"{""net_additional_dwellings"": -3.5012497901916504, ""job_density"": 0.2600928544998169, ""population"": 0.7196121215820312}",Brent,,216
S12000014,556489.4,496940.6,616038.1,"{""net_additional_dwellings"": 1602.52294921875, ""job_density"": -5600.12109375, ""population"": -714.7664794921875}",566840.7,467455.7,666225.7,"{""net_additional_dwellings"": 334.343017578125, ""job_density"": -9167.7119140625, ""population"": -1031.9127197265625}",591642.6,469834.8,713450.3,"{""net_additional_dwellings"": 12860.125, ""job_density"": 1730.6572265625, ""population"": 11193.33203125}",667290.4,503903.9,830676.9,"{""net_additional_dwellings"": 9949.47265625, ""job_density"": -10422.4140625, ""population"": -3647.75390625}",687513.7,557798,817229.3,"{""net_additional_dwellings"": 2489.4345703125, ""job_density"": -10094.70703125, ""population"": -18.161163330078125}",15.5,13.5,17.5,"{""net_additional_dwellings"": -0.8144294023513794, ""job_density"": -0.9841734170913696, ""population"": 0.19635635614395142}",16.3,14,18.7,"{""net_additional_dwellings"": -0.019904106855392456, ""job_density"": 0.6828686594963074, ""population"": 0.3726116418838501}",17.4,14,20.7,"{""net_additional_dwellings"": -0.09964632987976074, ""job_density"": 0.5656620860099792, ""population"": 0.5033912658691406}",19.3,15.1,23.4,"{""net_additional_dwellings"": -0.9534543752670288, ""job_density"": -0.2705188989639282, ""population"": 0.31902971863746643}",18.7,14.4,23,"{""net_additional_dwellings"": 0.3103669583797455, ""job_density"": 0.03867129981517792, ""population"": 0.6820823550224304}",Bromley,,217
S12000017,1006792.1,899057.5,1114526.8,"{""net_additional_dwellings"": -3109.6865234375, ""job_density"": 24205.25, ""population"": -41217.5625}",916536.5,755838.8,1077234.2,"{""net_additional_dwellings"": 2488.62060546875, ""job_density"": 25773.65625, ""population"": -58107.578125}",995134.6,790255.7,1200013.6,"{""net_additional_dwellings"": 32925.52734375, ""job_density"": 12579.49609375, ""population"": 4519.99169921875}",1047284,790855.8,1303712.2,"{""net_additional_dwellings"": 7018.44384765625, ""job_density"": 25653.69921875, ""population"": -188.0389862060547}",917220.2,744165,1090275.5,"{""net_additional_dwellings"": 6102.484375, ""job_density"": 23347.1328125, ""population"": -9354.2568359375}",20.9,18.2,23.6,"{""net_additional_dwellings"": -0.8924529552459717, ""job_density"": -0.3021349012851715, ""population"": -1.2541067600250244}",20.4,17.4,23.3,"{""net_additional_dwellings"": -0.46146655082702637, ""job_density"": -0.6932410001754761, ""population"": -0.061391670256853104}",22.4,18.1,26.7,"{""net_additional_dwellings"": -0.9860503673553467, ""job_density"": -0.30122286081314087, ""population"": 0.36330506205558777}",20.9,16.4,25.4,"{""net_additional_dwellings"": -1.2701904773712158, ""job_density"": -0.502621054649353, ""population"": 0.05071612447500229}",20.7,15.9,25.4,"{""net_additional_dwellings"": -0.5418894290924072, ""job_density"": -0.5483391880989075, ""population"": 0.921251118183136}",Camden,,218
S12000018,433540.3,387148.1,479932.5,"{""net_additional_dwellings"": -18246.50390625, ""job_density"": -4690.4150390625, ""population"": -108.11822509765625}",444881,366879.4,522882.7,"{""net_additional_dwellings"": -24361.69140625, ""job_density"": 731.595703125, ""population"": 5016.54296875}",505627.5,401528.6,609726.4,"{""net_additional_dwellings"": -51080.53515625, ""job_density"": 20787.01953125, ""population"": 12881.9921875}",552567.8,417271.2,687864.4,"{""net_additional_dwellings"": -16707.546875, ""job_density"": -4462.59619140625, ""population"": -786.8001708984375}",585108.1,474713.7,695502.6,"{""net_additional_dwellings"": -4668.68798828125, ""job_density"": -4010.910400390625, ""population"": 6540.53369140625}",12.5,10.9,14.1,"{""net_additional_dwellings"": -1.7809548377990723, ""job_density"": -1.0522377490997314, ""population"": 0.192866712808609}",13.3,11.4,15.3,"{""net_additional_dwellings"": -1.4225037097930908, ""job_density"": 1.3793772459030151, ""population"": 0.2958548665046692}",14.4,11.6,17.1,"{""net_additional_dwellings"": -1.4354784488677979, ""job_density"": 1.5279130935668945, ""population"": 0.48897427320480347}",15.2,11.9,18.5,"{""net_additional_dwellings"": -2.9219613075256348, ""job_density"": 0.5235734581947327, ""population"": 0.3335461914539337}",17.4,13.4,21.5,"{""net_additional_dwellings"": -3.4381556510925293, ""job_density"": 1.3048384189605713, ""population"": 0.761159360408783}",Croydon,,219
S12000019,589894.6,526771.2,653017.9,"{""net_additional_dwellings"": -11640.966796875, ""job_density"": -6017.466796875, ""population"": -2495.505615234375}",581937.5,479905.5,683969.5,"{""net_additional_dwellings"": -14834.9541015625, ""job_density"": -5586.9208984375, ""population"": -4221.75}",596167.3,473428,718906.6,"{""net_additional_dwellings"": -40715.8671875, ""job_density"": 7176.0947265625, ""population"": -9259.4951171875}",603720.2,455898.9,751541.5,"{""net_additional_dwellings"": -16165.8505859375, ""job_density"": -4963.8154296875, ""population"": -3564.338623046875}",684700.4,555515.6,813885.3,"{""net_additional_dwellings"": -1660.1416015625, ""job_density"": -11432.673828125, ""population"": 668.1348266601562}",16.9,14.7,19,"{""net_additional_dwellings"": -1.214531660079956, ""job_density"": -0.6547994613647461, ""population"": 0.26327911019325256}",16.7,14.3,19.2,"{""net_additional_dwellings"": -1.2222535610198975, ""job_density"": 0.8121051788330078, ""population"": 0.1290637105703354}",17.3,14,20.6,"{""net_additional_dwellings"": -1.4009289741516113, ""job_density"": 0.49509844183921814, ""population"": 0.3913312256336212}",18.2,14.3,22.1,"{""net_additional_dwellings"": -2.977534770965576, ""job_density"": -0.29742828011512756, ""population"": 0.38515231013298035}",18.7,14.4,23.1,"{""net_additional_dwellings"": -3.1031179428100586, ""job_density"": 0.09211006760597229, ""population"": 0.7419590353965759}",Ealing,,220
S12000020,510711.8,456061.6,565361.9,"{""net_additional_dwellings"": -3639.7080078125, ""job_density"": -4750.11328125, ""population"": -1648.9464111328125}",558881.1,460891.6,656870.5,"{""net_additional_dwellings"": -10630.353515625, ""job_density"": -4193.54345703125, ""population"": -97.43923950195312}",562166.1,446427,677905.2,"{""net_additional_dwellings"": -24199.708984375, ""job_density"": 4421.615234375, ""population"": 12991.1826171875}",632241.5,477436.7,787046.3,"{""net_additional_dwellings"": -7004.07177734375, ""job_density"": -12257.0009765625, ""population"": -3569.10400390625}",657532.1,533473.2,781591,"{""net_additional_dwellings"": 2775.34033203125, ""job_density"": -8155.5693359375, ""population"": 4016.18994140625}",14.9,13,16.8,"{""net_additional_dwellings"": -0.015170231461524963, ""job_density"": -1.2144263982772827, ""population"": 0.21219655871391296}",15.9,13.6,18.2,"{""net_additional_dwellings"": -0.3568440079689026, ""job_density"": 0.6673344969749451, ""population"": 0.345695823431015}",16.4,13.3,19.6,"{""net_additional_dwellings"": -0.6291268467903137, ""job_density"": 0.6351509094238281, ""population"": 0.48150816559791565}",17.9,14,21.7,"{""net_additional_dwellings"": -1.9232295751571655, ""job_density"": 0.010119237005710602, ""population"": 0.3537437915802002}",18.2,14,22.4,"{""net_additional_dwellings"": -1.489035725593567, ""job_density"": 0.7898399233818054, ""population"": 0.68611741065979}",Enfield,,221
S12000021,537996.2,480426.4,595566,"{""net_additional_dwellings"": 109.14480590820312, ""job_density"": -2750.5224609375, ""population"": 375.0545654296875}",557330.1,459612.6,655047.6,"{""net_additional_dwellings"": -12075.248046875, ""job_density"": 2382.0185546875, ""population"": 3180.975830078125}",559512.3,444319.6,674705.1,"{""net_additional_dwellings"": -33029.203125, ""job_density"": 13193.5546875, ""population"": 13715.0087890625}",622636,470183.1,775088.9,"{""net_additional_dwellings"": -4889.85400390625, ""job_density"": -6203.9130859375, ""population"": 3136.439697265625}",636279.2,516230.2,756328.3,"{""net_additional_dwellings"": -632.167724609375, ""job_density"": -6463.92333984375, ""population"": 9109.5791015625}",15.3,13.4,17.3,"{""net_additional_dwellings"": -1.2208038568496704, ""job_density"": -0.7293864488601685, ""population"": 0.09021332114934921}",15.8,13.5,18.1,"{""net_additional_dwellings"": -0.7811840772628784, ""job_density"": 1.4319612979888916, ""population"": 0.3244495391845703}",16.7,13.5,20,"{""net_additional_dwellings"": -1.1732538938522339, ""job_density"": 1.3644990921020508, ""population"": 0.47305840253829956}",17.9,14.1,21.8,"{""net_additional_dwellings"": -2.6784276962280273, ""job_density"": 0.32367151975631714, ""population"": 0.4303244650363922}",18.2,14,22.5,"{""net_additional_dwellings"": -2.7001376152038574, ""job_density"": 1.389021873474121, ""population"": 0.7841300368309021}",Greenwich,,222
S12000023,611962.1,546477.3,677446.8,"{""net_additional_dwellings"": -8462.38671875, ""job_density"": -7708.205078125, ""population"": -3528.537841796875}",663474,547146.1,779801.9,"{""net_additional_dwellings"": -12017.4248046875, ""job_density"": -17927.6171875, ""population"": -2684.01318359375}",637855.6,506533.5,769177.7,"{""net_additional_dwellings"": -22230.44140625, ""job_density"": -8244.6123046875, ""population"": -8413.486328125}",660828.5,499024.2,822632.8,"{""net_additional_dwellings"": -6636.8896484375, ""job_density"": -15554.34765625, ""population"": -7337.935546875}",744182,603774.5,884589.5,"{""net_additional_dwellings"": -127.0274658203125, ""job_density"": -17366.4296875, ""population"": -1858.3427734375}",17.4,15.2,19.6,"{""net_additional_dwellings"": -0.869620144367218, ""job_density"": -0.3602824807167053, ""population"": 0.1183864027261734}",16,13.7,18.3,"{""net_additional_dwellings"": -0.5380387306213379, ""job_density"": -0.407074511051178, ""population"": 0.12405579537153244}",17.4,14,20.7,"{""net_additional_dwellings"": -0.9780471920967102, ""job_density"": -0.1915990710258484, ""population"": 0.4226899743080139}",19.1,15,23.2,"{""net_additional_dwellings"": -2.8694281578063965, ""job_density"": -0.23752731084823608, ""population"": 0.4663567841053009}",19.2,14.8,23.6,"{""net_additional_dwellings"": -2.475327730178833, ""job_density"": -0.07927267253398895, ""population"": 0.7496765851974487}",Hackney,,223
S12000026,778862.1,695517.8,862206.5,"{""net_additional_dwellings"": -21976.45703125, ""job_density"": -2521.58349609375, ""population"": 2896.389892578125}",816568.5,673398.3,959738.7,"{""net_additional_dwellings"": -31511.421875, ""job_density"": -9781.3857421875, ""population"": 6146.4287109375}",821719.2,652543.1,990895.3,"{""net_additional_dwellings"": -44274.09375, ""job_density"": -5536.08642578125, ""population"": 18730.6953125}",839436.6,633900,1044973.3,"{""net_additional_dwellings"": -14225.390625, ""job_density"": 11365.30078125, ""population"": 4556.7197265625}",822756.4,667524,977988.7,"{""net_additional_dwellings"": -11106.9580078125, ""job_density"": -4062.598876953125, ""population"": 9636.4140625}",18.8,16.4,21.2,"{""net_additional_dwellings"": -1.737992286682129, ""job_density"": -0.5426176190376282, ""population"": 0.09383595734834671}",18.3,15.6,20.9,"{""net_additional_dwellings"": -1.1456501483917236, ""job_density"": -0.6955386400222778, ""population"": 0.2524513006210327}",18.7,15.1,22.2,"{""net_additional_dwellings"": -1.2120060920715332, ""job_density"": -0.3946402072906494, ""population"": 0.2933613657951355}",18.5,14.5,22.5,"{""net_additional_dwellings"": -3.630992889404297, ""job_density"": -0.7031044960021973, ""population"": 0.2124675065279007}",18.3,14.1,22.5,"{""net_additional_dwellings"": -3.5952725410461426, ""job_density"": -0.8960666656494141, ""population"": 0.8237171769142151}",Hammersmith and Fulham,,224
S12000027,606259.1,541384.6,671133.6,"{""net_additional_dwellings"": -7586.919921875, ""job_density"": -6168.3720703125, ""population"": -3784.82421875}",664718.6,548172.5,781264.7,"{""net_additional_dwellings"": -15065.6640625, ""job_density"": -4182.646484375, ""population"": -1015.2135009765625}",628394.6,499020.3,757768.9,"{""net_additional_dwellings"": -22276.822265625, ""job_density"": 13571.7314453125, ""population"": -14469.490234375}",667310.1,503918.8,830701.5,"{""net_additional_dwellings"": -8735.52734375, ""job_density"": -7426.8994140625, ""population"": -4924.7294921875}",722975.1,586568.8,859381.3,"{""net_additional_dwellings"": -4.64825439453125, ""job_density"": -11170.767578125, ""population"": -2486.47998046875}",17.9,15.6,20.1,"{""net_additional_dwellings"": -1.3008701801300049, ""job_density"": -0.26047712564468384, ""population"": 0.14698916673660278}",17.3,14.8,19.8,"{""net_additional_dwellings"": -0.7706129550933838, ""job_density"": 1.5418578386306763, ""population"": 0.20251022279262543}",17.4,14.1,20.8,"{""net_additional_dwellings"": -1.0944197177886963, ""job_density"": 1.5239455699920654, ""population"": 0.38057902455329895}",18.3,14.3,22.2,"{""net_additional_dwellings"": -2.8262624740600586, ""job_density"": 0.4172953963279724, ""population"": 0.3059697151184082}",18.4,14.2,22.7,"{""net_additional_dwellings"": -2.5511865615844727, ""job_density"": 1.5285183191299438, ""population"": 0.7212437987327576}",Haringey,,225
S12000028,551601.2,492575.5,610626.8,"{""net_additional_dwellings"": -7025.166015625, ""job_density"": -4955.64990234375, ""population"": 903.6331176757812}",575398.4,474513,676283.9,"{""net_additional_dwellings"": -10759.708984375, ""job_density"": 859.1103515625, ""population"": 1650.6517333984375}",576599,457888.4,695309.6,"{""net_additional_dwellings"": 4896.70947265625, ""job_density"": 13215.935546875, ""population"": 5383.99267578125}",643058.4,485605.1,800511.7,"{""net_additional_dwellings"": -1083.9951171875, ""job_density"": -8943.8046875, ""population"": -920.5952758789062}",688098.4,558272.5,817924.4,"{""net_additional_dwellings"": 3482.15087890625, ""job_density"": -7137.8642578125, ""population"": 5855.8037109375}",15.7,13.7,17.7,"{""net_additional_dwellings"": -0.8321181535720825, ""job_density"": -0.7779748439788818, ""population"": 0.12117826193571091}",17.1,14.7,19.6,"{""net_additional_dwellings"": -1.0381877422332764, ""job_density"": 1.350632905960083, ""population"": 0.2119106501340866}",18,14.6,21.5,"{""net_additional_dwellings"": -0.26392441987991333, ""job_density"": 1.232806921005249, ""population"": 0.3777804970741272}",19.7,15.4,23.9,"{""net_additional_dwellings"": -2.9302475452423096, ""job_density"": 0.2997593283653259, ""population"": 0.43282371759414673}",19.3,14.9,23.8,"{""net_additional_dwellings"": -1.568743348121643, ""job_density"": 1.2567992210388184, ""population"": 0.735457718372345}",Harrow,,226
S12000029,454942.5,406260.1,503624.9,"{""net_additional_dwellings"": -7438.63623046875, ""job_density"": -3571.13427734375, ""population"": 3167.648681640625}",461291.3,380412.5,542170.2,"{""net_additional_dwellings"": -12231.396484375, ""job_density"": -2737.936767578125, ""population"": 5952.849609375}",525933.1,417653.7,634212.6,"{""net_additional_dwellings"": -7574.3486328125, ""job_density"": 13674.8974609375, ""population"": 14588.029296875}",586006.8,442522.6,729491,"{""net_additional_dwellings"": -5797.630859375, ""job_density"": -4416.6025390625, ""population"": 3964.7978515625}",615603.7,499455.6,731751.8,"{""net_additional_dwellings"": 880.0911865234375, ""job_density"": -5130.44384765625, ""population"": 10695.5205078125}",13.3,11.6,15,"{""net_additional_dwellings"": -0.7460260987281799, ""job_density"": -0.8243041038513184, ""population"": 0.12531855702400208}",14.2,12.1,16.2,"{""net_additional_dwellings"": -0.872401773929596, ""job_density"": 0.8395135998725891, ""population"": 0.334605872631073}",15.1,12.2,18,"{""net_additional_dwellings"": -0.9214928150177002, ""job_density"": 0.9394320249557495, ""population"": 0.49089515209198}",16.3,12.8,19.7,"{""net_additional_dwellings"": -2.8110756874084473, ""job_density"": 0.1426813006401062, ""population"": 0.33884397149086}",17.8,13.7,21.9,"{""net_additional_dwellings"": -1.7321480512619019, ""job_density"": 0.5109798312187195, ""population"": 0.7721154689788818}",Havering,,227
S12000030,514427.5,459379.8,569475.3,"{""net_additional_dwellings"": -1556.695556640625, ""job_density"": -7469.7998046875, ""population"": -25.442298889160156}",548281.4,452150.4,644412.4,"{""net_additional_dwellings"": -7810.2177734375, ""job_density"": -13538.9501953125, ""population"": 649.1691284179688}",580379.4,460890.5,699868.3,"{""net_additional_dwellings"": -15351.5361328125, ""job_density"": 3925.29638671875, ""population"": 14713.353515625}",657680.3,496646.8,818713.8,"{""net_additional_dwellings"": -2289.7490234375, ""job_density"": -4677.66650390625, ""population"": -5057.65478515625}",679580.2,551361.4,807799.1,"{""net_additional_dwellings"": 3998.75634765625, ""job_density"": -9490.6943359375, ""population"": 6844.4130859375}",13.9,12.2,15.7,"{""net_additional_dwellings"": -0.7391274571418762, ""job_density"": -1.135251522064209, ""population"": 0.124857597053051}",14.8,12.7,16.9,"{""net_additional_dwellings"": -0.4211832284927368, ""job_density"": -1.2201259136199951, ""population"": 0.33955955505371094}",15.9,12.8,19,"{""net_additional_dwellings"": -0.9535600543022156, ""job_density"": -0.4600432515144348, ""population"": 0.5081889033317566}",17.5,13.7,21.3,"{""net_additional_dwellings"": -2.964822769165039, ""job_density"": -0.8930419683456421, ""population"": 0.4509529769420624}",17.9,13.7,22,"{""net_additional_dwellings"": -2.216243028640747, ""job_density"": -0.8707302808761597, ""population"": 0.7734405994415283}",Hillingdon,,228
S12000033,540298.4,482482.2,598114.5,"{""net_additional_dwellings"": -12820.2734375, ""job_density"": -6477.0087890625, ""population"": 36.966758728027344}",563491.6,464693.8,662289.4,"{""net_additional_dwellings"": -10048.1416015625, ""job_density"": -10612.54296875, ""population"": 457.12030029296875}",563485.1,447474.4,679495.7,"{""net_additional_dwellings"": -31243.142578125, ""job_density"": -7598.51025390625, ""population"": 13477.1103515625}",597057.2,450867.4,743247.1,"{""net_additional_dwellings"": -15137.361328125, ""job_density"": -8934.5146484375, ""population"": 1621.4320068359375}",673257.6,546231.7,800283.5,"{""net_additional_dwellings"": -1512.579345703125, ""job_density"": -12891.123046875, ""population"": 5364.33837890625}",13.5,11.8,15.2,"{""net_additional_dwellings"": -1.5958307981491089, ""job_density"": -1.0139305591583252, ""population"": 0.0909695252776146}",14,12,16,"{""net_additional_dwellings"": -0.9676679372787476, ""job_density"": -0.659942626953125, ""population"": 0.3070203959941864}",15.2,12.3,18.1,"{""net_additional_dwellings"": -1.039924144744873, ""job_density"": -0.4381493031978607, ""population"": 0.49353161454200745}",17.8,13.9,21.6,"{""net_additional_dwellings"": -3.2279062271118164, ""job_density"": -0.8600324392318726, ""population"": 0.47107064723968506}",16.6,12.8,20.5,"{""net_additional_dwellings"": -3.018669843673706, ""job_density"": -0.7664182782173157, ""population"": 0.7567271590232849}",Hounslow,,229
S12000034,756251.9,675327.1,837176.8,"{""net_additional_dwellings"": -3317.951416015625, ""job_density"": 19773.57421875, ""population"": -2162.0400390625}",758654.4,625638.4,891670.4,"{""net_additional_dwellings"": -23016.859375, ""job_density"": 9313.7333984375, ""population"": -6651.169921875}",848241.5,673605,1022878,"{""net_additional_dwellings"": 18108.912109375, ""job_density"": 17575.94921875, ""population"": 4586.701171875}",818133.2,617812.7,1018453.7,"{""net_additional_dwellings"": 1802.422119140625, ""job_density"": 20579.43359375, ""population"": -10673.955078125}",788796.2,639971.2,937621.2,"{""net_additional_dwellings"": 4163.18896484375, ""job_density"": 15603.8876953125, ""population"": -4262.97998046875}",17,14.8,19.2,"{""net_additional_dwellings"": -0.8643354773521423, ""job_density"": -0.311573326587677, ""population"": 0.1484060436487198}",19,16.3,21.8,"{""net_additional_dwellings"": -0.8145884275436401, ""job_density"": -0.7583644390106201, ""population"": 0.07826077938079834}",17.7,14.3,21.1,"{""net_additional_dwellings"": -0.6929957866668701, ""job_density"": -0.5547566413879395, ""population"": 0.3102702498435974}",19.3,15.2,23.5,"{""net_additional_dwellings"": -2.239367723464966, ""job_density"": -0.5195121765136719, ""population"": -0.017513584345579147}",18.1,13.9,22.3,"{""net_additional_dwellings"": -0.5389267206192017, ""job_density"": -0.8993558883666992, ""population"": 0.7423160672187805}",Islington,,230
S12000035,1480269,1321868.6,1638669.4,"{""net_additional_dwellings"": 18835.880859375, ""job_density"": 10023.28125, ""population"": 67384.265625}",1452243.8,1197619.7,1706867.8,"{""net_additional_dwellings"": 12957.2138671875, ""job_density"": 9335.6181640625, ""population"": 33664.4609375}",1449619.5,1151170.9,1748068.1,"{""net_additional_dwellings"": 53585.9375, ""job_density"": 7189.0458984375, ""population"": 14244.412109375}",1483203.5,1120040.1,1846366.9,"{""net_additional_dwellings"": 13426.849609375, ""job_density"": 14471.384765625, ""population"": 8148.11376953125}",1470406.1,1192979.4,1747832.9,"{""net_additional_dwellings"": 7059.3076171875, ""job_density"": 16100.5390625, ""population"": 11776.90234375}",37.7,32.9,42.5,"{""net_additional_dwellings"": -0.6827247738838196, ""job_density"": -0.3162626624107361, ""population"": 1.4740439653396606}",37.4,32,42.8,"{""net_additional_dwellings"": 1.3663873672485352, ""job_density"": -0.8340483903884888, ""population"": 0.5969554781913757}",36.8,29.7,43.8,"{""net_additional_dwellings"": 0.6924822926521301, ""job_density"": -0.5147008895874023, ""population"": 0.20315127074718475}",37.7,29.6,45.9,"{""net_additional_dwellings"": -0.5204662084579468, ""job_density"": -0.8593693971633911, ""population"": 0.414323627948761}",38.2,29.4,47.1,"{""net_additional_dwellings"": 0.9089835286140442, ""job_density"": -0.980483889579773, ""population"": 0.6769277453422546}",Kensington and Chelsea,,231
S12000036,621476.6,554973.7,687979.4,"{""net_additional_dwellings"": 2173.531005859375, ""job_density"": -7579.58056640625, ""population"": 1467.5733642578125}",612077.3,504760.9,719393.7,"{""net_additional_dwellings"": 4008.6767578125, ""job_density"": -20613.013671875, ""population"": 6930.125}",667919.4,530407.8,805431.1,"{""net_additional_dwellings"": 19122.71875, ""job_density"": -7975.5791015625, ""population"": 17488.5625}",657197.1,496281.9,818112.2,"{""net_additional_dwellings"": 5815.81787109375, ""job_density"": -15730.4482421875, ""population"": 1670.5491943359375}",725584.8,588686.1,862483.4,"{""net_additional_dwellings"": 3960.162353515625, ""job_density"": -12290.2421875, ""population"": 7191.30908203125}",16.8,14.6,18.9,"{""net_additional_dwellings"": -0.8239953517913818, ""job_density"": -0.7194973230361938, ""population"": 0.08072177320718765}",17,14.5,19.4,"{""net_additional_dwellings"": -0.2507484555244446, ""job_density"": -0.3031238317489624, ""population"": 0.25252848863601685}",17.5,14.2,20.9,"{""net_additional_dwellings"": -0.8824051022529602, ""job_density"": -0.5934234857559204, ""population"": 0.2518593370914459}",20.1,15.8,24.5,"{""net_additional_dwellings"": -1.088536024093628, ""job_density"": -0.8213230967521667, ""population"": 0.40889599919319153}",20.2,15.6,24.9,"{""net_additional_dwellings"": -0.3508860170841217, ""job_density"": -0.20232999324798584, ""population"": 0.9537337422370911}",Kingston upon Thames,,232
S12000038,599896.6,535702.9,664090.2,"{""net_additional_dwellings"": -8399.189453125, ""job_density"": -10874.3212890625, ""population"": -5899.64892578125}",616987.2,508809.9,725164.5,"{""net_additional_dwellings"": -10223.1982421875, ""job_density"": -11283.6748046875, ""population"": -6310.4912109375}",630557.1,500737.6,760376.6,"{""net_additional_dwellings"": 16261.59375, ""job_density"": -8787.83203125, ""population"": -10903.90234375}",669429.2,505519,833339.4,"{""net_additional_dwellings"": 1207.2138671875, ""job_density"": -14112.6884765625, ""population"": -11802.92578125}",685507.7,556170.5,814844.9,"{""net_additional_dwellings"": 2923.203369140625, ""job_density"": -12764.78515625, ""population"": 1833.728759765625}",15.1,13.1,17,"{""net_additional_dwellings"": -1.1601111888885498, ""job_density"": -1.1019201278686523, ""population"": 0.0530308373272419}",16.2,13.8,18.5,"{""net_additional_dwellings"": -1.0198055505752563, ""job_density"": 0.0642222985625267, ""population"": 0.17011936008930206}",16.5,13.4,19.7,"{""net_additional_dwellings"": -0.45151105523109436, ""job_density"": -0.49832290410995483, ""population"": 0.42463216185569763}",18.8,14.8,22.8,"{""net_additional_dwellings"": -1.9840190410614014, ""job_density"": -0.36092138290405273, ""population"": 0.3971918821334839}",19.2,14.7,23.6,"{""net_additional_dwellings"": -1.8695321083068848, ""job_density"": -0.31022292375564575, ""population"": 0.719588577747345}",Lambeth,,233
S12000039,533976.1,476836.5,591115.8,"{""net_additional_dwellings"": 8456.04296875, ""job_density"": -1217.957275390625, ""population"": 8.676765441894531}",543812.2,448464.8,639159.6,"{""net_additional_dwellings"": 4340.15576171875, ""job_density"": 4759.07958984375, ""population"": 835.0093383789062}",591203.4,469486.1,712920.8,"{""net_additional_dwellings"": 32639.43359375, ""job_density"": 58834.88671875, ""population"": 9185.998046875}",673768.4,508795.8,838741.1,"{""net_additional_dwellings"": 5895.853515625, ""job_density"": 2480.17578125, ""population"": 172.02052307128906}",691094.9,560703.6,821486.3,"{""net_additional_dwellings"": 4615.9755859375, ""job_density"": -3116.69287109375, ""population"": 6715.96337890625}",15.4,13.5,17.4,"{""net_additional_dwellings"": -0.69195955991745, ""job_density"": 0.19250303506851196, ""population"": 0.16454674303531647}",17.3,14.8,19.8,"{""net_additional_dwellings"": 0.19987043738365173, ""job_density"": 2.5113720893859863, ""population"": 0.3656090795993805}",18.3,14.8,21.9,"{""net_additional_dwellings"": -0.09562590718269348, ""job_density"": 2.676065444946289, ""population"": 0.555070161819458}",19.2,15.1,23.3,"{""net_additional_dwellings"": -1.2623109817504883, ""job_density"": 1.7435036897659302, ""population"": 0.3784993886947632}",19.6,15.1,24.2,"{""net_additional_dwellings"": -0.6669033169746399, ""job_density"": 2.3528404235839844, ""population"": 0.7286468744277954}",Lewisham,,234
S12000040,639054.8,570670.9,707438.7,"{""net_additional_dwellings"": 6413.0205078125, ""job_density"": -10609.8515625, ""population"": 1084.14892578125}",627825.6,517748,737903.2,"{""net_additional_dwellings"": -4746.89794921875, ""job_density"": -17622.99609375, ""population"": 5146.3955078125}",666599.9,529359.9,803840,"{""net_additional_dwellings"": -31702.482421875, ""job_density"": -3976.044921875, ""population"": 16718.408203125}",676735.2,511036.1,842434.4,"{""net_additional_dwellings"": -9273.23828125, ""job_density"": -23846.40625, ""population"": 2194.738037109375}",732665.3,594430.7,870899.9,"{""net_additional_dwellings"": 1358.339599609375, ""job_density"": -15850.091796875, ""population"": 6067.40234375}",16.3,14.2,18.4,"{""net_additional_dwellings"": 0.12278740853071213, ""job_density"": -1.2671120166778564, ""population"": 0.13070276379585266}",16.5,14.1,18.9,"{""net_additional_dwellings"": 0.08167492598295212, ""job_density"": 0.3510248064994812, ""population"": 0.29985642433166504}",17.8,14.4,21.2,"{""net_additional_dwellings"": -0.20791023969650269, ""job_density"": -0.22706344723701477, ""population"": 0.3786255121231079}",19.3,15.2,23.5,"{""net_additional_dwellings"": -0.93980473279953, ""job_density"": -0.6088346242904663, ""population"": 0.14211267232894897}",19.4,14.9,23.9,"{""net_additional_dwellings"": -0.6995484232902527, ""job_density"": -0.3233446478843689, ""population"": 0.7876290082931519}",Merton,,235
S12000041,435935.6,389287.1,482584.2,"{""net_additional_dwellings"": -14659.43359375, ""job_density"": -3877.94091796875, ""population"": -211.5877685546875}",447064.4,368680,525448.9,"{""net_additional_dwellings"": -25872.24609375, ""job_density"": 1235.64404296875, ""population"": 3910.53271484375}",481720.8,382543.8,580897.8,"{""net_additional_dwellings"": -48729.28125, ""job_density"": 20744.486328125, ""population"": 14223.912109375}",532497.7,402115.3,662880.1,"{""net_additional_dwellings"": -18861.197265625, ""job_density"": -3293.727783203125, ""population"": 311.0694580078125}",571102.2,463350.3,678854.1,"{""net_additional_dwellings"": -10290.11328125, ""job_density"": -3433.314453125, ""population"": 5452.8544921875}",12.8,11.1,14.4,"{""net_additional_dwellings"": -1.5891249179840088, ""job_density"": -0.6260076761245728, ""population"": 0.13477225601673126}",13,11.2,14.9,"{""net_additional_dwellings"": -1.5596034526824951, ""job_density"": 1.3845752477645874, ""population"": 0.2762297987937927}",14.5,11.7,17.3,"{""net_additional_dwellings"": -1.4840006828308105, ""job_density"": 1.5856726169586182, ""population"": 0.40910813212394714}",14.8,11.6,18,"{""net_additional_dwellings"": -3.1750569343566895, ""job_density"": 0.44004520773887634, ""population"": 0.29473721981048584}",17,13.1,21,"{""net_additional_dwellings"": -3.5300910472869873, ""job_density"": 1.1487029790878296, ""population"": 0.7360000014305115}",Newham,,236
S12000042,507086.2,452824,561348.4,"{""net_additional_dwellings"": -7694.146484375, ""job_density"": -5585.234375, ""population"": 777.3406982421875}",537120.2,442946.2,631294.3,"{""net_additional_dwellings"": -1075.2568359375, ""job_density"": 2990.8486328125, ""population"": 1800.7841796875}",574219.6,455998.9,692440.3,"{""net_additional_dwellings"": 26059.224609375, ""job_density"": 34026.671875, ""population"": 11345.123046875}",633318.6,478250.1,788387.1,"{""net_additional_dwellings"": 5557.71142578125, ""job_density"": -2861.25537109375, ""population"": -932.51025390625}",639242.3,518634.2,759850.4,"{""net_additional_dwellings"": 4727.546875, ""job_density"": -5405.9755859375, ""population"": 7281.47119140625}",15.9,13.9,17.9,"{""net_additional_dwellings"": -1.1070348024368286, ""job_density"": -0.17863371968269348, ""population"": 0.15606622397899628}",16.6,14.2,19.1,"{""net_additional_dwellings"": -0.5922184586524963, ""job_density"": 2.081523895263672, ""population"": 0.4136718809604645}",17.2,13.9,20.5,"{""net_additional_dwellings"": -0.6425686478614807, ""job_density"": 2.0303592681884766, ""population"": 0.5691167712211609}",18.1,14.2,22,"{""net_additional_dwellings"": -1.6615792512893677, ""job_density"": 0.6076611280441284, ""population"": 0.4654671549797058}",18.6,14.3,22.9,"{""net_additional_dwellings"": -0.6616538763046265, ""job_density"": 1.6460988521575928, ""population"": 0.7020845413208008}",Redbridge,,237
S12000045,748067.6,668018.5,828116.7,"{""net_additional_dwellings"": 14752.5458984375, ""job_density"": -21168.046875, ""population"": -805.9486083984375}",762953.9,629184,896723.7,"{""net_additional_dwellings"": 15708.45703125, ""job_density"": -42558.85546875, ""population"": 3641.276611328125}",800804.9,635934.7,965675.2,"{""net_additional_dwellings"": 54274.140625, ""job_density"": -22424.720703125, ""population"": 15099.9111328125}",798474,602967.1,993980.9,"{""net_additional_dwellings"": 8222.4033203125, ""job_density"": -24132.8046875, ""population"": 1539.781494140625}",792120.6,642668.4,941572.8,"{""net_additional_dwellings"": 1487.485595703125, ""job_density"": -23541.765625, ""population"": 5952.955078125}",19.6,17.1,22.1,"{""net_additional_dwellings"": 0.20470835268497467, ""job_density"": -1.1263978481292725, ""population"": 0.20751716196537018}",19.8,16.9,22.7,"{""net_additional_dwellings"": 2.2725658416748047, ""job_density"": -0.2322254329919815, ""population"": 0.416816771030426}",19.3,15.6,23,"{""net_additional_dwellings"": 1.6933326721191406, ""job_density"": -0.6852453947067261, ""population"": 0.32622966170310974}",18.4,14.4,22.4,"{""net_additional_dwellings"": 0.4265924394130707, ""job_density"": -0.7279407382011414, ""population"": 0.15569742023944855}",19.8,15.2,24.4,"{""net_additional_dwellings"": 1.4397344589233398, ""job_density"": -0.02771669626235962, ""population"": 0.7312817573547363}",Richmond upon Thames,,238
S12000047,586912.9,524108.7,649717.2,"{""net_additional_dwellings"": -11964.96484375, ""job_density"": -375.54931640625, ""population"": -7853.3349609375}",602529.9,496887.4,708172.3,"{""net_additional_dwellings"": -26745.296875, ""job_density"": -6693.4599609375, ""population"": -12842.6689453125}",665440.8,528439.4,802442.1,"{""net_additional_dwellings"": -26327.46875, ""job_density"": 2150.4990234375, ""population"": -16500.337890625}",655908.1,495308.5,816507.6,"{""net_additional_dwellings"": -12985.638671875, ""job_density"": 2987.0283203125, ""population"": -17888.5625}",705120,572082.5,838157.5,"{""net_additional_dwellings"": 487.6104736328125, ""job_density"": 3544.0234375, ""population"": -6933.2001953125}",14,12.2,15.8,"{""net_additional_dwellings"": -1.458665132522583, ""job_density"": -0.32682642340660095, ""population"": 0.014200661331415176}",15.5,13.3,17.7,"{""net_additional_dwellings"": -0.6566551923751831, ""job_density"": -0.7436217069625854, ""population"": 0.08973729610443115}",16.5,13.3,19.6,"{""net_additional_dwellings"": -1.261781930923462, ""job_density"": -0.48662349581718445, ""population"": 0.3794025182723999}",17.9,14,21.7,"{""net_additional_dwellings"": -2.6655051708221436, ""job_density"": -0.678240954875946, ""population"": 0.4535997211933136}",17.5,13.5,21.6,"{""net_additional_dwellings"": -3.245584011077881, ""job_density"": -1.3549084663391113, ""population"": 0.6644548177719116}",Southwark,,239
S12000048,490621.3,438121,543121.6,"{""net_additional_dwellings"": 595.1552734375, ""job_density"": -969.655029296875, ""population"": 1608.3953857421875}",493422.2,406909.7,579934.6,"{""net_additional_dwellings"": 3544.5693359375, ""job_density"": -7206.3935546875, ""population"": 3454.441650390625}",538365.8,427526.7,649204.9,"{""net_additional_dwellings"": 5802.5625, ""job_density"": 14268.87109375, ""population"": 11921.404296875}",628867.8,474889,782846.5,"{""net_additional_dwellings"": 1131.65673828125, ""job_density"": -7965.94677734375, ""population"": 5214.013671875}",639711,519014.5,760407.5,"{""net_additional_dwellings"": -397.560302734375, ""job_density"": -3022.591552734375, ""population"": 10856.0087890625}",14,12.2,15.8,"{""net_additional_dwellings"": -0.2769440710544586, ""job_density"": -0.8645358085632324, ""population"": 0.2056766152381897}",15.1,12.9,17.3,"{""net_additional_dwellings"": 0.41352391242980957, ""job_density"": 0.9399397373199463, ""population"": 0.2792533040046692}",16,12.9,19.1,"{""net_additional_dwellings"": -0.5629438161849976, ""job_density"": 0.6578019857406616, ""population"": 0.35061952471733093}",16.3,12.8,19.9,"{""net_additional_dwellings"": -1.1133885383605957, ""job_density"": 0.17875683307647705, ""population"": 0.10732975602149963}",18.4,14.2,22.7,"{""net_additional_dwellings"": -0.00944286584854126, ""job_density"": 0.21627767384052277, ""population"": 0.7796491384506226}",Sutton,,240
S12000049,545065.5,486739.2,603391.8,"{""net_additional_dwellings"": -28193.875, ""job_density"": -1360.43994140625, ""population"": -3364.999267578125}",562213.8,463640,660787.5,"{""net_additional_dwellings"": -36127.609375, ""job_density"": -6061.44677734375, ""population"": -6184.33837890625}",628162.7,498836.2,757489.2,"{""net_additional_dwellings"": -55380.41015625, ""job_density"": 10691.23828125, ""population"": 4605.9443359375}",570343.8,430694.7,709992.8,"{""net_additional_dwellings"": -34592.9453125, ""job_density"": 495.10498046875, ""population"": -6719.69140625}",643188.1,521835.5,764540.7,"{""net_additional_dwellings"": -17257.154296875, ""job_density"": 323.88818359375, ""population"": 2712.684814453125}",11.1,9.7,12.6,"{""net_additional_dwellings"": -1.6999815702438354, ""job_density"": -0.5273630023002625, ""population"": 0.004816751927137375}",11.2,9.6,12.8,"{""net_additional_dwellings"": -1.9780625104904175, ""job_density"": -0.767011284828186, ""population"": 0.15845507383346558}",13.1,10.6,15.6,"{""net_additional_dwellings"": -2.1610240936279297, ""job_density"": -0.6156340837478638, ""population"": 0.39090201258659363}",15.7,12.3,19.1,"{""net_additional_dwellings"": -3.3323707580566406, ""job_density"": -0.8914837837219238, ""population"": 0.4222148656845093}",16.2,12.4,19.9,"{""net_additional_dwellings"": -4.036476135253906, ""job_density"": -1.5383752584457397, ""population"": 0.6314720511436462}",Tower Hamlets,,241
S12000050,531608.2,474721.9,588494.4,"{""net_additional_dwellings"": -7545.81689453125, ""job_density"": -4486.4189453125, ""population"": -341.7937927246094}",554395.6,457192.6,651598.6,"{""net_additional_dwellings"": -10664.7255859375, ""job_density"": 1007.534912109375, ""population"": 1057.1158447265625}",569671.1,452386.8,686955.3,"{""net_additional_dwellings"": -31851.421875, ""job_density"": 31529.26953125, ""population"": 11692.279296875}",618732.9,467235.7,770230.1,"{""net_additional_dwellings"": -10591.736328125, ""job_density"": -7216.490234375, ""population"": 331.1548767089844}",692595.8,561921.3,823270.3,"{""net_additional_dwellings"": -59.70843505859375, ""job_density"": -5813.61474609375, ""population"": 5374.46435546875}",16,13.9,18,"{""net_additional_dwellings"": -1.3500382900238037, ""job_density"": -0.1920616626739502, ""population"": 0.14684773981571198}",16.8,14.4,19.3,"{""net_additional_dwellings"": -0.8455889225006104, ""job_density"": 1.7747998237609863, ""population"": 0.31082430481910706}",17.8,14.4,21.3,"{""net_additional_dwellings"": -0.9986268281936646, ""job_density"": 1.6823844909667969, ""population"": 0.5121139883995056}",19.2,15.1,23.3,"{""net_additional_dwellings"": -2.865612506866455, ""job_density"": 0.44387516379356384, ""population"": 0.34354081749916077}",19.6,15.1,24.1,"{""net_additional_dwellings"": -2.701079845428467, ""job_density"": 1.885284185409546, ""population"": 0.7291951179504395}",Waltham Forest,,242
W06000001,710772.4,634714.2,786830.7,"{""net_additional_dwellings"": -6907.3232421875, ""job_density"": -22622.8671875, ""population"": -5280.1806640625}",708909.8,584615.6,833203.9,"{""net_additional_dwellings"": -21641.205078125, ""job_density"": -15577.4716796875, ""population"": -1582.139892578125}",676442.6,537176.1,815709,"{""net_additional_dwellings"": -43765.12890625, ""job_density"": 1112.03125, ""population"": -13262.486328125}",700734.1,529158.8,872309.3,"{""net_additional_dwellings"": -18617.4296875, ""job_density"": -8065.75927734375, ""population"": -8787.33203125}",711160.3,576983.2,845337.5,"{""net_additional_dwellings"": -4175.29736328125, ""job_density"": -12622.30078125, ""population"": -3967.615966796875}",18.8,16.4,21.2,"{""net_additional_dwellings"": -1.4219670295715332, ""job_density"": -0.7539593577384949, ""population"": 0.11033419519662857}",18.8,16.1,21.5,"{""net_additional_dwellings"": -1.2152222394943237, ""job_density"": 0.9844192266464233, ""population"": 0.09288597106933594}",17.3,13.9,20.6,"{""net_additional_dwellings"": -1.7999801635742188, ""job_density"": 0.8479971885681152, ""population"": 0.3298109471797943}",18.4,14.5,22.4,"{""net_additional_dwellings"": -2.80047869682312, ""job_density"": 0.12720367312431335, ""population"": 0.2949307858943939}",19.4,14.9,23.8,"{""net_additional_dwellings"": -3.1472177505493164, ""job_density"": 0.82659912109375, ""population"": 0.7682233452796936}",Wandsworth,,243
W06000002,1084794.9,968713.3,1200876.4,"{""net_additional_dwellings"": -15632.65234375, ""job_density"": 17012.38671875, ""population"": -54498.44921875}",1100158.4,907266,1293050.8,"{""net_additional_dwellings"": -32367.904296875, ""job_density"": 20625.845703125, ""population"": -13543.0546875}",1078057.6,856106.4,1300008.8,"{""net_additional_dwellings"": -44619.94140625, ""job_density"": 13221.3623046875, ""population"": 5052.69189453125}",1100857.1,831311.5,1370402.8,"{""net_additional_dwellings"": -28266.333984375, ""job_density"": 21434.681640625, ""population"": 4803.703125}",1145383.4,929279.8,1361486.9,"{""net_additional_dwellings"": 1301.93505859375, ""job_density"": 26611.451171875, ""population"": 12169.705078125}",21.1,18.4,23.8,"{""net_additional_dwellings"": -1.209378957748413, ""job_density"": -0.9783276319503784, ""population"": -0.811553955078125}",22.4,19.1,25.6,"{""net_additional_dwellings"": -0.8438419699668884, ""job_density"": -0.4717532694339752, ""population"": -0.090789794921875}",21.6,17.5,25.8,"{""net_additional_dwellings"": -1.8683252334594727, ""job_density"": -0.07223762571811676, ""population"": 0.30226370692253113}",22.7,17.8,27.6,"{""net_additional_dwellings"": -3.3155555725097656, ""job_density"": -0.591124415397644, ""population"": 0.13082636892795563}",23,17.7,28.4,"{""net_additional_dwellings"": -2.8901820182800293, ""job_density"": -0.9793165326118469, ""population"": 0.9227617383003235}",Westminster,,244
